key,shape,cosine,conflict_frac,logs_l2,qa_l2,logs_zero_frac,qa_zero_frac,logs_abs_mean,qa_abs_mean,seed
base_model.model.model.layers.0.mlp.down_proj.lora_A.weight,"(16, 9728)",0.831959180299619,0.1462466567754745,2.470010757446289,2.6180922985076904,0.0,0.0,0.0053171254694461,0.0055560483597218,123
base_model.model.model.layers.0.mlp.down_proj.lora_B.weight,"(2560, 16)",0.0142408604113718,0.49169921875,0.3518325686454773,0.497237890958786,0.0,0.0,0.0013785550836473,0.0019963714294135,123
base_model.model.model.layers.0.mlp.gate_proj.lora_A.weight,"(16, 2560)",0.9541775327761414,0.0745117217302322,2.332105159759521,2.426281452178955,0.0,0.0,0.0099355308338999,0.0102454870939254,123
base_model.model.model.layers.0.mlp.gate_proj.lora_B.weight,"(9728, 16)",0.0088734091121671,0.4977513253688812,0.6891112327575684,0.954318344593048,0.0,0.0,0.0013783029280602,0.0019547911360859,123
base_model.model.model.layers.0.mlp.up_proj.lora_A.weight,"(16, 2560)",0.9541340841167684,0.0738525390625,2.331880807876587,2.4358747005462646,0.0,0.0,0.0099507449194788,0.0102897891774773,123
base_model.model.model.layers.0.mlp.up_proj.lora_B.weight,"(9728, 16)",0.0065301850042105,0.4969353973865509,0.6813833713531494,0.9627370238304138,0.0,0.0,0.0013660152908414,0.0019712327048182,123
base_model.model.model.layers.0.self_attn.k_proj.lora_A.weight,"(16, 2560)",0.9278124935665724,0.0925781279802322,2.387389659881592,2.4351634979248047,0.0,0.0,0.010133552365005,0.010294527746737,123
base_model.model.model.layers.0.self_attn.k_proj.lora_B.weight,"(1024, 16)",0.0008154627919919,0.49932861328125,0.2528130412101745,0.3415530323982239,0.0,0.0,0.0015444946475327,0.0021446887403726,123
base_model.model.model.layers.0.self_attn.o_proj.lora_A.weight,"(16, 4096)",0.9204652018990418,0.096466064453125,2.3518097400665283,2.4771015644073486,0.0,0.0,0.0079149771481752,0.0082223042845726,123
base_model.model.model.layers.0.self_attn.o_proj.lora_B.weight,"(2560, 16)",0.0288371477680813,0.4870117306709289,0.335489422082901,0.5243002772331238,0.0,0.0,0.0013176928041502,0.0020975756924599,123
base_model.model.model.layers.0.self_attn.q_proj.lora_A.weight,"(16, 2560)",0.956051025848887,0.06689453125,2.356607675552368,2.4006521701812744,0.0,0.0,0.0100481649860739,0.0101916389539837,123
base_model.model.model.layers.0.self_attn.q_proj.lora_B.weight,"(4096, 16)",-0.0015112646778705,0.5037994384765625,0.5380479693412781,0.6422959566116333,0.0,0.0,0.0016418125014752,0.0020276624709367,123
base_model.model.model.layers.0.self_attn.v_proj.lora_A.weight,"(16, 2560)",0.9431184397639448,0.0813964828848838,2.3619167804718018,2.4257915019989014,0.0,0.0,0.0100627643987536,0.0102424686774611,123
base_model.model.model.layers.0.self_attn.v_proj.lora_B.weight,"(1024, 16)",0.0068404823153685,0.50341796875,0.2172842323780059,0.3338042199611664,0.0,0.0,0.0013549764407798,0.0021047869231551,123
base_model.model.model.layers.1.mlp.down_proj.lora_A.weight,"(16, 9728)",0.7406444321340083,0.0874280408024787,2.918945550918579,2.4959380626678467,0.0,0.0,0.0054724505171179,0.0053300275467336,123
base_model.model.model.layers.1.mlp.down_proj.lora_B.weight,"(2560, 16)",0.0638704652433766,0.4727295041084289,0.3119561970233917,0.4356983006000519,0.0,0.0,0.001238255877979,0.0017576124519109,123
base_model.model.model.layers.1.mlp.gate_proj.lora_A.weight,"(16, 2560)",0.945253516841622,0.0790039077401161,2.359935998916626,2.412748575210572,0.0,0.0,0.0100369499996304,0.0102028027176857,123
base_model.model.model.layers.1.mlp.gate_proj.lora_B.weight,"(9728, 16)",0.1332319482342124,0.4054918885231018,1.0938395261764526,0.8079124689102173,0.0,0.0,0.0018497158307582,0.0014946695882827,123
base_model.model.model.layers.1.mlp.up_proj.lora_A.weight,"(16, 2560)",0.958776149857699,0.0655273422598838,2.3531923294067383,2.378620386123657,0.0,0.0,0.0100086405873298,0.0100924940779805,123
base_model.model.model.layers.1.mlp.up_proj.lora_B.weight,"(9728, 16)",0.1573776270746821,0.4342555105686188,1.162116765975952,0.88272625207901,0.0,0.0,0.0017083570128306,0.001557866577059,123
base_model.model.model.layers.1.self_attn.k_proj.lora_A.weight,"(16, 2560)",0.9486468404587272,0.0744873061776161,2.3697900772094727,2.3934171199798584,0.0,0.0,0.0100553287193179,0.010143918916583,123
base_model.model.model.layers.1.self_attn.k_proj.lora_B.weight,"(1024, 16)",0.0047002212979859,0.49188232421875,0.2256266623735427,0.3068377077579498,0.0,0.0,0.0013627227162942,0.0019455464789643,123
base_model.model.model.layers.1.self_attn.o_proj.lora_A.weight,"(16, 4096)",0.9230949103339328,0.0961456298828125,2.359226703643799,2.472055196762085,0.0,0.0,0.0079193031415343,0.0082022361457347,123
base_model.model.model.layers.1.self_attn.o_proj.lora_B.weight,"(2560, 16)",0.0113163789532958,0.4988525509834289,0.318554937839508,0.5012867450714111,0.0,0.0,0.0012474010000005,0.0020028948783874,123
base_model.model.model.layers.1.self_attn.q_proj.lora_A.weight,"(16, 2560)",0.9540291929029376,0.0715087875723838,2.365297079086304,2.393249988555908,0.0,0.0,0.010064223781228,0.0101476404815912,123
base_model.model.model.layers.1.self_attn.q_proj.lora_B.weight,"(4096, 16)",0.0113819245091687,0.490081787109375,0.4513137340545654,0.5983802676200867,0.0,0.0,0.0013539618812501,0.0018859966658055,123
base_model.model.model.layers.1.self_attn.v_proj.lora_A.weight,"(16, 2560)",0.9469616087838022,0.0784179717302322,2.3458850383758545,2.4015471935272217,0.0,0.0,0.0099760219454765,0.0101557318121194,123
base_model.model.model.layers.1.self_attn.v_proj.lora_B.weight,"(1024, 16)",0.0461958095584797,0.4793701171875,0.2120053768157959,0.3146168887615204,0.0,0.0,0.0012967736693099,0.0019793815445154,123
base_model.model.model.layers.10.mlp.down_proj.lora_A.weight,"(16, 9728)",0.836381560002827,0.1441907435655594,2.5545568466186523,2.556605577468872,0.0,0.0,0.0054533858783543,0.0054615745320916,123
base_model.model.model.layers.10.mlp.down_proj.lora_B.weight,"(2560, 16)",0.0210543214682102,0.491943359375,0.431803286075592,0.4434100091457367,0.0,0.0,0.0016873512649908,0.001800176105462,123
base_model.model.model.layers.10.mlp.gate_proj.lora_A.weight,"(16, 2560)",0.9392682944443004,0.0846923813223838,2.4009149074554443,2.4201409816741943,0.0,0.0,0.0101928878575563,0.0102317938581109,123
base_model.model.model.layers.10.mlp.gate_proj.lora_B.weight,"(9728, 16)",0.0039470362485058,0.4973851144313812,1.1044690608978271,0.9614627957344056,0.0,0.0,0.0021540105808526,0.0019691558554768,123
base_model.model.model.layers.10.mlp.up_proj.lora_A.weight,"(16, 2560)",0.954778110591188,0.069091796875,2.3732211589813232,2.39392614364624,0.0,0.0,0.0101010790094733,0.0101494435220956,123
base_model.model.model.layers.10.mlp.up_proj.lora_B.weight,"(9728, 16)",0.0153754622254969,0.4925922453403473,0.8027467131614685,0.9093704223632812,0.0,0.0,0.001602294971235,0.001887478865683,123
base_model.model.model.layers.10.self_attn.k_proj.lora_A.weight,"(16, 2560)",0.9410980189284784,0.0816650390625,2.385923385620117,2.381298065185547,0.0,0.0,0.0100855827331542,0.0100932251662015,123
base_model.model.model.layers.10.self_attn.k_proj.lora_B.weight,"(1024, 16)",-0.034399323128778,0.51409912109375,0.2629950642585754,0.2980419993400574,0.0,0.0,0.0015865107998251,0.0018953316612169,123
base_model.model.model.layers.10.self_attn.o_proj.lora_A.weight,"(16, 4096)",0.936231272701808,0.085601806640625,2.371662378311157,2.41170597076416,0.0,0.0,0.0079426579177379,0.0080438004806637,123
base_model.model.model.layers.10.self_attn.o_proj.lora_B.weight,"(2560, 16)",0.0159359872030458,0.4965576231479645,0.3801034986972809,0.4598553478717804,0.0,0.0,0.0014776641037315,0.0018641144270077,123
base_model.model.model.layers.10.self_attn.q_proj.lora_A.weight,"(16, 2560)",0.940271645146862,0.0823486298322677,2.388667345046997,2.37926983833313,0.0,0.0,0.0100978091359138,0.0100832087919116,123
base_model.model.model.layers.10.self_attn.q_proj.lora_B.weight,"(4096, 16)",0.0210295470702256,0.492645263671875,0.5262503623962402,0.6000120043754578,0.0,0.0,0.0015706324484199,0.0019071996212005,123
base_model.model.model.layers.10.self_attn.v_proj.lora_A.weight,"(16, 2560)",0.9476414666431544,0.0762451142072677,2.3896946907043457,2.390952110290528,0.0,0.0,0.010115516372025,0.0101299239322543,123
base_model.model.model.layers.10.self_attn.v_proj.lora_B.weight,"(1024, 16)",0.0228098828670281,0.49017333984375,0.2631818354129791,0.2831326425075531,0.0,0.0,0.0016201187390834,0.0018365847645327,123
base_model.model.model.layers.11.mlp.down_proj.lora_A.weight,"(16, 9728)",0.8193949261410681,0.1521510034799575,2.5836658477783203,2.5833797454833984,0.0,0.0,0.0054995017126202,0.0055029154755175,123
base_model.model.model.layers.11.mlp.down_proj.lora_B.weight,"(2560, 16)",0.0119362005486388,0.4949463009834289,0.4744865894317627,0.4629105031490326,0.0,0.0,0.0018536153947934,0.001867375918664,123
base_model.model.model.layers.11.mlp.gate_proj.lora_A.weight,"(16, 2560)",0.9506266187284952,0.0739257782697677,2.383561134338379,2.4171905517578125,0.0,0.0,0.0101309549063444,0.0102426931262016,123
base_model.model.model.layers.11.mlp.gate_proj.lora_B.weight,"(9728, 16)",0.0071392215111089,0.4955155253410339,0.997633159160614,0.9563913941383362,0.0,0.0,0.0019475301960483,0.0019607164431363,123
base_model.model.model.layers.11.mlp.up_proj.lora_A.weight,"(16, 2560)",0.9583081179888978,0.0674804672598838,2.3717894554138184,2.391607999801636,0.0,0.0,0.0100801875814795,0.0101423216983675,123
base_model.model.model.layers.11.mlp.up_proj.lora_B.weight,"(9728, 16)",0.0107296410356559,0.4950208067893982,0.8972759246826172,0.8753816485404968,0.0,0.0,0.0017781652277335,0.0018215563613921,123
base_model.model.model.layers.11.self_attn.k_proj.lora_A.weight,"(16, 2560)",0.937859679476072,0.0824707001447677,2.404822826385498,2.390448570251465,0.0,0.0,0.0101995524019002,0.0101519469171762,123
base_model.model.model.layers.11.self_attn.k_proj.lora_B.weight,"(1024, 16)",0.0091354074046443,0.48834228515625,0.2893454134464264,0.2750897109508514,0.0,0.0,0.0017431119922548,0.0017887994181364,123
base_model.model.model.layers.11.self_attn.o_proj.lora_A.weight,"(16, 4096)",0.9191707778455092,0.0931243896484375,2.42862868309021,2.418564796447754,0.0,0.0,0.0081074889749288,0.0080735869705677,123
base_model.model.model.layers.11.self_attn.o_proj.lora_B.weight,"(2560, 16)",0.0134855997725578,0.4958007931709289,0.4259559512138366,0.4602609872817993,0.0,0.0,0.0016540922224521,0.0018674870952963,123
base_model.model.model.layers.11.self_attn.q_proj.lora_A.weight,"(16, 2560)",0.9400870804524446,0.0799316391348838,2.4028868675231934,2.3788933753967285,0.0,0.0,0.0101614417508244,0.0101025374606251,123
base_model.model.model.layers.11.self_attn.q_proj.lora_B.weight,"(4096, 16)",0.0139618306408226,0.493896484375,0.6173287034034729,0.5699086785316467,0.0,0.0,0.0018468772759661,0.0018359087407588,123
base_model.model.model.layers.11.self_attn.v_proj.lora_A.weight,"(16, 2560)",0.9405443346877392,0.0809326171875,2.3995232582092285,2.384091377258301,0.0,0.0,0.0101607320830225,0.0100922416895627,123
base_model.model.model.layers.11.self_attn.v_proj.lora_B.weight,"(1024, 16)",0.0040461694139422,0.5001220703125,0.2967208921909332,0.285313069820404,0.0,0.0,0.001802529906854,0.0018527028150856,123
base_model.model.model.layers.12.mlp.down_proj.lora_A.weight,"(16, 9728)",0.8393594869845502,0.1417429000139236,2.553518772125244,2.548111915588379,0.0,0.0,0.0054575828835368,0.0054491837508976,123
base_model.model.model.layers.12.mlp.down_proj.lora_B.weight,"(2560, 16)",0.0126356019347072,0.4981689453125,0.4064790904521942,0.4338025748729706,0.0,0.0,0.0015837412793189,0.0017648215871304,123
base_model.model.model.layers.12.mlp.gate_proj.lora_A.weight,"(16, 2560)",0.9530073586734272,0.0720458999276161,2.3966064453125,2.403376817703247,0.0,0.0,0.0101774549111723,0.0101877050474286,123
base_model.model.model.layers.12.mlp.gate_proj.lora_B.weight,"(9728, 16)",0.0010716540309546,0.4990748465061188,0.9920373558998108,0.9282740354537964,0.0,0.0,0.0019334129756316,0.0019084077794104,123
base_model.model.model.layers.12.mlp.up_proj.lora_A.weight,"(16, 2560)",0.9567505019846994,0.0688720718026161,2.383805513381958,2.397168636322021,0.0,0.0,0.010132260620594,0.0101804872974753,123
base_model.model.model.layers.12.mlp.up_proj.lora_B.weight,"(9728, 16)",0.0120685014852656,0.4950914978981018,0.8263459801673889,0.8933096528053284,0.0,0.0,0.0016489038243889,0.0018483867170289,123
base_model.model.model.layers.12.self_attn.k_proj.lora_A.weight,"(16, 2560)",0.9356732923303532,0.0846679657697677,2.4098684787750244,2.376115798950196,0.0,0.0,0.0101688290014863,0.0100744236260652,123
base_model.model.model.layers.12.self_attn.k_proj.lora_B.weight,"(1024, 16)",0.0304288484367694,0.49212646484375,0.2632609605789184,0.2745193243026733,0.0,0.0,0.0015950493980199,0.0017909939633682,123
base_model.model.model.layers.12.self_attn.o_proj.lora_A.weight,"(16, 4096)",0.9297280650411444,0.0874481201171875,2.420086622238159,2.4126315116882324,0.0,0.0,0.0080855721607804,0.0080768764019012,123
base_model.model.model.layers.12.self_attn.o_proj.lora_B.weight,"(2560, 16)",0.0127379517897096,0.4920898377895355,0.4280934631824493,0.4488360285758972,0.0,0.0,0.0016656896332278,0.0018221937352791,123
base_model.model.model.layers.12.self_attn.q_proj.lora_A.weight,"(16, 2560)",0.9415290140284268,0.0801757797598838,2.4069952964782715,2.372270107269287,0.0,0.0,0.0101825948804616,0.0100861322134733,123
base_model.model.model.layers.12.self_attn.q_proj.lora_B.weight,"(4096, 16)",0.0163334157561119,0.4975433349609375,0.5958274006843567,0.525811493396759,0.0,0.0,0.0017722889315336,0.0016977001214399,123
base_model.model.model.layers.12.self_attn.v_proj.lora_A.weight,"(16, 2560)",0.9394239626985884,0.0816162079572677,2.408413410186768,2.390798807144165,0.0,0.0,0.0101735461503267,0.0101202521473169,123
base_model.model.model.layers.12.self_attn.v_proj.lora_B.weight,"(1024, 16)",0.0146566815066098,0.49737548828125,0.3084216713905334,0.3019489347934723,0.0,0.0,0.0018587583908811,0.001935203326866,123
base_model.model.model.layers.13.mlp.down_proj.lora_A.weight,"(16, 9728)",0.8232600647100436,0.1494397670030594,2.579652547836304,2.5737240314483643,0.0,0.0,0.0055062249302864,0.0054948744364082,123
base_model.model.model.layers.13.mlp.down_proj.lora_B.weight,"(2560, 16)",0.0137200431149378,0.492724597454071,0.4257113635540008,0.4576331079006195,0.0,0.0,0.0016633461927995,0.0018558397423475,123
base_model.model.model.layers.13.mlp.gate_proj.lora_A.weight,"(16, 2560)",0.943040958526095,0.0797851532697677,2.413002252578736,2.411005735397339,0.0,0.0,0.0102302078157663,0.0102173928171396,123
base_model.model.model.layers.13.mlp.gate_proj.lora_B.weight,"(9728, 16)",0.0072552507680497,0.496183693408966,1.0439090728759766,0.936733067035675,0.0,0.0,0.0020055815111845,0.0019289782503619,123
base_model.model.model.layers.13.mlp.up_proj.lora_A.weight,"(16, 2560)",0.9520508220154068,0.0728515610098838,2.4030895233154297,2.402390718460083,0.0,0.0,0.0102118281647562,0.0101957591250538,123
base_model.model.model.layers.13.mlp.up_proj.lora_B.weight,"(9728, 16)",0.0065401256107963,0.4976871013641357,0.9040676355361938,0.8966718316078186,0.0,0.0,0.0017672413960099,0.001861983211711,123
base_model.model.model.layers.13.self_attn.k_proj.lora_A.weight,"(16, 2560)",0.932913840972952,0.0877929702401161,2.412158489227295,2.3635406494140625,0.0,0.0,0.0101692229509353,0.0100175905972719,123
base_model.model.model.layers.13.self_attn.k_proj.lora_B.weight,"(1024, 16)",0.0077519677293246,0.496337890625,0.3009190857410431,0.2747424244880676,0.0,0.0,0.0017884535482153,0.001732088625431,123
base_model.model.model.layers.13.self_attn.o_proj.lora_A.weight,"(16, 4096)",0.9211795575183892,0.094268798828125,2.4356884956359863,2.4215731620788574,0.0,0.0,0.0081167127937078,0.0080859847366809,123
base_model.model.model.layers.13.self_attn.o_proj.lora_B.weight,"(2560, 16)",0.0021738484897637,0.501171886920929,0.4070803821086883,0.4561700522899627,0.0,0.0,0.0015804438153281,0.0018466310575604,123
base_model.model.model.layers.13.self_attn.q_proj.lora_A.weight,"(16, 2560)",0.9352553429194456,0.0879394561052322,2.418219804763794,2.369828701019287,0.0,0.0,0.0102100167423486,0.0100640263408422,123
base_model.model.model.layers.13.self_attn.q_proj.lora_B.weight,"(4096, 16)",0.0035128763022704,0.4963531494140625,0.6288330554962158,0.5836014747619629,0.0,0.0,0.001854344503954,0.0018325499258935,123
base_model.model.model.layers.13.self_attn.v_proj.lora_A.weight,"(16, 2560)",0.9372748701211414,0.0822021514177322,2.4025421142578125,2.383044004440308,0.0,0.0,0.0101695554330945,0.0101000815629959,123
base_model.model.model.layers.13.self_attn.v_proj.lora_B.weight,"(1024, 16)",0.043643285394666,0.4825439453125,0.3033131659030914,0.2898706197738647,0.0,0.0,0.0018477865960448,0.0018604028737172,123
base_model.model.model.layers.14.mlp.down_proj.lora_A.weight,"(16, 9728)",0.824410283327451,0.1487844437360763,2.6142702102661133,2.539532423019409,0.0,0.0,0.0055599994957447,0.0054310373961925,123
base_model.model.model.layers.14.mlp.down_proj.lora_B.weight,"(2560, 16)",0.0196068114650828,0.4929931759834289,0.452065110206604,0.4532974660396576,0.0,0.0,0.0017572136130183,0.0018431920325383,123
base_model.model.model.layers.14.mlp.gate_proj.lora_A.weight,"(16, 2560)",0.942217142901698,0.0788818374276161,2.437861680984497,2.408229351043701,0.0,0.0,0.0103299273177981,0.0102257039397954,123
base_model.model.model.layers.14.mlp.gate_proj.lora_B.weight,"(9728, 16)",0.0070127123906596,0.4969032704830169,1.1134368181228638,0.9180949926376344,0.0,0.0,0.0021201607305556,0.0019008999224752,123
base_model.model.model.layers.14.mlp.up_proj.lora_A.weight,"(16, 2560)",0.949167695656159,0.0762695297598838,2.3993351459503174,2.3720593452453613,0.0,0.0,0.0101526752114295,0.0100651578977704,123
base_model.model.model.layers.14.mlp.up_proj.lora_B.weight,"(9728, 16)",0.0080302160890051,0.4978541433811188,0.9409925937652588,0.8953404426574707,0.0,0.0,0.0018633902072906,0.001867875107564,123
base_model.model.model.layers.14.self_attn.k_proj.lora_A.weight,"(16, 2560)",0.9218342477498798,0.09619140625,2.4328198432922363,2.379923105239868,0.0,0.0,0.0102337393909692,0.010091258212924,123
base_model.model.model.layers.14.self_attn.k_proj.lora_B.weight,"(1024, 16)",0.0220768067327301,0.49127197265625,0.2693226933479309,0.2775925993919372,0.0,0.0,0.0016432406846433,0.0017850059084594,123
base_model.model.model.layers.14.self_attn.o_proj.lora_A.weight,"(16, 4096)",0.9290214312137616,0.0887451171875,2.419361114501953,2.410329341888428,0.0,0.0,0.0080815218389034,0.008062345907092,123
base_model.model.model.layers.14.self_attn.o_proj.lora_B.weight,"(2560, 16)",-0.001136082978076,0.499316394329071,0.4280920326709747,0.4621824920177459,0.0,0.0,0.0016532819718122,0.0018817514646798,123
base_model.model.model.layers.14.self_attn.q_proj.lora_A.weight,"(16, 2560)",0.9318487058923158,0.0885742157697677,2.406485080718994,2.381934404373169,0.0,0.0,0.0101677821949124,0.0100931832566857,123
base_model.model.model.layers.14.self_attn.q_proj.lora_B.weight,"(4096, 16)",0.01209061916772,0.493194580078125,0.5908892154693604,0.5590533018112183,0.0,0.0,0.0017494682688266,0.0017924993298947,123
base_model.model.model.layers.14.self_attn.v_proj.lora_A.weight,"(16, 2560)",0.9414134102228884,0.0816406235098838,2.4008071422576904,2.3848791122436523,0.0,0.0,0.0101528968662023,0.0101099656894803,123
base_model.model.model.layers.14.self_attn.v_proj.lora_B.weight,"(1024, 16)",0.0330420803628953,0.48858642578125,0.2675105929374695,0.2915814816951751,0.0,0.0,0.0016342567978426,0.0018835609080269,123
base_model.model.model.layers.15.mlp.down_proj.lora_A.weight,"(16, 9728)",0.8195407178166979,0.1507504135370254,2.6070265769958496,2.537825107574463,0.0,0.0,0.0055345683358609,0.0054286397062242,123
base_model.model.model.layers.15.mlp.down_proj.lora_B.weight,"(2560, 16)",0.0017964374401453,0.4978759884834289,0.4616532623767853,0.4643451571464538,0.0,0.0,0.0017874434124678,0.0018892012303695,123
base_model.model.model.layers.15.mlp.gate_proj.lora_A.weight,"(16, 2560)",0.9435711484541788,0.0783935561776161,2.4365944862365723,2.401289701461792,0.0,0.0,0.0103162843734025,0.0101997330784797,123
base_model.model.model.layers.15.mlp.gate_proj.lora_B.weight,"(9728, 16)",0.0011004846554305,0.4992290437221527,1.1289093494415283,0.9326032400131226,0.0,0.0,0.0021368644665926,0.001931159873493,123
base_model.model.model.layers.15.mlp.up_proj.lora_A.weight,"(16, 2560)",0.9514985106537832,0.0738525390625,2.392352819442749,2.3880388736724854,0.0,0.0,0.0101505890488624,0.0101408828049898,123
base_model.model.model.layers.15.mlp.up_proj.lora_B.weight,"(9728, 16)",0.0123953066982582,0.4947895109653473,0.8398297429084778,0.9135704636573792,0.0,0.0,0.0016430469695478,0.0019014838617295,123
base_model.model.model.layers.15.self_attn.k_proj.lora_A.weight,"(16, 2560)",0.9305203860836382,0.0892578139901161,2.43407678604126,2.36740779876709,0.0,0.0,0.0102624427527189,0.0100600812584161,123
base_model.model.model.layers.15.self_attn.k_proj.lora_B.weight,"(1024, 16)",-0.0192743383774677,0.51129150390625,0.2412239164113998,0.2665090262889862,0.0,0.0,0.0014215451665222,0.0017036574427038,123
base_model.model.model.layers.15.self_attn.o_proj.lora_A.weight,"(16, 4096)",0.9240049046934086,0.0897216796875,2.42781949043274,2.407789945602417,0.0,0.0,0.0081015676259994,0.0080585312098264,123
base_model.model.model.layers.15.self_attn.o_proj.lora_B.weight,"(2560, 16)",-0.0097964316151842,0.5060058832168579,0.4237121045589447,0.454017698764801,0.0,0.0,0.0016135073965415,0.0018524148035794,123
base_model.model.model.layers.15.self_attn.q_proj.lora_A.weight,"(16, 2560)",0.9398117925314492,0.079833984375,2.406447649002075,2.370586395263672,0.0,0.0,0.010178011842072,0.0100618656724691,123
base_model.model.model.layers.15.self_attn.q_proj.lora_B.weight,"(4096, 16)",0.0114674863174848,0.497711181640625,0.5845367312431335,0.5689616203308105,0.0,0.0,0.0017357519827783,0.0018201431958004,123
base_model.model.model.layers.15.self_attn.v_proj.lora_A.weight,"(16, 2560)",0.9465327624723916,0.0764648467302322,2.3888959884643555,2.365081548690796,0.0,0.0,0.0101186614483594,0.0100327786058187,123
base_model.model.model.layers.15.self_attn.v_proj.lora_B.weight,"(1024, 16)",-0.0020628741166116,0.50299072265625,0.255729466676712,0.2757337689399719,0.0,0.0,0.0015400204574689,0.0017987010069191,123
base_model.model.model.layers.16.mlp.down_proj.lora_A.weight,"(16, 9728)",0.8261102328130359,0.1478078812360763,2.57987117767334,2.5524141788482666,0.0,0.0,0.0054912958294153,0.0054513672366738,123
base_model.model.model.layers.16.mlp.down_proj.lora_B.weight,"(2560, 16)",0.0072297259226809,0.495776355266571,0.4055059850215912,0.4707981050014496,0.0,0.0,0.0015703849494457,0.0019101735670119,123
base_model.model.model.layers.16.mlp.gate_proj.lora_A.weight,"(16, 2560)",0.9449235336864956,0.0771240219473838,2.413032293319702,2.3975634574890137,0.0,0.0,0.0102294292300939,0.0101679861545562,123
base_model.model.model.layers.16.mlp.gate_proj.lora_B.weight,"(9728, 16)",0.0126085083391657,0.4928556680679321,1.053700566291809,0.9611377120018004,0.0,0.0,0.001990413526073,0.001986212329939,123
base_model.model.model.layers.16.mlp.up_proj.lora_A.weight,"(16, 2560)",0.952959464295048,0.0707275420427322,2.387251615524292,2.3846359252929688,0.0,0.0,0.0101321665570139,0.0101221892982721,123
base_model.model.model.layers.16.mlp.up_proj.lora_B.weight,"(9728, 16)",0.011496884897959,0.4971859455108642,0.8614723682403564,0.9068328738212584,0.0,0.0,0.0016926946118474,0.0018950453959405,123
base_model.model.model.layers.16.self_attn.k_proj.lora_A.weight,"(16, 2560)",0.9382192866905034,0.0852294936776161,2.394749879837036,2.3851211071014404,0.0,0.0,0.010127380490303,0.010112389922142,123
base_model.model.model.layers.16.self_attn.k_proj.lora_B.weight,"(1024, 16)",0.0291112882012753,0.48382568359375,0.2293242961168289,0.2889727056026459,0.0,0.0,0.0014032498002052,0.0018573709530755,123
base_model.model.model.layers.16.self_attn.o_proj.lora_A.weight,"(16, 4096)",0.9303948739697476,0.088134765625,2.407314777374268,2.4100046157836914,0.0,0.0,0.0080443136394023,0.0080525744706392,123
base_model.model.model.layers.16.self_attn.o_proj.lora_B.weight,"(2560, 16)",0.0093564678105162,0.494921863079071,0.3998094201087951,0.4703878164291382,0.0,0.0,0.0015437687980011,0.0019078266341239,123
base_model.model.model.layers.16.self_attn.q_proj.lora_A.weight,"(16, 2560)",0.94856510650336,0.0743896514177322,2.395240306854248,2.375726222991944,0.0,0.0,0.0101593853905797,0.010090010240674,123
base_model.model.model.layers.16.self_attn.q_proj.lora_B.weight,"(4096, 16)",0.0141300925859856,0.49139404296875,0.5291879177093506,0.5564252734184265,0.0,0.0,0.0015875755343586,0.0017792135477066,123
base_model.model.model.layers.16.self_attn.v_proj.lora_A.weight,"(16, 2560)",0.9345706440985788,0.0819335952401161,2.4245755672454834,2.3775787353515625,0.0,0.0,0.0102236410602927,0.0100990775972604,123
base_model.model.model.layers.16.self_attn.v_proj.lora_B.weight,"(1024, 16)",0.0012029321361753,0.49462890625,0.2493764758110046,0.2809236645698547,0.0,0.0,0.0014764909865334,0.0018198986072093,123
base_model.model.model.layers.17.mlp.down_proj.lora_A.weight,"(16, 9728)",0.8166585386235168,0.1523501724004745,2.617672920227051,2.565730094909668,0.0,0.0,0.0055602700449526,0.0054771429859101,123
base_model.model.model.layers.17.mlp.down_proj.lora_B.weight,"(2560, 16)",0.0117511124407474,0.4956298768520355,0.472260445356369,0.4947926998138428,0.0,0.0,0.0018160190666094,0.0019933369476348,123
base_model.model.model.layers.17.mlp.gate_proj.lora_A.weight,"(16, 2560)",0.9418059586669216,0.0782470703125,2.429018020629883,2.4080660343170166,0.0,0.0,0.0102727524936199,0.0102100474759936,123
base_model.model.model.layers.17.mlp.gate_proj.lora_B.weight,"(9728, 16)",0.0059381176999384,0.4969803690910339,1.1029285192489624,0.9651442170143129,0.0,0.0,0.0020960364490747,0.001999573316425,123
base_model.model.model.layers.17.mlp.up_proj.lora_A.weight,"(16, 2560)",0.9461741826871112,0.0759521499276161,2.409029722213745,2.395240068435669,0.0,0.0,0.0102121634408831,0.0101731661707162,123
base_model.model.model.layers.17.mlp.up_proj.lora_B.weight,"(9728, 16)",0.0021123121968882,0.5008352398872375,0.9348325729370116,0.955556333065033,0.0,0.0,0.0018167026573792,0.0019744106102734,123
base_model.model.model.layers.17.self_attn.k_proj.lora_A.weight,"(16, 2560)",0.9341077870064508,0.0855957046151161,2.407930850982666,2.392482042312622,0.0,0.0,0.0101788491010665,0.0101377656683325,123
base_model.model.model.layers.17.self_attn.k_proj.lora_B.weight,"(1024, 16)",-0.0084886728353566,0.50164794921875,0.2573267519474029,0.2821167409420013,0.0,0.0,0.0015587067464366,0.0018199943006038,123
base_model.model.model.layers.17.self_attn.o_proj.lora_A.weight,"(16, 4096)",0.9273363837149732,0.0887298583984375,2.419296741485596,2.419536590576172,0.0,0.0,0.0080847218632698,0.0080870259553194,123
base_model.model.model.layers.17.self_attn.o_proj.lora_B.weight,"(2560, 16)",0.0092881494875509,0.493945300579071,0.4539750814437866,0.4793286919593811,0.0,0.0,0.0017424554098397,0.0019391303649172,123
base_model.model.model.layers.17.self_attn.q_proj.lora_A.weight,"(16, 2560)",0.9390937790969556,0.0823974609375,2.405668973922729,2.376176595687866,0.0,0.0,0.0101733934134244,0.0100562842562794,123
base_model.model.model.layers.17.self_attn.q_proj.lora_B.weight,"(4096, 16)",-0.0020691005572304,0.499237060546875,0.5266202688217163,0.5730152130126953,0.0,0.0,0.0015608540270477,0.0018403268186375,123
base_model.model.model.layers.17.self_attn.v_proj.lora_A.weight,"(16, 2560)",0.9469724292370776,0.0731689482927322,2.387503147125244,2.38065505027771,0.0,0.0,0.0101188020780682,0.0100973006337881,123
base_model.model.model.layers.17.self_attn.v_proj.lora_B.weight,"(1024, 16)",0.0460295122724519,0.47955322265625,0.2337167859077453,0.288770318031311,0.0,0.0,0.001423674984835,0.0018759665545076,123
base_model.model.model.layers.18.mlp.down_proj.lora_A.weight,"(16, 9728)",0.8015599792396596,0.1587877720594406,2.652991771697998,2.555736541748047,0.0,0.0,0.0056203799322247,0.0054582641460001,123
base_model.model.model.layers.18.mlp.down_proj.lora_B.weight,"(2560, 16)",0.0089514755302766,0.4947021603584289,0.4933717250823974,0.4814960658550262,0.0,0.0,0.001897930749692,0.001945232739672,123
base_model.model.model.layers.18.mlp.gate_proj.lora_A.weight,"(16, 2560)",0.9391129744378084,0.084716796875,2.4204916954040527,2.408320426940918,0.0,0.0,0.0102551784366369,0.0101981610059738,123
base_model.model.model.layers.18.mlp.gate_proj.lora_B.weight,"(9728, 16)",0.0066350798889813,0.4956825673580169,1.1296981573104858,0.9645950198173524,0.0,0.0,0.0021504021715372,0.0019957516342401,123
base_model.model.model.layers.18.mlp.up_proj.lora_A.weight,"(16, 2560)",0.9416147062661352,0.0812499970197677,2.4114131927490234,2.39437222480774,0.0,0.0,0.0101974438875913,0.0101572591811418,123
base_model.model.model.layers.18.mlp.up_proj.lora_B.weight,"(9728, 16)",0.0108671199351377,0.4948152303695678,1.021173357963562,0.9475821256637572,0.0,0.0,0.0019893520511686,0.0019631937611848,123
base_model.model.model.layers.18.self_attn.k_proj.lora_A.weight,"(16, 2560)",0.9259258228536068,0.0911621078848838,2.439560890197754,2.3879847526550293,0.0,0.0,0.0102993594482541,0.0101225189864635,123
base_model.model.model.layers.18.self_attn.k_proj.lora_B.weight,"(1024, 16)",-0.0026230037913974,0.50262451171875,0.3077586889266968,0.280733972787857,0.0,0.0,0.001870596781373,0.0017956290394067,123
base_model.model.model.layers.18.self_attn.o_proj.lora_A.weight,"(16, 4096)",0.9387988294231372,0.0816497802734375,2.3952713012695312,2.390164375305176,0.0,0.0,0.0080148018896579,0.0080045340582728,123
base_model.model.model.layers.18.self_attn.o_proj.lora_B.weight,"(2560, 16)",0.0151715695137586,0.4942871034145355,0.3786635994911194,0.444543182849884,0.0,0.0,0.0014496666844934,0.0018198899924755,123
base_model.model.model.layers.18.self_attn.q_proj.lora_A.weight,"(16, 2560)",0.9334543821825504,0.0872802734375,2.405646800994873,2.359617233276367,0.0,0.0,0.0101488213986158,0.0099964840337634,123
base_model.model.model.layers.18.self_attn.q_proj.lora_B.weight,"(4096, 16)",0.0014400945123749,0.4976348876953125,0.6163327097892761,0.5508653521537781,0.0,0.0,0.001833964837715,0.0017532083438709,123
base_model.model.model.layers.18.self_attn.v_proj.lora_A.weight,"(16, 2560)",0.9304253767248608,0.0813476592302322,2.4185121059417725,2.382501602172852,0.0,0.0,0.0101596564054489,0.0100909220054745,123
base_model.model.model.layers.18.self_attn.v_proj.lora_B.weight,"(1024, 16)",0.0197094056672913,0.48370361328125,0.2354200631380081,0.2892381548881531,0.0,0.0,0.0014231977984309,0.0018797079101204,123
base_model.model.model.layers.19.mlp.down_proj.lora_A.weight,"(16, 9728)",0.8118769536883662,0.1537186503410339,2.655492067337036,2.5380783081054688,0.0,0.0,0.0056201103143393,0.0054314192384481,123
base_model.model.model.layers.19.mlp.down_proj.lora_B.weight,"(2560, 16)",0.0233556614590916,0.4903808534145355,0.4904462397098541,0.4590668380260467,0.0,0.0,0.0019098840421065,0.0018621117342263,123
base_model.model.model.layers.19.mlp.gate_proj.lora_A.weight,"(16, 2560)",0.9344169689684244,0.0830566436052322,2.446428060531616,2.404250144958496,0.0,0.0,0.0103248301893472,0.0101843643933534,123
base_model.model.model.layers.19.mlp.gate_proj.lora_B.weight,"(9728, 16)",0.0108647251343943,0.4948216378688812,1.11311936378479,0.9600288271903992,0.0,0.0,0.0021178394090384,0.0019867934752255,123
base_model.model.model.layers.19.mlp.up_proj.lora_A.weight,"(16, 2560)",0.947671226373782,0.072998046875,2.416566133499145,2.385895013809204,0.0,0.0,0.0102392463013529,0.0101250261068344,123
base_model.model.model.layers.19.mlp.up_proj.lora_B.weight,"(9728, 16)",0.0149192799526328,0.4947445392608642,0.9858459234237672,0.9236680269241332,0.0,0.0,0.0019263665890321,0.0019149081781506,123
base_model.model.model.layers.19.self_attn.k_proj.lora_A.weight,"(16, 2560)",0.9320685903568108,0.0869384780526161,2.412311315536499,2.3779077529907227,0.0,0.0,0.0101813022047281,0.010081747546792,123
base_model.model.model.layers.19.self_attn.k_proj.lora_B.weight,"(1024, 16)",0.0168567473848592,0.48651123046875,0.3004722595214844,0.2896855175495147,0.0,0.0,0.0017622295999899,0.0018728007562458,123
base_model.model.model.layers.19.self_attn.o_proj.lora_A.weight,"(16, 4096)",0.9233009246427738,0.0913848876953125,2.416642904281616,2.424057006835937,0.0,0.0,0.0080808438360691,0.008085886016488,123
base_model.model.model.layers.19.self_attn.o_proj.lora_B.weight,"(2560, 16)",0.0121036487884705,0.4952392578125,0.4202784299850464,0.4702803194522857,0.0,0.0,0.0016432795673608,0.0018936485284939,123
base_model.model.model.layers.19.self_attn.q_proj.lora_A.weight,"(16, 2560)",0.943212721992614,0.0771240219473838,2.385777711868286,2.36772084236145,0.0,0.0,0.0101098529994487,0.0100481808185577,123
base_model.model.model.layers.19.self_attn.q_proj.lora_B.weight,"(4096, 16)",-0.0047273911560266,0.5020599365234375,0.4972348213195801,0.5806037187576294,0.0,0.0,0.0014617885462939,0.0018647732213139,123
base_model.model.model.layers.19.self_attn.v_proj.lora_A.weight,"(16, 2560)",0.9346465878580223,0.083740234375,2.4242653846740723,2.372974395751953,0.0,0.0,0.0102372532710433,0.0100941536948084,123
base_model.model.model.layers.19.self_attn.v_proj.lora_B.weight,"(1024, 16)",0.0462563920976647,0.47564697265625,0.2515095174312591,0.2901415824890136,0.0,0.0,0.0015366483712568,0.0018822182901203,123
base_model.model.model.layers.2.mlp.down_proj.lora_A.weight,"(16, 9728)",0.883480828394744,0.1103579849004745,2.4603211879730225,2.464240789413452,0.0,0.0,0.0052949236705899,0.005305241793394,123
base_model.model.model.layers.2.mlp.down_proj.lora_B.weight,"(2560, 16)",0.0186857665398379,0.4905761778354645,0.4041448831558227,0.4703067541122436,0.0,0.0,0.0015852458309382,0.0018871031934395,123
base_model.model.model.layers.2.mlp.gate_proj.lora_A.weight,"(16, 2560)",0.949394990709292,0.0774902328848838,2.3473143577575684,2.408651351928711,0.0,0.0,0.0100030116736888,0.0101816728711128,123
base_model.model.model.layers.2.mlp.gate_proj.lora_B.weight,"(9728, 16)",0.0307261713531874,0.4948023855686188,1.7744251489639282,1.059046506881714,0.0,0.0,0.0026293129194527,0.0019632985349744,123
base_model.model.model.layers.2.mlp.up_proj.lora_A.weight,"(16, 2560)",0.9505880370796514,0.0730957016348838,2.354569435119629,2.391979217529297,0.0,0.0,0.0100145433098077,0.0101306261494755,123
base_model.model.model.layers.2.mlp.up_proj.lora_B.weight,"(9728, 16)",-0.1464803927945465,0.5205591917037964,2.566861867904663,1.5993740558624268,0.0,0.0,0.0035699068102985,0.0025075853336602,123
base_model.model.model.layers.2.self_attn.k_proj.lora_A.weight,"(16, 2560)",0.9419847560239956,0.0798095688223838,2.3895423412323,2.3900420665740967,0.0,0.0,0.0101228822022676,0.0101351141929626,123
base_model.model.model.layers.2.self_attn.k_proj.lora_B.weight,"(1024, 16)",0.004221837494484,0.50396728515625,0.2537102997303009,0.292483925819397,0.0,0.0,0.0015219682827591,0.0018530506640672,123
base_model.model.model.layers.2.self_attn.o_proj.lora_A.weight,"(16, 4096)",0.918195217012262,0.098907470703125,2.3808624744415283,2.481558561325073,0.0,0.0,0.0079744812101125,0.0082300286740064,123
base_model.model.model.layers.2.self_attn.o_proj.lora_B.weight,"(2560, 16)",0.0266364981214204,0.4883056581020355,0.369214802980423,0.5070610046386719,0.0,0.0,0.0014290161198005,0.0020328010432422,123
base_model.model.model.layers.2.self_attn.q_proj.lora_A.weight,"(16, 2560)",0.9535749610875548,0.0723632797598838,2.3444604873657227,2.3873560428619385,0.0,0.0,0.0099590402096509,0.0101002808660268,123
base_model.model.model.layers.2.self_attn.q_proj.lora_B.weight,"(4096, 16)",-0.0035353799239109,0.5027313232421875,0.4955863952636719,0.5796204209327698,0.0,0.0,0.0014576527755707,0.0018361948896199,123
base_model.model.model.layers.2.self_attn.v_proj.lora_A.weight,"(16, 2560)",0.9458077312528272,0.0773193389177322,2.365291118621826,2.387937545776367,0.0,0.0,0.0100193293765187,0.0100960209965705,123
base_model.model.model.layers.2.self_attn.v_proj.lora_B.weight,"(1024, 16)",0.0164020410957624,0.5015869140625,0.2925660014152527,0.3079982995986938,0.0,0.0,0.0017592918593436,0.0019507049582898,123
base_model.model.model.layers.20.mlp.down_proj.lora_A.weight,"(16, 9728)",0.7800312165711524,0.1691509038209915,2.718115329742432,2.571934938430786,0.0,0.0,0.0057286862283945,0.0054830498993396,123
base_model.model.model.layers.20.mlp.down_proj.lora_B.weight,"(2560, 16)",0.004661738323462,0.4975097775459289,0.598477303981781,0.4936932325363159,0.0,0.0,0.0023015181068331,0.0019940412603318,123
base_model.model.model.layers.20.mlp.gate_proj.lora_A.weight,"(16, 2560)",0.935887203827771,0.0836669951677322,2.446553468704224,2.402015447616577,0.0,0.0,0.0103236688300967,0.010183828882873,123
base_model.model.model.layers.20.mlp.gate_proj.lora_B.weight,"(9728, 16)",0.0111935997346641,0.4943205118179321,1.122440218925476,0.9597626328468324,0.0,0.0,0.0021165311336517,0.0019840931054204,123
base_model.model.model.layers.20.mlp.up_proj.lora_A.weight,"(16, 2560)",0.9305625988992988,0.0864990204572677,2.4663097858428955,2.3824379444122314,0.0,0.0,0.0103871691972017,0.0101127661764621,123
base_model.model.model.layers.20.mlp.up_proj.lora_B.weight,"(9728, 16)",0.0133231368314856,0.4953998625278473,1.0828074216842651,0.912013053894043,0.0,0.0,0.0020873472094535,0.0019031771225854,123
base_model.model.model.layers.20.self_attn.k_proj.lora_A.weight,"(16, 2560)",0.9215008815006784,0.0944335907697677,2.44705581665039,2.378127336502075,0.0,0.0,0.0102972500026226,0.0100933238863945,123
base_model.model.model.layers.20.self_attn.k_proj.lora_B.weight,"(1024, 16)",0.0153760451215299,0.48638916015625,0.2923159599304199,0.2824644148349762,0.0,0.0,0.0017636443953961,0.0018053723033517,123
base_model.model.model.layers.20.self_attn.o_proj.lora_A.weight,"(16, 4096)",0.923730653681026,0.090911865234375,2.4265618324279785,2.396448850631714,0.0,0.0,0.008075950667262,0.0080074500292539,123
base_model.model.model.layers.20.self_attn.o_proj.lora_B.weight,"(2560, 16)",0.0139105545222531,0.4949707090854645,0.4387829005718231,0.4452755749225616,0.0,0.0,0.0016865184297785,0.001810465590097,123
base_model.model.model.layers.20.self_attn.q_proj.lora_A.weight,"(16, 2560)",0.9299960121721538,0.0858642607927322,2.4252476692199707,2.38382339477539,0.0,0.0,0.0102366562932729,0.0101020652800798,123
base_model.model.model.layers.20.self_attn.q_proj.lora_B.weight,"(4096, 16)",0.0068586075522088,0.4949493408203125,0.5248384475708008,0.5767531991004944,0.0,0.0,0.0015507081989198,0.0018348051235079,123
base_model.model.model.layers.20.self_attn.v_proj.lora_A.weight,"(16, 2560)",0.9311443966002292,0.0832031220197677,2.4331271648406982,2.3771779537200928,0.0,0.0,0.0102482233196496,0.0100835552439093,123
base_model.model.model.layers.20.self_attn.v_proj.lora_B.weight,"(1024, 16)",0.0150175807246375,0.48919677734375,0.2764885127544403,0.2825675904750824,0.0,0.0,0.0016937155742198,0.0018535561393946,123
base_model.model.model.layers.21.mlp.down_proj.lora_A.weight,"(16, 9728)",0.8083244897030025,0.1549072265625,2.677738666534424,2.530580759048462,0.0,0.0,0.0056659788824617,0.0054186009801924,123
base_model.model.model.layers.21.mlp.down_proj.lora_B.weight,"(2560, 16)",0.0004361500648126,0.4970947206020355,0.5599251985549927,0.4694102108478546,0.0,0.0,0.0021687857806682,0.001904199598357,123
base_model.model.model.layers.21.mlp.gate_proj.lora_A.weight,"(16, 2560)",0.9223842596911273,0.0924804657697677,2.491151571273804,2.4212918281555176,0.0,0.0,0.0104731488972902,0.0102624297142028,123
base_model.model.model.layers.21.mlp.gate_proj.lora_B.weight,"(9728, 16)",0.0126164590601159,0.493376076221466,1.2687616348266602,1.0127875804901123,0.0,0.0,0.0023872863966971,0.0020963754504919,123
base_model.model.model.layers.21.mlp.up_proj.lora_A.weight,"(16, 2560)",0.939961860251226,0.0791992172598838,2.442270278930664,2.385220527648926,0.0,0.0,0.0103122722357511,0.0101326685398817,123
base_model.model.model.layers.21.mlp.up_proj.lora_B.weight,"(9728, 16)",0.0086654157823554,0.4942112863063812,1.038555383682251,0.9398884773254396,0.0,0.0,0.0020062942057847,0.0019640852697193,123
base_model.model.model.layers.21.self_attn.k_proj.lora_A.weight,"(16, 2560)",0.905708328187801,0.1042724624276161,2.4772634506225586,2.378542184829712,0.0,0.0,0.0103821950033307,0.0100794145837426,123
base_model.model.model.layers.21.self_attn.k_proj.lora_B.weight,"(1024, 16)",0.0170250966635125,0.493896484375,0.3176620602607727,0.2800974249839782,0.0,0.0,0.0019055345328524,0.001811824273318,123
base_model.model.model.layers.21.self_attn.o_proj.lora_A.weight,"(16, 4096)",0.9333103747018658,0.0833892822265625,2.412403106689453,2.3951423168182373,0.0,0.0,0.0080499658361077,0.0080238850787281,123
base_model.model.model.layers.21.self_attn.o_proj.lora_B.weight,"(2560, 16)",0.0233088495100214,0.4890380799770355,0.4529224932193756,0.4701249897480011,0.0,0.0,0.0017665736377239,0.0019022226333618,123
base_model.model.model.layers.21.self_attn.q_proj.lora_A.weight,"(16, 2560)",0.924380332974655,0.0912109389901161,2.4509024620056152,2.372744083404541,0.0,0.0,0.0103093544021248,0.0100780706852674,123
base_model.model.model.layers.21.self_attn.q_proj.lora_B.weight,"(4096, 16)",0.0264594673932889,0.4810028076171875,0.6236389875411987,0.5645616054534912,0.0,0.0,0.0018253286834806,0.0018285496626049,123
base_model.model.model.layers.21.self_attn.v_proj.lora_A.weight,"(16, 2560)",0.9391514426502988,0.0782714858651161,2.420079708099365,2.361234903335572,0.0,0.0,0.010220724157989,0.0100427037104964,123
base_model.model.model.layers.21.self_attn.v_proj.lora_B.weight,"(1024, 16)",0.0359462380479072,0.482666015625,0.2779269218444824,0.2817651629447937,0.0,0.0,0.0017058432567864,0.0018503625178709,123
base_model.model.model.layers.22.mlp.down_proj.lora_A.weight,"(16, 9728)",0.7982094624417343,0.1590768843889236,2.687502861022949,2.578745126724243,0.0,0.0,0.005675246939063,0.0055002076551318,123
base_model.model.model.layers.22.mlp.down_proj.lora_B.weight,"(2560, 16)",0.0160077541808239,0.4907470643520355,0.6134587526321411,0.4883035719394684,0.0,0.0,0.0023636096157133,0.0019841138273477,123
base_model.model.model.layers.22.mlp.gate_proj.lora_A.weight,"(16, 2560)",0.9209545487860582,0.0938232392072677,2.46507215499878,2.4333648681640625,0.0,0.0,0.0103718899190425,0.0102775478735566,123
base_model.model.model.layers.22.mlp.gate_proj.lora_B.weight,"(9728, 16)",0.0094300854665491,0.4960294961929321,1.3218973875045776,1.0472991466522217,0.0,0.0,0.0024878899566829,0.0021639198530465,123
base_model.model.model.layers.22.mlp.up_proj.lora_A.weight,"(16, 2560)",0.9369323093060982,0.0835205093026161,2.439117908477783,2.404177188873291,0.0,0.0,0.0102815637364983,0.0101855834946036,123
base_model.model.model.layers.22.mlp.up_proj.lora_B.weight,"(9728, 16)",0.0055893662444734,0.4955926239490509,1.1608585119247437,0.9880666732788086,0.0,0.0,0.0022526513785123,0.0020572764333337,123
base_model.model.model.layers.22.self_attn.k_proj.lora_A.weight,"(16, 2560)",0.9163751153120648,0.0975585952401161,2.4734349250793457,2.3794469833374023,0.0,0.0,0.0103867352008819,0.010083575733006,123
base_model.model.model.layers.22.self_attn.k_proj.lora_B.weight,"(1024, 16)",0.0386758730047376,0.47216796875,0.3158743381500244,0.2978951036930084,0.0,0.0,0.0018459243001416,0.0019240642432123,123
base_model.model.model.layers.22.self_attn.o_proj.lora_A.weight,"(16, 4096)",0.9290295226977336,0.0872344970703125,2.4296233654022217,2.402432680130005,0.0,0.0,0.0080946367233991,0.0080336881801486,123
base_model.model.model.layers.22.self_attn.o_proj.lora_B.weight,"(2560, 16)",0.0326178911785319,0.4870361387729645,0.4608340263366699,0.4724405705928802,0.0,0.0,0.0017975841183215,0.0019144242396578,123
base_model.model.model.layers.22.self_attn.q_proj.lora_A.weight,"(16, 2560)",0.922262139685888,0.0917724594473838,2.457971572875977,2.374617338180542,0.0,0.0,0.0103385392576456,0.0100809354335069,123
base_model.model.model.layers.22.self_attn.q_proj.lora_B.weight,"(4096, 16)",0.0335915406989445,0.4760284423828125,0.6308214664459229,0.5957947373390198,0.0,0.0,0.0018189577385783,0.0019288149196654,123
base_model.model.model.layers.22.self_attn.v_proj.lora_A.weight,"(16, 2560)",0.9315676000869502,0.0865722671151161,2.44012451171875,2.375091075897217,0.0,0.0,0.0102828135713934,0.010096033103764,123
base_model.model.model.layers.22.self_attn.v_proj.lora_B.weight,"(1024, 16)",0.0319782289076066,0.4796142578125,0.2932278513908386,0.288082093000412,0.0,0.0,0.0017807183321565,0.0018808445893228,123
base_model.model.model.layers.23.mlp.down_proj.lora_A.weight,"(16, 9728)",0.7751109874561828,0.171354591846466,2.7347235679626465,2.598316192626953,0.0,0.0,0.005757491569966,0.0055335415527224,123
base_model.model.model.layers.23.mlp.down_proj.lora_B.weight,"(2560, 16)",0.0259679298966894,0.489672839641571,0.6642950773239136,0.5114738345146179,0.0,0.0,0.0025725658051669,0.0020664881449192,123
base_model.model.model.layers.23.mlp.gate_proj.lora_A.weight,"(16, 2560)",0.914435676784457,0.0977539047598838,2.49310302734375,2.441265821456909,0.0,0.0,0.0104827927425503,0.0103113194927573,123
base_model.model.model.layers.23.mlp.gate_proj.lora_B.weight,"(9728, 16)",0.0078335670752393,0.4991262257099151,1.546770691871643,1.0427312850952148,0.0,0.0,0.0029613163787871,0.0021462349686771,123
base_model.model.model.layers.23.mlp.up_proj.lora_A.weight,"(16, 2560)",0.9333672750001758,0.0853271484375,2.443704843521118,2.413790464401245,0.0,0.0,0.0102979270741343,0.0102318199351429,123
base_model.model.model.layers.23.mlp.up_proj.lora_B.weight,"(9728, 16)",0.0163337299026731,0.4913458526134491,1.228652000427246,0.994958758354187,0.0,0.0,0.002403060439974,0.0020692539401352,123
base_model.model.model.layers.23.self_attn.k_proj.lora_A.weight,"(16, 2560)",0.907385481804792,0.1028076186776161,2.490365028381348,2.395224094390869,0.0,0.0,0.0104365795850753,0.010146765038371,123
base_model.model.model.layers.23.self_attn.k_proj.lora_B.weight,"(1024, 16)",0.0272399627889583,0.4989013671875,0.3643843531608581,0.3034549951553345,0.0,0.0,0.0021727306302636,0.0019616440404206,123
base_model.model.model.layers.23.self_attn.o_proj.lora_A.weight,"(16, 4096)",0.9158105636434049,0.0945892333984375,2.449414253234864,2.4274656772613525,0.0,0.0,0.0081590265035629,0.0081085516139864,123
base_model.model.model.layers.23.self_attn.o_proj.lora_B.weight,"(2560, 16)",0.013349702564489,0.4952148497104645,0.5337198972702026,0.4889542758464813,0.0,0.0,0.0020677433349192,0.0019801852758973,123
base_model.model.model.layers.23.self_attn.q_proj.lora_A.weight,"(16, 2560)",0.9185377718989428,0.0962158218026161,2.4446308612823486,2.402909278869629,0.0,0.0,0.0102906795218586,0.0101615218445658,123
base_model.model.model.layers.23.self_attn.q_proj.lora_B.weight,"(4096, 16)",0.0014111874224787,0.4957275390625,0.6917539238929749,0.6134069561958313,0.0,0.0,0.0019732804503291,0.0019863592460751,123
base_model.model.model.layers.23.self_attn.v_proj.lora_A.weight,"(16, 2560)",0.935676016963953,0.0811279267072677,2.4256386756896973,2.378413677215576,0.0,0.0,0.0102385506033897,0.0100937094539403,123
base_model.model.model.layers.23.self_attn.v_proj.lora_B.weight,"(1024, 16)",0.0312771497022043,0.477783203125,0.2858349978923797,0.2963061928749084,0.0,0.0,0.0017460261005908,0.0019322508014738,123
base_model.model.model.layers.24.mlp.down_proj.lora_A.weight,"(16, 9728)",0.7585931276600962,0.1783383041620254,2.802027463912964,2.581492185592652,0.0,0.0,0.0058645033277571,0.005506117362529,123
base_model.model.model.layers.24.mlp.down_proj.lora_B.weight,"(2560, 16)",0.019283473544865,0.4925048947334289,0.6665868759155273,0.5024998784065247,0.0,0.0,0.002580510918051,0.0020348532125353,123
base_model.model.model.layers.24.mlp.gate_proj.lora_A.weight,"(16, 2560)",0.8968380776875347,0.1097167953848838,2.5652830600738525,2.4329423904418945,0.0,0.0,0.0107296798378229,0.0102843521162867,123
base_model.model.model.layers.24.mlp.gate_proj.lora_B.weight,"(9728, 16)",0.0158328076487752,0.4914357960224151,1.7102218866348269,1.0404690504074097,0.0,0.0,0.0032950909808278,0.0021425175946205,123
base_model.model.model.layers.24.mlp.up_proj.lora_A.weight,"(16, 2560)",0.9225635065318852,0.0925781279802322,2.4911532402038574,2.4159915447235107,0.0,0.0,0.0104740774258971,0.0102311354130506,123
base_model.model.model.layers.24.mlp.up_proj.lora_B.weight,"(9728, 16)",0.0090159910100362,0.4963122010231018,1.3534295558929443,1.0061962604522705,0.0,0.0,0.0026449628639966,0.0020892969332635,123
base_model.model.model.layers.24.self_attn.k_proj.lora_A.weight,"(16, 2560)",0.912174629412487,0.10205078125,2.466567039489746,2.390265941619873,0.0,0.0,0.0103453118354082,0.0101235546171665,123
base_model.model.model.layers.24.self_attn.k_proj.lora_B.weight,"(1024, 16)",0.0708414131924548,0.46240234375,0.358169674873352,0.3056714832782745,0.0,0.0,0.0020789473783224,0.0019585099071264,123
base_model.model.model.layers.24.self_attn.o_proj.lora_A.weight,"(16, 4096)",0.902749607030913,0.101043701171875,2.485089063644409,2.4299299716949463,0.0,0.0,0.0082394909113645,0.0080975443124771,123
base_model.model.model.layers.24.self_attn.o_proj.lora_B.weight,"(2560, 16)",6.90346363319218e-05,0.4994873106479645,0.6987345218658447,0.4974783957004547,0.0,0.0,0.0026962670963257,0.0019961430225521,123
base_model.model.model.layers.24.self_attn.q_proj.lora_A.weight,"(16, 2560)",0.9165592142903324,0.0993164032697677,2.455801248550415,2.3875136375427246,0.0,0.0,0.0103259421885013,0.0101110292598605,123
base_model.model.model.layers.24.self_attn.q_proj.lora_B.weight,"(4096, 16)",0.0400641944230009,0.476470947265625,0.7448862195014954,0.6372724175453186,0.0,0.0,0.0021387238521128,0.0020295474678277,123
base_model.model.model.layers.24.self_attn.v_proj.lora_A.weight,"(16, 2560)",0.9292062425632176,0.0879394561052322,2.4317467212677,2.377511978149414,0.0,0.0,0.0102471653372049,0.0100836139172315,123
base_model.model.model.layers.24.self_attn.v_proj.lora_B.weight,"(1024, 16)",0.0207436883618189,0.48895263671875,0.3529409170150757,0.3027544617652893,0.0,0.0,0.002136900788173,0.0019513936713337,123
base_model.model.model.layers.25.mlp.down_proj.lora_A.weight,"(16, 9728)",0.7306416818011938,0.1919073760509491,2.9097516536712646,2.5892279148101807,0.0,0.0,0.0060579450801014,0.0055112848058342,123
base_model.model.model.layers.25.mlp.down_proj.lora_B.weight,"(2560, 16)",0.0203837559097341,0.492480456829071,0.7049496173858643,0.5010195970535278,0.0,0.0,0.0027241290081292,0.0020318920724093,123
base_model.model.model.layers.25.mlp.gate_proj.lora_A.weight,"(16, 2560)",0.8684189242097899,0.1279052793979644,2.6292996406555176,2.4508056640625,0.0,0.0,0.0109197106212377,0.0103322593495249,123
base_model.model.model.layers.25.mlp.gate_proj.lora_B.weight,"(9728, 16)",0.0093036030373091,0.4953998625278473,1.9295649528503416,1.047910213470459,0.0,0.0,0.0037505053915083,0.0021576995495706,123
base_model.model.model.layers.25.mlp.up_proj.lora_A.weight,"(16, 2560)",0.9150288737821068,0.095703125,2.515035629272461,2.4308528900146484,0.0,0.0,0.0105609782040119,0.0102989766746759,123
base_model.model.model.layers.25.mlp.up_proj.lora_B.weight,"(9728, 16)",0.0089287404189815,0.4927464425563812,1.4961771965026855,1.0124231576919556,0.0,0.0,0.0029072356410324,0.0020984909497201,123
base_model.model.model.layers.25.self_attn.k_proj.lora_A.weight,"(16, 2560)",0.9097449061385344,0.1017089858651161,2.466655731201172,2.4092514514923096,0.0,0.0,0.0103756953030824,0.0101817650720477,123
base_model.model.model.layers.25.self_attn.k_proj.lora_B.weight,"(1024, 16)",0.0261305635733568,0.50213623046875,0.3817203640937805,0.3293048441410064,0.0,0.0,0.0022994491737335,0.0020979817491024,123
base_model.model.model.layers.25.self_attn.o_proj.lora_A.weight,"(16, 4096)",0.8948329051959545,0.1099853515625,2.505817651748657,2.433074951171875,0.0,0.0,0.0082946037873625,0.0081109879538416,123
base_model.model.model.layers.25.self_attn.o_proj.lora_B.weight,"(2560, 16)",0.0094048856881538,0.499194324016571,0.7048824429512024,0.5003595352172852,0.0,0.0,0.002722943900153,0.0020219434518367,123
base_model.model.model.layers.25.self_attn.q_proj.lora_A.weight,"(16, 2560)",0.9189641661352592,0.0947021469473838,2.466186046600342,2.379243850708008,0.0,0.0,0.0103603992611169,0.0100903678685426,123
base_model.model.model.layers.25.self_attn.q_proj.lora_B.weight,"(4096, 16)",-0.0074810626088135,0.504150390625,0.7097625136375427,0.5995876789093018,0.0,0.0,0.0021048635244369,0.0019218837842345,123
base_model.model.model.layers.25.self_attn.v_proj.lora_A.weight,"(16, 2560)",0.9241647172052826,0.0896728485822677,2.44793701171875,2.3922667503356934,0.0,0.0,0.0103007424622774,0.0101393312215805,123
base_model.model.model.layers.25.self_attn.v_proj.lora_B.weight,"(1024, 16)",0.0184196304389821,0.4898681640625,0.37196084856987,0.2989387214183807,0.0,0.0,0.0022190487943589,0.0019416991854086,123
base_model.model.model.layers.26.mlp.down_proj.lora_A.weight,"(16, 9728)",0.7253494796673057,0.1962697952985763,2.9305126667022705,2.59029221534729,0.0,0.0,0.0060968738980591,0.0055124121718108,123
base_model.model.model.layers.26.mlp.down_proj.lora_B.weight,"(2560, 16)",0.0031450741893862,0.4990966916084289,0.7151170372962952,0.4991180598735809,0.0,0.0,0.0027550177183002,0.0020178186241537,123
base_model.model.model.layers.26.mlp.gate_proj.lora_A.weight,"(16, 2560)",0.8734456327453711,0.1259765625,2.63076400756836,2.4655656814575195,0.0,0.0,0.0109443981200456,0.010388733819127,123
base_model.model.model.layers.26.mlp.gate_proj.lora_B.weight,"(9728, 16)",0.0097752385176556,0.4938579499721527,1.929949164390564,1.0591926574707031,0.0,0.0,0.003730310127139,0.0021778624504804,123
base_model.model.model.layers.26.mlp.up_proj.lora_A.weight,"(16, 2560)",0.9144767454046236,0.0963378921151161,2.52681851387024,2.4309628009796143,0.0,0.0,0.0106146736070513,0.0103073045611381,123
base_model.model.model.layers.26.mlp.up_proj.lora_B.weight,"(9728, 16)",0.0122912085979184,0.4955219328403473,1.444835543632507,0.9938475489616394,0.0,0.0,0.0028227895963937,0.002070315182209,123
base_model.model.model.layers.26.self_attn.k_proj.lora_A.weight,"(16, 2560)",0.9177277630191624,0.0994384735822677,2.46179747581482,2.393704414367676,0.0,0.0,0.0103494729846715,0.0101443286985158,123
base_model.model.model.layers.26.self_attn.k_proj.lora_B.weight,"(1024, 16)",0.0024462705302565,0.4979248046875,0.3744866847991943,0.3024206161499023,0.0,0.0,0.0022465419024229,0.0019339324207976,123
base_model.model.model.layers.26.self_attn.o_proj.lora_A.weight,"(16, 4096)",0.9189956580668572,0.094818115234375,2.4420166015625,2.412816286087036,0.0,0.0,0.0081356335431337,0.0080544687807559,123
base_model.model.model.layers.26.self_attn.o_proj.lora_B.weight,"(2560, 16)",0.0022369323601454,0.4959472715854645,0.5059294104576111,0.4769705235958099,0.0,0.0,0.0019866065122187,0.0019362221937626,123
base_model.model.model.layers.26.self_attn.q_proj.lora_A.weight,"(16, 2560)",0.9177925890215016,0.0968994125723838,2.44738245010376,2.398984670639038,0.0,0.0,0.0102933747693896,0.0101531539112329,123
base_model.model.model.layers.26.self_attn.q_proj.lora_B.weight,"(4096, 16)",-0.007191772193094,0.50604248046875,0.6906781792640686,0.6092349886894226,0.0,0.0,0.0020578023977577,0.0019443484488874,123
base_model.model.model.layers.26.self_attn.v_proj.lora_A.weight,"(16, 2560)",0.9332722188679544,0.0838378891348838,2.4277262687683105,2.3786816596984863,0.0,0.0,0.010244907811284,0.010096282698214,123
base_model.model.model.layers.26.self_attn.v_proj.lora_B.weight,"(1024, 16)",0.0148977640666698,0.49359130859375,0.3232974112033844,0.295612096786499,0.0,0.0,0.001962480135262,0.0019176816567778,123
base_model.model.model.layers.27.mlp.down_proj.lora_A.weight,"(16, 9728)",0.7175491108835594,0.1975868642330169,2.935377359390259,2.6034464836120605,0.0,0.0,0.0061086327768862,0.0055406275205314,123
base_model.model.model.layers.27.mlp.down_proj.lora_B.weight,"(2560, 16)",0.0109592793027657,0.4937988221645355,0.6561713814735413,0.5054482221603394,0.0,0.0,0.0025499020703136,0.0020434942562133,123
base_model.model.model.layers.27.mlp.gate_proj.lora_A.weight,"(16, 2560)",0.8704748611061823,0.122802734375,2.6608762741088867,2.4541847705841064,0.0,0.0,0.0110746957361698,0.0103850569576025,123
base_model.model.model.layers.27.mlp.gate_proj.lora_B.weight,"(9728, 16)",0.0061351348913617,0.4961130321025848,1.862928867340088,1.034032940864563,0.0,0.0,0.0036097199190407,0.0021321482490748,123
base_model.model.model.layers.27.mlp.up_proj.lora_A.weight,"(16, 2560)",0.9118868994114696,0.0992919951677322,2.520663261413574,2.427374601364136,0.0,0.0,0.0105745671316981,0.0102747678756713,123
base_model.model.model.layers.27.mlp.up_proj.lora_B.weight,"(9728, 16)",0.0125587459560292,0.4929841756820678,1.5641711950302124,1.0051246881484983,0.0,0.0,0.0030756688211113,0.0020890266168862,123
base_model.model.model.layers.27.self_attn.k_proj.lora_A.weight,"(16, 2560)",0.8912526552940901,0.1153076142072677,2.508739948272705,2.4101548194885254,0.0,0.0,0.0104708103463053,0.0101710529997944,123
base_model.model.model.layers.27.self_attn.k_proj.lora_B.weight,"(1024, 16)",0.0090841828167203,0.498291015625,0.4240351319313049,0.3333683311939239,0.0,0.0,0.0025583319365978,0.0021169311366975,123
base_model.model.model.layers.27.self_attn.o_proj.lora_A.weight,"(16, 4096)",0.9057538867912084,0.103302001953125,2.4605157375335693,2.4214284420013428,0.0,0.0,0.0081663336604833,0.0080726314336061,123
base_model.model.model.layers.27.self_attn.o_proj.lora_B.weight,"(2560, 16)",0.0052954477955482,0.4973388612270355,0.5955623388290405,0.4961169064044952,0.0,0.0,0.0023279380984604,0.0019977171905338,123
base_model.model.model.layers.27.self_attn.q_proj.lora_A.weight,"(16, 2560)",0.9039397944016644,0.1076416000723838,2.4968247413635254,2.40512752532959,0.0,0.0,0.01045498624444,0.01016366481781,123
base_model.model.model.layers.27.self_attn.q_proj.lora_B.weight,"(4096, 16)",-0.0060235954074121,0.50244140625,0.8325985074043274,0.6268392205238342,0.0,0.0,0.0024226910900324,0.0020059938542544,123
base_model.model.model.layers.27.self_attn.v_proj.lora_A.weight,"(16, 2560)",0.9076824130950272,0.1015869155526161,2.4810593128204346,2.393912076950073,0.0,0.0,0.0103924106806516,0.0101196514442563,123
base_model.model.model.layers.27.self_attn.v_proj.lora_B.weight,"(1024, 16)",0.0129740198905421,0.488037109375,0.363998144865036,0.3080393373966217,0.0,0.0,0.0021675596944987,0.0019855939317494,123
base_model.model.model.layers.28.mlp.down_proj.lora_A.weight,"(16, 9728)",0.712715991701045,0.2013324946165084,2.999196529388428,2.588885307312012,0.0,0.0,0.0062117385677993,0.0055182217620313,123
base_model.model.model.layers.28.mlp.down_proj.lora_B.weight,"(2560, 16)",0.0095951568638561,0.4935546815395355,0.6798743605613708,0.5020632147789001,0.0,0.0,0.0026293681003153,0.002029150724411,123
base_model.model.model.layers.28.mlp.gate_proj.lora_A.weight,"(16, 2560)",0.8713837569457935,0.1260742247104644,2.657672882080078,2.4419643878936768,0.0,0.0,0.0110480282455682,0.0103315543383359,123
base_model.model.model.layers.28.mlp.gate_proj.lora_B.weight,"(9728, 16)",0.0044567691339959,0.4983616769313812,2.0506274700164795,1.0210752487182615,0.0,0.0,0.0040261959657073,0.0021004718728363,123
base_model.model.model.layers.28.mlp.up_proj.lora_A.weight,"(16, 2560)",0.9144402805088412,0.0985839813947677,2.524897813796997,2.430155038833618,0.0,0.0,0.0106041682884097,0.0102959210053086,123
base_model.model.model.layers.28.mlp.up_proj.lora_B.weight,"(9728, 16)",0.0058811615021812,0.4957339763641357,1.5304701328277588,1.008521556854248,0.0,0.0,0.0030110441148281,0.0020906871650367,123
base_model.model.model.layers.28.self_attn.k_proj.lora_A.weight,"(16, 2560)",0.8963142914469503,0.1077148467302322,2.505021095275879,2.3765220642089844,0.0,0.0,0.0104689048603177,0.0100639481097459,123
base_model.model.model.layers.28.self_attn.k_proj.lora_B.weight,"(1024, 16)",0.004736262847443,0.50189208984375,0.3834901452064514,0.2962316572666168,0.0,0.0,0.0023196444381028,0.0018819071119651,123
base_model.model.model.layers.28.self_attn.o_proj.lora_A.weight,"(16, 4096)",0.8996347725240166,0.1038055419921875,2.519460439682007,2.4387624263763428,0.0,0.0,0.0083559919148683,0.0081353299319744,123
base_model.model.model.layers.28.self_attn.o_proj.lora_B.weight,"(2560, 16)",0.0114359003646346,0.4993408322334289,0.6742738485336304,0.4917808771133423,0.0,0.0,0.0025950819253921,0.0020067740697413,123
base_model.model.model.layers.28.self_attn.q_proj.lora_A.weight,"(16, 2560)",0.9157096480010384,0.0972412079572677,2.4854888916015625,2.3826229572296143,0.0,0.0,0.0104378871619701,0.010121576488018,123
base_model.model.model.layers.28.self_attn.q_proj.lora_B.weight,"(4096, 16)",0.0058649898697444,0.495208740234375,0.7842795848846436,0.6029707789421082,0.0,0.0,0.0023034685291349,0.0019181959796696,123
base_model.model.model.layers.28.self_attn.v_proj.lora_A.weight,"(16, 2560)",0.9172032180848844,0.0951171889901161,2.465094566345215,2.3870699405670166,0.0,0.0,0.0103409048169851,0.0101040722802281,123
base_model.model.model.layers.28.self_attn.v_proj.lora_B.weight,"(1024, 16)",0.0044538927653792,0.494873046875,0.3261711299419403,0.3016921877861023,0.0,0.0,0.0019785235635936,0.0019569564610719,123
base_model.model.model.layers.29.mlp.down_proj.lora_A.weight,"(16, 9728)",0.7087799985246941,0.2011847198009491,3.01016616821289,2.5877039432525635,0.0,0.0,0.0062307072803378,0.0055148093961179,123
base_model.model.model.layers.29.mlp.down_proj.lora_B.weight,"(2560, 16)",0.0081494645272926,0.4995361268520355,0.6765502095222473,0.4993951916694641,0.0,0.0,0.0026139253750443,0.0020149331539869,123
base_model.model.model.layers.29.mlp.gate_proj.lora_A.weight,"(16, 2560)",0.8644473050409878,0.1268798857927322,2.6488037109375,2.455981969833374,0.0,0.0,0.0110112624242901,0.0103660151362419,123
base_model.model.model.layers.29.mlp.gate_proj.lora_B.weight,"(9728, 16)",0.0074372605726573,0.4980533123016357,2.030722618103028,1.0444378852844238,0.0,0.0,0.0039660395123064,0.0021375534124672,123
base_model.model.model.layers.29.mlp.up_proj.lora_A.weight,"(16, 2560)",0.9030684388153596,0.1059082001447677,2.5505290031433105,2.4113776683807373,0.0,0.0,0.0106669925153255,0.0102074518799781,123
base_model.model.model.layers.29.mlp.up_proj.lora_B.weight,"(9728, 16)",0.0059416641728122,0.4973016083240509,1.666923999786377,0.9956652522087096,0.0,0.0,0.0032581381965428,0.002067198511213,123
base_model.model.model.layers.29.self_attn.k_proj.lora_A.weight,"(16, 2560)",0.931113693941058,0.0885009765625,2.412524461746216,2.38570499420166,0.0,0.0,0.0101873828098177,0.0101086059585213,123
base_model.model.model.layers.29.self_attn.k_proj.lora_B.weight,"(1024, 16)",0.0167307819981291,0.4971923828125,0.3462109267711639,0.3040519058704376,0.0,0.0,0.0020454991608858,0.0019256846280768,123
base_model.model.model.layers.29.self_attn.o_proj.lora_A.weight,"(16, 4096)",0.9147500325096928,0.0945587158203125,2.439920425415039,2.4241302013397217,0.0,0.0,0.0081346621736884,0.0080883549526333,123
base_model.model.model.layers.29.self_attn.o_proj.lora_B.weight,"(2560, 16)",0.0085269148030942,0.495361328125,0.4654793739318847,0.5054420828819275,0.0,0.0,0.0018189400434494,0.0020549143664538,123
base_model.model.model.layers.29.self_attn.q_proj.lora_A.weight,"(16, 2560)",0.905554695774591,0.1049072295427322,2.497877359390259,2.400388240814209,0.0,0.0,0.0104736825451254,0.0101618384942412,123
base_model.model.model.layers.29.self_attn.q_proj.lora_B.weight,"(4096, 16)",0.0136598175490481,0.49005126953125,0.7583133578300476,0.5957621335983276,0.0,0.0,0.0022108701523393,0.0019067713292315,123
base_model.model.model.layers.29.self_attn.v_proj.lora_A.weight,"(16, 2560)",0.9405425602482136,0.0783203095197677,2.398181438446045,2.38240122795105,0.0,0.0,0.0101482551544904,0.0101073710247874,123
base_model.model.model.layers.29.self_attn.v_proj.lora_B.weight,"(1024, 16)",0.0103678735742941,0.4954833984375,0.3247879147529602,0.2985347807407379,0.0,0.0,0.0019910749979317,0.0019524646922945,123
base_model.model.model.layers.3.mlp.down_proj.lora_A.weight,"(16, 9728)",0.8530366553174511,0.1285528838634491,2.4899051189422607,2.5400068759918213,0.0,0.0,0.0053496100008487,0.0054294322617352,123
base_model.model.model.layers.3.mlp.down_proj.lora_B.weight,"(2560, 16)",0.003876448049883,0.500170886516571,0.4266322553157806,0.483686089515686,0.0,0.0,0.0016753248637542,0.0019304450834169,123
base_model.model.model.layers.3.mlp.gate_proj.lora_A.weight,"(16, 2560)",0.9424288926013584,0.0815673843026161,2.366102695465088,2.4144415855407715,0.0,0.0,0.0100492117926478,0.0102018760517239,123
base_model.model.model.layers.3.mlp.gate_proj.lora_B.weight,"(9728, 16)",0.0426001231306545,0.4698357880115509,1.0309498310089111,0.9675425887107848,0.0,0.0,0.0018702310044318,0.001925615244545,123
base_model.model.model.layers.3.mlp.up_proj.lora_A.weight,"(16, 2560)",0.9509067306325556,0.0721191391348838,2.360070943832397,2.397935628890991,0.0,0.0,0.0100423078984022,0.0101678045466542,123
base_model.model.model.layers.3.mlp.up_proj.lora_B.weight,"(9728, 16)",0.0364955071322507,0.4986765086650848,0.8771675825119019,0.8429728746414185,0.0,0.0,0.0015749710146337,0.0016369838267564,123
base_model.model.model.layers.3.self_attn.k_proj.lora_A.weight,"(16, 2560)",0.9378653856185024,0.0829589813947677,2.3833110332489014,2.393419027328491,0.0,0.0,0.0100969998165965,0.0101346615701913,123
base_model.model.model.layers.3.self_attn.k_proj.lora_B.weight,"(1024, 16)",0.0250860658247264,0.48760986328125,0.2551499009132385,0.3025791943073272,0.0,0.0,0.001551057677716,0.0019085513195022,123
base_model.model.model.layers.3.self_attn.o_proj.lora_A.weight,"(16, 4096)",0.9061435046955176,0.1052703857421875,2.4180712699890137,2.471498250961304,0.0,0.0,0.0080716665834188,0.0082189766690135,123
base_model.model.model.layers.3.self_attn.o_proj.lora_B.weight,"(2560, 16)",0.0017205182949964,0.500537097454071,0.4657646119594574,0.4991781115531921,0.0,0.0,0.0018026183824986,0.0020006343256682,123
base_model.model.model.layers.3.self_attn.q_proj.lora_A.weight,"(16, 2560)",0.9430435069220487,0.0810546875,2.391645669937134,2.39841628074646,0.0,0.0,0.0101447496563196,0.0101661514490842,123
base_model.model.model.layers.3.self_attn.q_proj.lora_B.weight,"(4096, 16)",0.0050584970174188,0.4966583251953125,0.5532061457633972,0.6062670350074768,0.0,0.0,0.0016520692734047,0.0019110171124339,123
base_model.model.model.layers.3.self_attn.v_proj.lora_A.weight,"(16, 2560)",0.946735609535346,0.0743896514177322,2.370887994766236,2.407020568847656,0.0,0.0,0.0101043749600648,0.0102067617699503,123
base_model.model.model.layers.3.self_attn.v_proj.lora_B.weight,"(1024, 16)",0.0351737461966812,0.4864501953125,0.2335615903139114,0.2913773357868194,0.0,0.0,0.0014309062389656,0.0018483942840248,123
base_model.model.model.layers.30.mlp.down_proj.lora_A.weight,"(16, 9728)",0.7046757186736234,0.2025467753410339,3.0291264057159424,2.572922468185425,0.0,0.0,0.0062550851143896,0.0054905442520976,123
base_model.model.model.layers.30.mlp.down_proj.lora_B.weight,"(2560, 16)",0.0076131517844481,0.4978759884834289,0.6466220617294312,0.4894641935825348,0.0,0.0,0.0025180941447615,0.001980923814699,123
base_model.model.model.layers.30.mlp.gate_proj.lora_A.weight,"(16, 2560)",0.8759054063955949,0.1221435517072677,2.6392455101013184,2.458302974700928,0.0,0.0,0.0109838740900158,0.010393314063549,123
base_model.model.model.layers.30.mlp.gate_proj.lora_B.weight,"(9728, 16)",0.0080895913005002,0.4978605508804321,2.02428936958313,1.0248030424118042,0.0,0.0,0.0039670267142355,0.0020972632337361,123
base_model.model.model.layers.30.mlp.up_proj.lora_A.weight,"(16, 2560)",0.8950095568784128,0.111328125,2.5630745887756348,2.439374685287476,0.0,0.0,0.0107108708471059,0.0103174624964594,123
base_model.model.model.layers.30.mlp.up_proj.lora_B.weight,"(9728, 16)",0.0068004508632581,0.497160255908966,1.7622299194335938,1.0305731296539309,0.0,0.0,0.003411604790017,0.0021103974431753,123
base_model.model.model.layers.30.self_attn.k_proj.lora_A.weight,"(16, 2560)",0.8836690612661817,0.1151611357927322,2.558956861495972,2.3985519409179688,0.0,0.0,0.0106536373496055,0.0101723605766892,123
base_model.model.model.layers.30.self_attn.k_proj.lora_B.weight,"(1024, 16)",0.0307291887326857,0.48052978515625,0.398161381483078,0.3003410398960113,0.0,0.0,0.0023186337202787,0.0019168456783518,123
base_model.model.model.layers.30.self_attn.o_proj.lora_A.weight,"(16, 4096)",0.8776598786168542,0.1146087646484375,2.560685634613037,2.419684410095215,0.0,0.0,0.0084282848984003,0.0080684684216976,123
base_model.model.model.layers.30.self_attn.o_proj.lora_B.weight,"(2560, 16)",0.0056283429482526,0.4973388612270355,0.7166812419891357,0.5001125335693359,0.0,0.0,0.0027627416420727,0.0020384381059557,123
base_model.model.model.layers.30.self_attn.q_proj.lora_A.weight,"(16, 2560)",0.8982075531156082,0.1115478500723838,2.4975028038024902,2.405296802520752,0.0,0.0,0.0104568023234605,0.010166922584176,123
base_model.model.model.layers.30.self_attn.q_proj.lora_B.weight,"(4096, 16)",0.00190089272943,0.496917724609375,0.8771302103996277,0.6667698621749878,0.0,0.0,0.0025468892417848,0.0020950837060809,123
base_model.model.model.layers.30.self_attn.v_proj.lora_A.weight,"(16, 2560)",0.9180356115172342,0.0928466767072677,2.466177463531494,2.3857080936431885,0.0,0.0,0.0103593813255429,0.0101360566914081,123
base_model.model.model.layers.30.self_attn.v_proj.lora_B.weight,"(1024, 16)",0.0169460509395068,0.49102783203125,0.3160094916820526,0.2977077066898346,0.0,0.0,0.0019377052085474,0.0019427561201155,123
base_model.model.model.layers.31.mlp.down_proj.lora_A.weight,"(16, 9728)",0.6924478342776611,0.2090421915054321,3.080175876617432,2.583616256713867,0.0,0.0,0.0063465223647654,0.0055076456628739,123
base_model.model.model.layers.31.mlp.down_proj.lora_B.weight,"(2560, 16)",0.0128034596307889,0.496264636516571,0.6664994955062866,0.5068499445915222,0.0,0.0,0.0025925948284566,0.0020509327296167,123
base_model.model.model.layers.31.mlp.gate_proj.lora_A.weight,"(16, 2560)",0.8730159178538476,0.1239013671875,2.611057996749878,2.4566915035247803,0.0,0.0,0.0108487708494067,0.0103487288579344,123
base_model.model.model.layers.31.mlp.gate_proj.lora_B.weight,"(9728, 16)",0.0053906702419941,0.4975007772445678,2.0069568157196045,1.0283668041229248,0.0,0.0,0.0038923798128962,0.0021030874922871,123
base_model.model.model.layers.31.mlp.up_proj.lora_A.weight,"(16, 2560)",0.8976909293591467,0.109375,2.5585432052612305,2.4552865028381348,0.0,0.0,0.0107230115681886,0.0103788329288363,123
base_model.model.model.layers.31.mlp.up_proj.lora_B.weight,"(9728, 16)",0.0077579719510541,0.4966205656528473,1.6621538400650024,1.028139591217041,0.0,0.0,0.0032046008855104,0.0021120978053659,123
base_model.model.model.layers.31.self_attn.k_proj.lora_A.weight,"(16, 2560)",0.8919560759420398,0.1139404326677322,2.529883623123169,2.383474349975586,0.0,0.0,0.0105539979413151,0.0101068094372749,123
base_model.model.model.layers.31.self_attn.k_proj.lora_B.weight,"(1024, 16)",-0.0097334091458592,0.50689697265625,0.3990629613399505,0.3071021735668182,0.0,0.0,0.0023177682887762,0.0019603504333645,123
base_model.model.model.layers.31.self_attn.o_proj.lora_A.weight,"(16, 4096)",0.8921811022134264,0.10882568359375,2.5276691913604736,2.426122665405273,0.0,0.0,0.0083641037344932,0.00809739343822,123
base_model.model.model.layers.31.self_attn.o_proj.lora_B.weight,"(2560, 16)",0.0025424665404753,0.4982666075229645,0.6793796420097351,0.4951450526714325,0.0,0.0,0.0026318649761378,0.0020132414065301,123
base_model.model.model.layers.31.self_attn.q_proj.lora_A.weight,"(16, 2560)",0.9026175241653313,0.1068847626447677,2.5070910453796387,2.389471530914306,0.0,0.0,0.0104798348620533,0.0101225329563021,123
base_model.model.model.layers.31.self_attn.q_proj.lora_B.weight,"(4096, 16)",-0.000193950325547,0.496551513671875,0.7911832928657532,0.6148389577865601,0.0,0.0,0.0022848509252071,0.001962018199265,123
base_model.model.model.layers.31.self_attn.v_proj.lora_A.weight,"(16, 2560)",0.8970886059549243,0.1049072295427322,2.5171380043029785,2.3832876682281494,0.0,0.0,0.0105003220960497,0.0100839314982295,123
base_model.model.model.layers.31.self_attn.v_proj.lora_B.weight,"(1024, 16)",0.050116339743344,0.47686767578125,0.3592910766601562,0.2948828637599945,0.0,0.0,0.0021614476572722,0.0019189086742699,123
base_model.model.model.layers.32.mlp.down_proj.lora_A.weight,"(16, 9728)",0.688528060643098,0.2086117416620254,3.0960066318511963,2.575444459915161,0.0,0.0,0.0063752643764019,0.0054960236884653,123
base_model.model.model.layers.32.mlp.down_proj.lora_B.weight,"(2560, 16)",0.0075022099661938,0.498583972454071,0.6593891978263855,0.5125435590744019,0.0,0.0,0.0025546518154442,0.0020696085412055,123
base_model.model.model.layers.32.mlp.gate_proj.lora_A.weight,"(16, 2560)",0.8774483273683088,0.1221435517072677,2.5924718379974365,2.465257406234741,0.0,0.0,0.0108071248978376,0.0103948097676038,123
base_model.model.model.layers.32.mlp.gate_proj.lora_B.weight,"(9728, 16)",0.0103147034006165,0.4947766661643982,1.923163890838623,1.0670636892318726,0.0,0.0,0.0037497859448194,0.0021829772740602,123
base_model.model.model.layers.32.mlp.up_proj.lora_A.weight,"(16, 2560)",0.902168448233612,0.105712890625,2.5316171646118164,2.4542386531829834,0.0,0.0,0.0106291817501187,0.0103830294683575,123
base_model.model.model.layers.32.mlp.up_proj.lora_B.weight,"(9728, 16)",0.0065946738812203,0.498046875,1.677214503288269,1.0587100982666016,0.0,0.0,0.0032475353218615,0.0021738619543612,123
base_model.model.model.layers.32.self_attn.k_proj.lora_A.weight,"(16, 2560)",0.9007321003105022,0.1072998046875,2.501490592956543,2.3843133449554443,0.0,0.0,0.010454922914505,0.0100982766598463,123
base_model.model.model.layers.32.self_attn.k_proj.lora_B.weight,"(1024, 16)",0.0438380583321827,0.4818115234375,0.3943837285041809,0.298272430896759,0.0,0.0,0.00229779840447,0.0019281236454844,123
base_model.model.model.layers.32.self_attn.o_proj.lora_A.weight,"(16, 4096)",0.8749455738131595,0.116943359375,2.5704312324523926,2.440446138381958,0.0,0.0,0.0084588266909122,0.0081341108307242,123
base_model.model.model.layers.32.self_attn.o_proj.lora_B.weight,"(2560, 16)",0.0222954834177119,0.4942626953125,0.7676295042037964,0.5265324115753174,0.0,0.0,0.0029465034604072,0.0021293985191732,123
base_model.model.model.layers.32.self_attn.q_proj.lora_A.weight,"(16, 2560)",0.8957007581476089,0.10986328125,2.538996696472168,2.3760430812835693,0.0,0.0,0.010614494793117,0.0101036299020051,123
base_model.model.model.layers.32.self_attn.q_proj.lora_B.weight,"(4096, 16)",0.0157743326425607,0.4933929443359375,0.8833555579185486,0.606044590473175,0.0,0.0,0.0025825733318924,0.0019456766312941,123
base_model.model.model.layers.32.self_attn.v_proj.lora_A.weight,"(16, 2560)",0.8625833575754827,0.1269287168979644,2.634012460708618,2.4107906818389893,0.0,0.0,0.0109050991013646,0.0102070439606904,123
base_model.model.model.layers.32.self_attn.v_proj.lora_B.weight,"(1024, 16)",0.0021431169640189,0.49493408203125,0.4719794690608978,0.3390319049358368,0.0,0.0,0.0027905975002795,0.002186260651797,123
base_model.model.model.layers.33.mlp.down_proj.lora_A.weight,"(16, 9728)",0.7249191004124256,0.186857521533966,2.940366268157959,2.5595920085906982,0.0,0.0,0.0060803983360528,0.005461186170578,123
base_model.model.model.layers.33.mlp.down_proj.lora_B.weight,"(2560, 16)",0.0207410224225858,0.4936279356479645,0.663983941078186,0.4997734725475311,0.0,0.0,0.0025894304271787,0.0020199150312691,123
base_model.model.model.layers.33.mlp.gate_proj.lora_A.weight,"(16, 2560)",0.8721146329766641,0.12109375,2.6219165325164795,2.455885648727417,0.0,0.0,0.0109128449112176,0.0103608537465333,123
base_model.model.model.layers.33.mlp.gate_proj.lora_B.weight,"(9728, 16)",0.0148148798123263,0.4926051199436188,2.048203706741333,1.0844866037368774,0.0,0.0,0.0039475024677813,0.0022219661623239,123
base_model.model.model.layers.33.mlp.up_proj.lora_A.weight,"(16, 2560)",0.9072403999754676,0.1015869155526161,2.519505262374878,2.4594292640686035,0.0,0.0,0.0106104565784335,0.010413147509098,123
base_model.model.model.layers.33.mlp.up_proj.lora_B.weight,"(9728, 16)",0.0093877941811526,0.4954962432384491,1.662384271621704,1.1071035861968994,0.0,0.0,0.0031825785990804,0.0022621012758463,123
base_model.model.model.layers.33.self_attn.k_proj.lora_A.weight,"(16, 2560)",0.8884663066579083,0.1148681640625,2.55258584022522,2.3871090412139893,0.0,0.0,0.0106367645785212,0.0101282997056841,123
base_model.model.model.layers.33.self_attn.k_proj.lora_B.weight,"(1024, 16)",-0.0157405379713379,0.50408935546875,0.3748349249362945,0.3077766597270965,0.0,0.0,0.0021557840518653,0.0019929385744035,123
base_model.model.model.layers.33.self_attn.o_proj.lora_A.weight,"(16, 4096)",0.88639033165619,0.110626220703125,2.544177532196045,2.414684295654297,0.0,0.0,0.0083861444145441,0.0080628022551536,123
base_model.model.model.layers.33.self_attn.o_proj.lora_B.weight,"(2560, 16)",0.0121393048193221,0.4979980587959289,0.8324272632598877,0.5001816749572754,0.0,0.0,0.0032052905298769,0.0020372183062136,123
base_model.model.model.layers.33.self_attn.q_proj.lora_A.weight,"(16, 2560)",0.8927857047500382,0.1130615249276161,2.522247791290283,2.379096746444702,0.0,0.0,0.0105053465813398,0.0100746359676122,123
base_model.model.model.layers.33.self_attn.q_proj.lora_B.weight,"(4096, 16)",0.008238715234839,0.492218017578125,0.8138965964317322,0.6018249988555908,0.0,0.0,0.002304227091372,0.0019276776583865,123
base_model.model.model.layers.33.self_attn.v_proj.lora_A.weight,"(16, 2560)",0.868142389563146,0.1243164092302322,2.606497049331665,2.377697706222534,0.0,0.0,0.0107812033966183,0.0100835263729095,123
base_model.model.model.layers.33.self_attn.v_proj.lora_B.weight,"(1024, 16)",-0.003175453497517,0.49920654296875,0.4091478586196899,0.3294498920440674,0.0,0.0,0.0024052888620644,0.0021205004304647,123
base_model.model.model.layers.34.mlp.down_proj.lora_A.weight,"(16, 9728)",0.6928007703751049,0.1970728784799575,3.070789337158203,2.5674703121185303,0.0,0.0,0.0063024931587278,0.0054750754497945,123
base_model.model.model.layers.34.mlp.down_proj.lora_B.weight,"(2560, 16)",0.0282968500610366,0.4872070252895355,0.7057192325592041,0.5220196843147278,0.0,0.0,0.0026937082875519,0.0020887074060738,123
base_model.model.model.layers.34.mlp.gate_proj.lora_A.weight,"(16, 2560)",0.8746858454265954,0.1208007782697677,2.6269919872283936,2.444906711578369,0.0,0.0,0.0109220119193196,0.0103139001876115,123
base_model.model.model.layers.34.mlp.gate_proj.lora_B.weight,"(9728, 16)",0.0118775882618266,0.4895533621311188,1.8417171239852903,1.1085577011108398,0.0,0.0,0.0034549511037766,0.0022691320627927,123
base_model.model.model.layers.34.mlp.up_proj.lora_A.weight,"(16, 2560)",0.8721795423985566,0.1222900375723838,2.594463348388672,2.436121225357056,0.0,0.0,0.0107682961970567,0.010277708992362,123
base_model.model.model.layers.34.mlp.up_proj.lora_B.weight,"(9728, 16)",0.0137320905056109,0.4900737702846527,1.6128252744674685,1.0946245193481443,0.0,0.0,0.0029855312313884,0.0022507903631776,123
base_model.model.model.layers.34.self_attn.k_proj.lora_A.weight,"(16, 2560)",0.8992065110012715,0.1089111343026161,2.491361141204834,2.387505292892456,0.0,0.0,0.0104286614805459,0.0101005863398313,123
base_model.model.model.layers.34.self_attn.k_proj.lora_B.weight,"(1024, 16)",0.0147452811565265,0.49481201171875,0.4416707456111908,0.3168590068817138,0.0,0.0,0.0025777288246899,0.0020456260535866,123
base_model.model.model.layers.34.self_attn.o_proj.lora_A.weight,"(16, 4096)",0.8696371757068871,0.1228485107421875,2.6176979541778564,2.4003660678863525,0.0,0.0,0.0085699222981929,0.0080321514979004,123
base_model.model.model.layers.34.self_attn.o_proj.lora_B.weight,"(2560, 16)",0.0144640567731973,0.4942626953125,0.6606171131134033,0.4949651062488556,0.0,0.0,0.0025850732345134,0.0020096395164728,123
base_model.model.model.layers.34.self_attn.q_proj.lora_A.weight,"(16, 2560)",0.919626427151353,0.0971435531973838,2.46567702293396,2.360729932785034,0.0,0.0,0.0103595508262515,0.010018209926784,123
base_model.model.model.layers.34.self_attn.q_proj.lora_B.weight,"(4096, 16)",-0.0022004802561214,0.496734619140625,1.107959270477295,0.6265729665756226,0.0,0.0,0.0032159150578081,0.0019975167233496,123
base_model.model.model.layers.34.self_attn.v_proj.lora_A.weight,"(16, 2560)",0.901862264800016,0.1021484360098838,2.5069713592529297,2.392425775527954,0.0,0.0,0.0104820253327488,0.0101416818797588,123
base_model.model.model.layers.34.self_attn.v_proj.lora_B.weight,"(1024, 16)",0.0362261788884736,0.47247314453125,0.4079921543598175,0.3325989544391632,0.0,0.0,0.0024514107499271,0.0021430640481412,123
base_model.model.model.layers.35.mlp.down_proj.lora_A.weight,"(16, 9728)",0.565758278806417,0.1710462123155594,3.670217275619507,2.703398942947388,0.0,0.0,0.0059556984342634,0.0055215447209775,123
base_model.model.model.layers.35.mlp.down_proj.lora_B.weight,"(2560, 16)",0.1104073637154687,0.4595703184604645,0.4007770717144012,0.4715968072414398,0.0,0.0,0.0016297608381137,0.0018932062666863,123
base_model.model.model.layers.35.mlp.gate_proj.lora_A.weight,"(16, 2560)",0.8658540980394803,0.1236816421151161,2.646815538406372,2.4294450283050537,0.0,0.0,0.0109416935592889,0.0102632297202944,123
base_model.model.model.layers.35.mlp.gate_proj.lora_B.weight,"(9728, 16)",0.0406509491108727,0.4828973114490509,1.801443219184876,1.1073980331420898,0.0,0.0,0.0031037633307278,0.0022339946590363,123
base_model.model.model.layers.35.mlp.up_proj.lora_A.weight,"(16, 2560)",0.9006158492262801,0.1072509735822677,2.52302885055542,2.400871992111206,0.0,0.0,0.010526031255722,0.0101580498740077,123
base_model.model.model.layers.35.mlp.up_proj.lora_B.weight,"(9728, 16)",0.0414320443766913,0.4767423868179321,1.6489975452423096,1.2294591665267944,0.0,0.0,0.0024233649019151,0.0021874213125556,123
base_model.model.model.layers.35.self_attn.k_proj.lora_A.weight,"(16, 2560)",0.8844001066608728,0.1177490204572677,2.576094150543213,2.3990371227264404,0.0,0.0,0.0107266483828425,0.0101848328486084,123
base_model.model.model.layers.35.self_attn.k_proj.lora_B.weight,"(1024, 16)",0.0368370462046204,0.4910888671875,0.5331200957298279,0.33876433968544,0.0,0.0,0.0032153914216905,0.0021821274422109,123
base_model.model.model.layers.35.self_attn.o_proj.lora_A.weight,"(16, 4096)",0.8452218108673564,0.13641357421875,2.66733980178833,2.4188055992126465,0.0,0.0,0.0086978077888488,0.0080746579915285,123
base_model.model.model.layers.35.self_attn.o_proj.lora_B.weight,"(2560, 16)",0.0171563076077098,0.4958007931709289,0.673485279083252,0.5173195004463196,0.0,0.0,0.0026091814506798,0.002102333586663,123
base_model.model.model.layers.35.self_attn.q_proj.lora_A.weight,"(16, 2560)",0.9074485173813664,0.1061523407697677,2.506882905960083,2.387559175491333,0.0,0.0,0.010486994870007,0.0101082604378461,123
base_model.model.model.layers.35.self_attn.q_proj.lora_B.weight,"(4096, 16)",0.0261058785422219,0.4836883544921875,0.9620991349220276,0.6563720107078552,0.0,0.0,0.0028628706932067,0.0021245961543172,123
base_model.model.model.layers.35.self_attn.v_proj.lora_A.weight,"(16, 2560)",0.8236586991085258,0.1461669951677322,2.748457193374634,2.371401071548462,0.0,0.0,0.0112149398773908,0.0100519256666302,123
base_model.model.model.layers.35.self_attn.v_proj.lora_B.weight,"(1024, 16)",0.0118466079062503,0.49322509765625,0.5014126896858215,0.3324005305767059,0.0,0.0,0.0029364151414483,0.0021402577403932,123
base_model.model.model.layers.4.mlp.down_proj.lora_A.weight,"(16, 9728)",0.8347535945482709,0.144576221704483,2.500597715377808,2.5891377925872803,0.0,0.0,0.0053662345744669,0.0055100666359066,123
base_model.model.model.layers.4.mlp.down_proj.lora_B.weight,"(2560, 16)",0.0081538451976668,0.4986328184604645,0.4252705574035644,0.4809664487838745,0.0,0.0,0.0016659593675285,0.0019180765375494,123
base_model.model.model.layers.4.mlp.gate_proj.lora_A.weight,"(16, 2560)",0.9260276704378108,0.0919433608651161,2.395690679550171,2.4672887325286865,0.0,0.0,0.0101653402671217,0.0103924693539738,123
base_model.model.model.layers.4.mlp.gate_proj.lora_B.weight,"(9728, 16)",0.0040754665788376,0.4985608458518982,0.921960949897766,1.0075567960739136,0.0,0.0,0.0018042959272861,0.0020422602538019,123
base_model.model.model.layers.4.mlp.up_proj.lora_A.weight,"(16, 2560)",0.9496577174065332,0.0720458999276161,2.364971160888672,2.394646167755127,0.0,0.0,0.0100482311099767,0.0101463915780186,123
base_model.model.model.layers.4.mlp.up_proj.lora_B.weight,"(9728, 16)",0.019527070624396,0.4904913604259491,0.798729419708252,0.872402548789978,0.0,0.0,0.001571682980284,0.0017893675249069,123
base_model.model.model.layers.4.self_attn.k_proj.lora_A.weight,"(16, 2560)",0.9079925137056892,0.1009521484375,2.4347803592681885,2.4279935359954834,0.0,0.0,0.0102554783225059,0.0102487234398722,123
base_model.model.model.layers.4.self_attn.k_proj.lora_B.weight,"(1024, 16)",-0.0209467522132587,0.51031494140625,0.3239397704601288,0.336187332868576,0.0,0.0,0.0019442115444689,0.0021033461671322,123
base_model.model.model.layers.4.self_attn.o_proj.lora_A.weight,"(16, 4096)",0.9051220886326312,0.103729248046875,2.420679807662964,2.464959621429444,0.0,0.0,0.0080736353993415,0.0081830387935042,123
base_model.model.model.layers.4.self_attn.o_proj.lora_B.weight,"(2560, 16)",0.0057885580073016,0.4951171875,0.4337230622768402,0.5102798938751221,0.0,0.0,0.0016769431531429,0.002043608110398,123
base_model.model.model.layers.4.self_attn.q_proj.lora_A.weight,"(16, 2560)",0.941470508390549,0.0816650390625,2.394358396530152,2.3973846435546875,0.0,0.0,0.0101431142538785,0.0101553201675415,123
base_model.model.model.layers.4.self_attn.q_proj.lora_B.weight,"(4096, 16)",0.0089874579785699,0.498138427734375,0.6182438731193542,0.6025825142860413,0.0,0.0,0.0018370158504694,0.0019002567278221,123
base_model.model.model.layers.4.self_attn.v_proj.lora_A.weight,"(16, 2560)",0.9339536876873424,0.0858154296875,2.370846033096313,2.453710556030273,0.0,0.0,0.0100882742553949,0.0103506799787282,123
base_model.model.model.layers.4.self_attn.v_proj.lora_B.weight,"(1024, 16)",0.0062880761165075,0.49151611328125,0.2686095833778381,0.3356026113033294,0.0,0.0,0.0016420293832197,0.0021093133836984,123
base_model.model.model.layers.5.mlp.down_proj.lora_A.weight,"(16, 9728)",0.8201649997624999,0.1511423140764236,2.525324583053589,2.615682363510132,0.0,0.0,0.0054051531478762,0.0055560376495122,123
base_model.model.model.layers.5.mlp.down_proj.lora_B.weight,"(2560, 16)",-0.00176965946325,0.5006347894668579,0.4469242095947265,0.4843310415744781,0.0,0.0,0.0017383592203259,0.0019472116837278,123
base_model.model.model.layers.5.mlp.gate_proj.lora_A.weight,"(16, 2560)",0.9421891663081756,0.0797363296151161,2.3743276596069336,2.433646440505981,0.0,0.0,0.0100990729406476,0.0102813933044672,123
base_model.model.model.layers.5.mlp.gate_proj.lora_B.weight,"(9728, 16)",-7.601249688255293e-05,0.4973208904266357,0.9625285267829896,0.957570493221283,0.0,0.0,0.0018905091565102,0.0019483860814943,123
base_model.model.model.layers.5.mlp.up_proj.lora_A.weight,"(16, 2560)",0.9465060488833538,0.0779540985822677,2.3729357719421387,2.406707525253296,0.0,0.0,0.0100597012788057,0.0101696792989969,123
base_model.model.model.layers.5.mlp.up_proj.lora_B.weight,"(9728, 16)",0.0211351092750665,0.4911531209945678,0.8477888107299805,0.9029788374900818,0.0,0.0,0.0016706832684576,0.0018621399067342,123
base_model.model.model.layers.5.self_attn.k_proj.lora_A.weight,"(16, 2560)",0.9375299053288136,0.0850830078125,2.3871607780456543,2.3774619102478027,0.0,0.0,0.0100979758426547,0.0100792655721306,123
base_model.model.model.layers.5.self_attn.k_proj.lora_B.weight,"(1024, 16)",-0.0015643267844752,0.49774169921875,0.2651875615119934,0.2940418422222137,0.0,0.0,0.0016020634211599,0.0018676947802305,123
base_model.model.model.layers.5.self_attn.o_proj.lora_A.weight,"(16, 4096)",0.9152631209640718,0.0982208251953125,2.418673276901245,2.4584434032440186,0.0,0.0,0.008079070597887,0.0081785097718238,123
base_model.model.model.layers.5.self_attn.o_proj.lora_B.weight,"(2560, 16)",0.0151376294113265,0.4926269650459289,0.4485066831111908,0.4911174476146698,0.0,0.0,0.0017398732015863,0.0019721132703125,123
base_model.model.model.layers.5.self_attn.q_proj.lora_A.weight,"(16, 2560)",0.9385871339646904,0.0852294936776161,2.4027156829833984,2.383958578109741,0.0,0.0,0.0101718734949827,0.0100991129875183,123
base_model.model.model.layers.5.self_attn.q_proj.lora_B.weight,"(4096, 16)",0.003907162462548,0.4970550537109375,0.5646516680717468,0.5705265402793884,0.0,0.0,0.0016937139444053,0.0018009003251791,123
base_model.model.model.layers.5.self_attn.v_proj.lora_A.weight,"(16, 2560)",0.9393511512611588,0.081298828125,2.4048938751220703,2.384796380996704,0.0,0.0,0.0101663600653409,0.0101142823696136,123
base_model.model.model.layers.5.self_attn.v_proj.lora_B.weight,"(1024, 16)",0.0582613464820667,0.47552490234375,0.3016036748886108,0.2934285700321197,0.0,0.0,0.0018173599382862,0.0018677662592381,123
base_model.model.model.layers.6.mlp.down_proj.lora_A.weight,"(16, 9728)",0.0536169361868517,0.1956851333379745,12.840103149414062,5.838264465332031,0.0,0.0,0.0115052005276083,0.0079238126054406,123
base_model.model.model.layers.6.mlp.down_proj.lora_B.weight,"(2560, 16)",0.0597487848903212,0.4746337831020355,0.5286884307861328,0.4377755522727966,0.0,0.0,0.0020103275310248,0.00179302575998,123
base_model.model.model.layers.6.mlp.gate_proj.lora_A.weight,"(16, 2560)",0.9477381762191498,0.0762939453125,2.379688262939453,2.4033899307250977,0.0,0.0,0.010105974972248,0.0101786609739065,123
base_model.model.model.layers.6.mlp.gate_proj.lora_B.weight,"(9728, 16)",0.005782205297906,0.4973658621311188,0.9294219613075256,0.9149960875511168,0.0,0.0,0.0018196105957031,0.0018761230167001,123
base_model.model.model.layers.6.mlp.up_proj.lora_A.weight,"(16, 2560)",0.9533266939287875,0.0713378936052322,2.3642771244049072,2.393289804458618,0.0,0.0,0.0100535228848457,0.0101430118083953,123
base_model.model.model.layers.6.mlp.up_proj.lora_B.weight,"(9728, 16)",0.0213714257277347,0.4931576251983642,0.791651725769043,0.8680559992790222,0.0,0.0,0.0015822505811229,0.0018004449084401,123
base_model.model.model.layers.6.self_attn.k_proj.lora_A.weight,"(16, 2560)",0.926282389542866,0.0922363251447677,2.433361768722534,2.3952279090881348,0.0,0.0,0.010254587046802,0.0101525336503982,123
base_model.model.model.layers.6.self_attn.k_proj.lora_B.weight,"(1024, 16)",0.0010687782395254,0.497802734375,0.3243396878242492,0.3016005158424377,0.0,0.0,0.0019706159364432,0.0019195562927052,123
base_model.model.model.layers.6.self_attn.o_proj.lora_A.weight,"(16, 4096)",0.9234514619709452,0.0929718017578125,2.422125816345215,2.4273791313171387,0.0,0.0,0.0080905994400382,0.008103753440082,123
base_model.model.model.layers.6.self_attn.o_proj.lora_B.weight,"(2560, 16)",0.0443307005204762,0.481249988079071,0.4443323612213135,0.4602737724781036,0.0,0.0,0.0017216161359101,0.0018508534412831,123
base_model.model.model.layers.6.self_attn.q_proj.lora_A.weight,"(16, 2560)",0.9410896010002512,0.0800537094473838,2.389046192169189,2.4024972915649414,0.0,0.0,0.0101308403536677,0.0101807415485382,123
base_model.model.model.layers.6.self_attn.q_proj.lora_B.weight,"(4096, 16)",0.0122933456142467,0.4880218505859375,0.578072726726532,0.5905182361602783,0.0,0.0,0.001725000096485,0.0018720051739364,123
base_model.model.model.layers.6.self_attn.v_proj.lora_A.weight,"(16, 2560)",0.9359430324738276,0.0838623046875,2.409437894821167,2.387456178665161,0.0,0.0,0.0101924063637852,0.010120578110218,123
base_model.model.model.layers.6.self_attn.v_proj.lora_B.weight,"(1024, 16)",0.0106035655569831,0.4951171875,0.2946013808250427,0.2799402773380279,0.0,0.0,0.0018017657566815,0.0017937796656042,123
base_model.model.model.layers.7.mlp.down_proj.lora_A.weight,"(16, 9728)",0.7973340142228592,0.1638312041759491,2.607480525970459,2.6048600673675537,0.0,0.0,0.005540314130485,0.0055368333123624,123
base_model.model.model.layers.7.mlp.down_proj.lora_B.weight,"(2560, 16)",0.0067474106798473,0.4938476681709289,0.5041047930717468,0.4780616462230682,0.0,0.0,0.0019627709407359,0.001933453255333,123
base_model.model.model.layers.7.mlp.gate_proj.lora_A.weight,"(16, 2560)",0.9296554493724972,0.0809814482927322,2.4245049953460693,2.4124503135681152,0.0,0.0,0.010222079232335,0.0102051747962832,123
base_model.model.model.layers.7.mlp.gate_proj.lora_B.weight,"(9728, 16)",0.0040699007155671,0.4977063536643982,1.0523946285247805,0.9202457666397096,0.0,0.0,0.0020325614605098,0.0018927867058664,123
base_model.model.model.layers.7.mlp.up_proj.lora_A.weight,"(16, 2560)",0.9459553268882712,0.0769531279802322,2.3902974128723145,2.390910387039185,0.0,0.0,0.0101226661354303,0.0101244281977415,123
base_model.model.model.layers.7.mlp.up_proj.lora_B.weight,"(9728, 16)",0.0128343235887019,0.4943269491195678,0.8779582977294922,0.8767357468605042,0.0,0.0,0.0017287045484408,0.0018211015267297,123
base_model.model.model.layers.7.self_attn.k_proj.lora_A.weight,"(16, 2560)",0.9211163660191308,0.0973876938223838,2.442199230194092,2.382580041885376,0.0,0.0,0.0102703068405389,0.0100979562848806,123
base_model.model.model.layers.7.self_attn.k_proj.lora_B.weight,"(1024, 16)",0.0171764640663517,0.49322509765625,0.2707118690013885,0.2860273718833923,0.0,0.0,0.0016200067475438,0.0018198578618466,123
base_model.model.model.layers.7.self_attn.o_proj.lora_A.weight,"(16, 4096)",0.9118398435025192,0.1017913818359375,2.443201780319214,2.4305598735809326,0.0,0.0,0.0081264544278383,0.0081055499613285,123
base_model.model.model.layers.7.self_attn.o_proj.lora_B.weight,"(2560, 16)",0.0184940716121067,0.4914794862270355,0.4981928467750549,0.478742390871048,0.0,0.0,0.0019269799813628,0.0019254067447036,123
base_model.model.model.layers.7.self_attn.q_proj.lora_A.weight,"(16, 2560)",0.9222922443780596,0.0952392593026161,2.447359800338745,2.3837766647338867,0.0,0.0,0.0102926772087812,0.0101003795862197,123
base_model.model.model.layers.7.self_attn.q_proj.lora_B.weight,"(4096, 16)",0.0186931984707647,0.493865966796875,0.644942581653595,0.5786298513412476,0.0,0.0,0.0018573123961687,0.0018287636339664,123
base_model.model.model.layers.7.self_attn.v_proj.lora_A.weight,"(16, 2560)",0.9334887337836952,0.0875976532697677,2.4238646030426025,2.383829355239868,0.0,0.0,0.0102419275790452,0.0101070571690797,123
base_model.model.model.layers.7.self_attn.v_proj.lora_B.weight,"(1024, 16)",0.0283023472024381,0.4873046875,0.3054751753807068,0.2924859523773193,0.0,0.0,0.0018656239844858,0.0018784181447699,123
base_model.model.model.layers.8.mlp.down_proj.lora_A.weight,"(16, 9728)",0.8173750933207736,0.1549843251705169,2.559109926223755,2.603137731552124,0.0,0.0,0.0054653952829539,0.0055393273942172,123
base_model.model.model.layers.8.mlp.down_proj.lora_B.weight,"(2560, 16)",0.0107777666011314,0.4941650331020355,0.4216755032539367,0.4751437306404114,0.0,0.0,0.0016446622321382,0.0019206337165087,123
base_model.model.model.layers.8.mlp.gate_proj.lora_A.weight,"(16, 2560)",0.9458124195550696,0.0777832046151161,2.387198209762573,2.4046647548675537,0.0,0.0,0.0101128490641713,0.0101862791925668,123
base_model.model.model.layers.8.mlp.gate_proj.lora_B.weight,"(9728, 16)",0.0109231831083713,0.4946417510509491,1.0064244270324707,0.9337806701660156,0.0,0.0,0.0019408790394663,0.0019201969262212,123
base_model.model.model.layers.8.mlp.up_proj.lora_A.weight,"(16, 2560)",0.9568335547390104,0.0698974579572677,2.362300634384156,2.397435188293457,0.0,0.0,0.0100425872951745,0.0101481769233942,123
base_model.model.model.layers.8.mlp.up_proj.lora_B.weight,"(9728, 16)",0.0087891751997732,0.493941456079483,0.7701914310455322,0.9006051421165466,0.0,0.0,0.0015338805969804,0.0018674590392038,123
base_model.model.model.layers.8.self_attn.k_proj.lora_A.weight,"(16, 2560)",0.9290286718471684,0.0889160186052322,2.43501615524292,2.4005019664764404,0.0,0.0,0.0102784829214215,0.0101897791028022,123
base_model.model.model.layers.8.self_attn.k_proj.lora_B.weight,"(1024, 16)",-0.0017934528802128,0.50091552734375,0.2720152735710144,0.2872730791568756,0.0,0.0,0.001620105584152,0.0018332697218284,123
base_model.model.model.layers.8.self_attn.o_proj.lora_A.weight,"(16, 4096)",0.9235237751464922,0.092193603515625,2.416506767272949,2.425003290176392,0.0,0.0,0.0080613568425178,0.0080952486023306,123
base_model.model.model.layers.8.self_attn.o_proj.lora_B.weight,"(2560, 16)",0.00715626452298,0.495654284954071,0.4250720143318176,0.464129090309143,0.0,0.0,0.0016553230816498,0.0018655078019946,123
base_model.model.model.layers.8.self_attn.q_proj.lora_A.weight,"(16, 2560)",0.9318210769247612,0.0902343764901161,2.418865919113159,2.377017021179199,0.0,0.0,0.0102020679041743,0.010069690644741,123
base_model.model.model.layers.8.self_attn.q_proj.lora_B.weight,"(4096, 16)",0.0127651342136241,0.4892578125,0.5777627825737,0.5722765326499939,0.0,0.0,0.0017068625893443,0.0018319950904697,123
base_model.model.model.layers.8.self_attn.v_proj.lora_A.weight,"(16, 2560)",0.9453895300918956,0.0772216767072677,2.382951736450196,2.383439779281616,0.0,0.0,0.0100991353392601,0.0101125054061412,123
base_model.model.model.layers.8.self_attn.v_proj.lora_B.weight,"(1024, 16)",0.0340910156204479,0.47613525390625,0.2361615747213363,0.2734333872795105,0.0,0.0,0.0014547697501257,0.0017774940934032,123
base_model.model.model.layers.9.mlp.down_proj.lora_A.weight,"(16, 9728)",0.8210379826685574,0.1516434550285339,2.542570114135742,2.5906693935394287,0.0,0.0,0.0054357396438717,0.0055145737715065,123
base_model.model.model.layers.9.mlp.down_proj.lora_B.weight,"(2560, 16)",0.0154298742418571,0.4908691346645355,0.4307377338409424,0.4647248089313507,0.0,0.0,0.0016854349523782,0.0018756054341793,123
base_model.model.model.layers.9.mlp.gate_proj.lora_A.weight,"(16, 2560)",0.946783015204641,0.0763183608651161,2.397381544113159,2.414605140686035,0.0,0.0,0.010175266303122,0.0102280741557478,123
base_model.model.model.layers.9.mlp.gate_proj.lora_B.weight,"(9728, 16)",0.0056959348627228,0.4973016083240509,0.9843196868896484,0.944416046142578,0.0,0.0,0.0019003404304385,0.0019385557388886,123
base_model.model.model.layers.9.mlp.up_proj.lora_A.weight,"(16, 2560)",0.9543150155123435,0.0737548843026161,2.3694610595703125,2.3987224102020264,0.0,0.0,0.0100897476077079,0.0101752085611224,123
base_model.model.model.layers.9.mlp.up_proj.lora_B.weight,"(9728, 16)",0.0092154606398341,0.4984002411365509,0.7700818181037903,0.8814464807510376,0.0,0.0,0.0015372496563941,0.001826973981224,123
base_model.model.model.layers.9.self_attn.k_proj.lora_A.weight,"(16, 2560)",0.9095677832432324,0.1021728515625,2.48976469039917,2.363603353500366,0.0,0.0,0.0104046007618308,0.0100380089133977,123
base_model.model.model.layers.9.self_attn.k_proj.lora_B.weight,"(1024, 16)",0.0216684559733617,0.48876953125,0.3072639107704162,0.278289794921875,0.0,0.0,0.0017362165963277,0.0017603107262402,123
base_model.model.model.layers.9.self_attn.o_proj.lora_A.weight,"(16, 4096)",0.926533526817332,0.0922088623046875,2.396248817443848,2.4236321449279785,0.0,0.0,0.008014366030693,0.0080883540213108,123
base_model.model.model.layers.9.self_attn.o_proj.lora_B.weight,"(2560, 16)",0.0103443680631606,0.496020495891571,0.3575405180454254,0.4574375748634338,0.0,0.0,0.0013915755553171,0.001852591172792,123
base_model.model.model.layers.9.self_attn.q_proj.lora_A.weight,"(16, 2560)",0.9420982106345928,0.0787109360098838,2.407867670059204,2.382639169692993,0.0,0.0,0.0102099766954779,0.0101255578920245,123
base_model.model.model.layers.9.self_attn.q_proj.lora_B.weight,"(4096, 16)",0.0181512639895518,0.4923095703125,0.6454676389694214,0.5551505088806152,0.0,0.0,0.0018691224977374,0.0017529767937958,123
base_model.model.model.layers.9.self_attn.v_proj.lora_A.weight,"(16, 2560)",0.933951286180831,0.0869873017072677,2.3839457035064697,2.4036831855773926,0.0,0.0,0.0101068150252103,0.010159907862544,123
base_model.model.model.layers.9.self_attn.v_proj.lora_B.weight,"(1024, 16)",0.0313995947035631,0.48236083984375,0.2232302576303482,0.2882871925830841,0.0,0.0,0.0013578073121607,0.0018725713016465,123
base_model.model.model.layers.0.mlp.down_proj.lora_A.weight,"(16, 9728)",0.840128649974589,0.1419870406389236,2.4613230228424072,2.6054821014404297,0.0,0.0,0.0053052445873618,0.0055362251587212,42
base_model.model.model.layers.0.mlp.down_proj.lora_B.weight,"(2560, 16)",0.0128240122316329,0.4949951171875,0.3334562480449676,0.4888719618320465,0.0,0.0,0.0013217722298577,0.0019515131134539,42
base_model.model.model.layers.0.mlp.gate_proj.lora_A.weight,"(16, 2560)",0.9501608423141849,0.0771728530526161,2.341750383377075,2.429428577423096,0.0,0.0,0.0099722985178232,0.0102561460807919,42
base_model.model.model.layers.0.mlp.gate_proj.lora_B.weight,"(9728, 16)",0.0070819410466602,0.4963186085224151,0.6915642619132996,0.9355117082595824,0.0,0.0,0.0013959748903289,0.00190906599164,42
base_model.model.model.layers.0.mlp.up_proj.lora_A.weight,"(16, 2560)",0.9523207563207324,0.0760253891348838,2.3417344093322754,2.436354398727417,0.0,0.0,0.0099946334958076,0.0102900918573141,42
base_model.model.model.layers.0.mlp.up_proj.lora_B.weight,"(9728, 16)",0.0046240340345189,0.4971024394035339,0.6757421493530273,0.9466153979301452,0.0,0.0,0.0013684522127732,0.0019316943362355,42
base_model.model.model.layers.0.self_attn.k_proj.lora_A.weight,"(16, 2560)",0.942029911132408,0.081298828125,2.374650716781616,2.4083237648010254,0.0,0.0,0.0100850043818354,0.0102028874680399,42
base_model.model.model.layers.0.self_attn.k_proj.lora_B.weight,"(1024, 16)",-0.015419848481604,0.50714111328125,0.2483379691839218,0.3194474577903747,0.0,0.0,0.0015318591613322,0.0020105943549424,42
base_model.model.model.layers.0.self_attn.o_proj.lora_A.weight,"(16, 4096)",0.9136802604237284,0.09942626953125,2.3596837520599365,2.4860310554504395,0.0,0.0,0.0079311886802315,0.0082429135218262,42
base_model.model.model.layers.0.self_attn.o_proj.lora_B.weight,"(2560, 16)",0.0316436053685826,0.4878662228584289,0.3613298237323761,0.5110012292861938,0.0,0.0,0.0014346409589052,0.0020312338601797,42
base_model.model.model.layers.0.self_attn.q_proj.lora_A.weight,"(16, 2560)",0.9539494116965732,0.0707275420427322,2.3666794300079346,2.397036075592041,0.0,0.0,0.0100781172513961,0.0101787932217121,42
base_model.model.model.layers.0.self_attn.q_proj.lora_B.weight,"(4096, 16)",0.0101777313355848,0.49761962890625,0.5483795404434204,0.606084942817688,0.0,0.0,0.0016684803413227,0.0019142471719533,42
base_model.model.model.layers.0.self_attn.v_proj.lora_A.weight,"(16, 2560)",0.9424209496126028,0.0814697295427322,2.373424768447876,2.4157748222351074,0.0,0.0,0.0100999772548675,0.0102160796523094,42
base_model.model.model.layers.0.self_attn.v_proj.lora_B.weight,"(1024, 16)",0.0266237409857194,0.49603271484375,0.2309874296188354,0.3155300915241241,0.0,0.0,0.0014519715914502,0.0019759710412472,42
base_model.model.model.layers.1.mlp.down_proj.lora_A.weight,"(16, 9728)",0.7504565662016033,0.0946880131959915,2.916796922683716,2.472249984741211,0.0,0.0,0.0054701566696166,0.0053127040155231,42
base_model.model.model.layers.1.mlp.down_proj.lora_B.weight,"(2560, 16)",0.0671647386368167,0.4695800840854645,0.3127488791942596,0.412260502576828,0.0,0.0,0.0012427713954821,0.0016607653815299,42
base_model.model.model.layers.1.mlp.gate_proj.lora_A.weight,"(16, 2560)",0.9487287166541492,0.0760742202401161,2.3632476329803467,2.398011922836304,0.0,0.0,0.0100524183362722,0.0101557169109582,42
base_model.model.model.layers.1.mlp.gate_proj.lora_B.weight,"(9728, 16)",0.1172300272671204,0.4446378946304321,1.0530290603637695,0.7977159023284912,0.0,0.0,0.0016604120610281,0.0014582194853574,42
base_model.model.model.layers.1.mlp.up_proj.lora_A.weight,"(16, 2560)",0.9653716961857156,0.0602294914424419,2.348719358444214,2.366316795349121,0.0,0.0,0.0100005064159631,0.0100615229457616,42
base_model.model.model.layers.1.mlp.up_proj.lora_B.weight,"(9728, 16)",0.2540465208308172,0.4043290019035339,1.1324503421783447,1.0241369009017944,0.0,0.0,0.001627130783163,0.0017167186597362,42
base_model.model.model.layers.1.self_attn.k_proj.lora_A.weight,"(16, 2560)",0.9542104859171192,0.0706298798322677,2.3611702919006348,2.386323928833008,0.0,0.0,0.0100367534905672,0.0101248975843191,42
base_model.model.model.layers.1.self_attn.k_proj.lora_B.weight,"(1024, 16)",-0.0159000857432518,0.496337890625,0.2184953689575195,0.2914791405200958,0.0,0.0,0.0013224347494542,0.0018342970870435,42
base_model.model.model.layers.1.self_attn.o_proj.lora_A.weight,"(16, 4096)",0.9231069079134234,0.09442138671875,2.364715576171875,2.467024564743042,0.0,0.0,0.007941024377942,0.0081924255937337,42
base_model.model.model.layers.1.self_attn.o_proj.lora_B.weight,"(2560, 16)",0.0084360569768142,0.4976562559604645,0.3285233974456787,0.4891700446605682,0.0,0.0,0.0013014182914048,0.001943526789546,42
base_model.model.model.layers.1.self_attn.q_proj.lora_A.weight,"(16, 2560)",0.9584909217321084,0.0659423843026161,2.361967325210572,2.385934591293335,0.0,0.0,0.0100600365549325,0.0101263495162129,42
base_model.model.model.layers.1.self_attn.q_proj.lora_B.weight,"(4096, 16)",0.020593563835201,0.4953155517578125,0.4145942628383636,0.5724260210990906,0.0,0.0,0.0012712117750197,0.0017955052899196,42
base_model.model.model.layers.1.self_attn.v_proj.lora_A.weight,"(16, 2560)",0.9562154099021888,0.0692138671875,2.351698637008667,2.373730182647705,0.0,0.0,0.0099926367402076,0.0100638177245855,42
base_model.model.model.layers.1.self_attn.v_proj.lora_B.weight,"(1024, 16)",0.0338932714264027,0.48712158203125,0.225904569029808,0.29090616106987,0.0,0.0,0.0013981383526697,0.0018117725849151,42
base_model.model.model.layers.10.mlp.down_proj.lora_A.weight,"(16, 9728)",0.8583234711556216,0.1331594437360763,2.47861647605896,2.557840347290039,0.0,0.0,0.0053338641300797,0.005462868604809,42
base_model.model.model.layers.10.mlp.down_proj.lora_B.weight,"(2560, 16)",0.0180902424989581,0.4912841916084289,0.3648724257946014,0.4464865922927856,0.0,0.0,0.001426444388926,0.0018099216977134,42
base_model.model.model.layers.10.mlp.gate_proj.lora_A.weight,"(16, 2560)",0.9452835899354982,0.0790527313947677,2.3844454288482666,2.420227766036988,0.0,0.0,0.0101362373679876,0.0102324308827519,42
base_model.model.model.layers.10.mlp.gate_proj.lora_B.weight,"(9728, 16)",0.0078018521627464,0.4954962432384491,0.9595749378204346,0.9665160179138184,0.0,0.0,0.0018714187899604,0.0019787189085036,42
base_model.model.model.layers.10.mlp.up_proj.lora_A.weight,"(16, 2560)",0.9572875113673484,0.0677001923322677,2.3662827014923096,2.39784836769104,0.0,0.0,0.0100800637155771,0.0101627279072999,42
base_model.model.model.layers.10.mlp.up_proj.lora_B.weight,"(9728, 16)",0.0131375123649717,0.4933375418186188,0.7190454006195068,0.9160107374191284,0.0,0.0,0.0014435162302106,0.0018979258602485,42
base_model.model.model.layers.10.self_attn.k_proj.lora_A.weight,"(16, 2560)",0.9407492178859352,0.0815673843026161,2.3967134952545166,2.382591724395752,0.0,0.0,0.0101314596831798,0.0100965816527605,42
base_model.model.model.layers.10.self_attn.k_proj.lora_B.weight,"(1024, 16)",-0.0184058722572956,0.5128173828125,0.2659042477607727,0.3029385209083557,0.0,0.0,0.0015798804815858,0.0019299018895253,42
base_model.model.model.layers.10.self_attn.o_proj.lora_A.weight,"(16, 4096)",0.9402394013758942,0.08355712890625,2.357445001602173,2.413826465606689,0.0,0.0,0.0079088378697633,0.0080507909879088,42
base_model.model.model.layers.10.self_attn.o_proj.lora_B.weight,"(2560, 16)",0.0127466559356001,0.4941650331020355,0.3227058947086334,0.4677923619747162,0.0,0.0,0.0012630904093384,0.0018915280234068,42
base_model.model.model.layers.10.self_attn.q_proj.lora_A.weight,"(16, 2560)",0.9474577491928912,0.0761962905526161,2.377305746078491,2.3810861110687256,0.0,0.0,0.0100754871964454,0.0100909825414419,42
base_model.model.model.layers.10.self_attn.q_proj.lora_B.weight,"(4096, 16)",0.0277755964372241,0.49041748046875,0.5194107890129089,0.5964896082878113,0.0,0.0,0.0015410401392728,0.0018877717666327,42
base_model.model.model.layers.10.self_attn.v_proj.lora_A.weight,"(16, 2560)",0.954968485100424,0.0690673813223838,2.372963190078736,2.3908586502075195,0.0,0.0,0.0100729493424296,0.0101262722164392,42
base_model.model.model.layers.10.self_attn.v_proj.lora_B.weight,"(1024, 16)",0.0094038064357647,0.49688720703125,0.2037935405969619,0.2824792563915252,0.0,0.0,0.0012672985903918,0.0018277025083079,42
base_model.model.model.layers.11.mlp.down_proj.lora_A.weight,"(16, 9728)",0.8458062047908391,0.1393593251705169,2.494616746902466,2.588595390319824,0.0,0.0,0.0053585395216941,0.0055121285840868,42
base_model.model.model.layers.11.mlp.down_proj.lora_B.weight,"(2560, 16)",0.0085839522516204,0.4994873106479645,0.3972671627998352,0.4671778082847595,0.0,0.0,0.0015556176658719,0.0018827903550118,42
base_model.model.model.layers.11.mlp.gate_proj.lora_A.weight,"(16, 2560)",0.9546344326617602,0.06982421875,2.374269723892212,2.4184136390686035,0.0,0.0,0.0101106809452176,0.0102461278438568,42
base_model.model.model.layers.11.mlp.gate_proj.lora_B.weight,"(9728, 16)",0.0070924192982672,0.4964535236358642,0.900361955165863,0.9606143236160278,0.0,0.0,0.0017631294904276,0.0019665216095745,42
base_model.model.model.layers.11.mlp.up_proj.lora_A.weight,"(16, 2560)",0.9596917423451772,0.0643798857927322,2.365669012069702,2.39272689819336,0.0,0.0,0.0100595001131296,0.0101440455764532,42
base_model.model.model.layers.11.mlp.up_proj.lora_B.weight,"(9728, 16)",0.0063390949657858,0.4972180724143982,0.8052913546562195,0.8817821145057678,0.0,0.0,0.0016020260518416,0.0018316785572096,42
base_model.model.model.layers.11.self_attn.k_proj.lora_A.weight,"(16, 2560)",0.9365399668235737,0.0836425796151161,2.4041597843170166,2.3866539001464844,0.0,0.0,0.0102030914276838,0.010139001533389,42
base_model.model.model.layers.11.self_attn.k_proj.lora_B.weight,"(1024, 16)",-0.0032800982230511,0.49652099609375,0.277701735496521,0.2767867147922516,0.0,0.0,0.0016523388912901,0.0017955671064555,42
base_model.model.model.layers.11.self_attn.o_proj.lora_A.weight,"(16, 4096)",0.9288097055708678,0.08807373046875,2.4046630859375,2.418585062026977,0.0,0.0,0.0080557595938444,0.0080747324973344,42
base_model.model.model.layers.11.self_attn.o_proj.lora_B.weight,"(2560, 16)",0.013479233830067,0.4936279356479645,0.3828820586204529,0.4609955251216888,0.0,0.0,0.0014808203559368,0.0018692823359742,42
base_model.model.model.layers.11.self_attn.q_proj.lora_A.weight,"(16, 2560)",0.9519148537156424,0.0731201171875,2.3748574256896973,2.381121635437012,0.0,0.0,0.0100832860916852,0.0101076858118176,42
base_model.model.model.layers.11.self_attn.q_proj.lora_B.weight,"(4096, 16)",0.0043169605992218,0.4959259033203125,0.5091891288757324,0.5809845328330994,0.0,0.0,0.0015425184974446,0.0018622865900397,42
base_model.model.model.layers.11.self_attn.v_proj.lora_A.weight,"(16, 2560)",0.9446193601781656,0.0784912109375,2.381960153579712,2.384007215499878,0.0,0.0,0.0100909732282161,0.0100889150053262,42
base_model.model.model.layers.11.self_attn.v_proj.lora_B.weight,"(1024, 16)",0.0123992728024026,0.50830078125,0.2612721025943756,0.287088006734848,0.0,0.0,0.0016000109026208,0.0018600299954414,42
base_model.model.model.layers.12.mlp.down_proj.lora_A.weight,"(16, 9728)",0.8599251454359463,0.1310199946165084,2.49332594871521,2.5496811866760254,0.0,0.0,0.0053643062710762,0.0054495930671691,42
base_model.model.model.layers.12.mlp.down_proj.lora_B.weight,"(2560, 16)",0.0115438994323977,0.5002197027206421,0.3650491535663605,0.4366514682769775,0.0,0.0,0.0014263928169384,0.0017744277138262,42
base_model.model.model.layers.12.mlp.gate_proj.lora_A.weight,"(16, 2560)",0.957870330285128,0.0661865249276161,2.380476236343384,2.406031608581543,0.0,0.0,0.0101262452080845,0.0101949963718652,42
base_model.model.model.layers.12.mlp.gate_proj.lora_B.weight,"(9728, 16)",0.0025798187172288,0.4988049864768982,0.9056867957115172,0.9334188103675842,0.0,0.0,0.001770177972503,0.0019178960938006,42
base_model.model.model.layers.12.mlp.up_proj.lora_A.weight,"(16, 2560)",0.9600781964929576,0.0668212920427322,2.374473571777344,2.3996522426605225,0.0,0.0,0.0101046785712242,0.0101902801543474,42
base_model.model.model.layers.12.mlp.up_proj.lora_B.weight,"(9728, 16)",0.0063635100593171,0.4961901307106018,0.7686755657196045,0.8963377475738525,0.0,0.0,0.0015373239293694,0.0018552414840087,42
base_model.model.model.layers.12.self_attn.k_proj.lora_A.weight,"(16, 2560)",0.949284378359381,0.0747558623552322,2.371878147125244,2.376168966293335,0.0,0.0,0.010049695149064,0.0100703183561563,42
base_model.model.model.layers.12.self_attn.k_proj.lora_B.weight,"(1024, 16)",0.0178933186991312,0.5003662109375,0.2184140682220459,0.2811562716960907,0.0,0.0,0.0013048532418906,0.0018205877859145,42
base_model.model.model.layers.12.self_attn.o_proj.lora_A.weight,"(16, 4096)",0.9323290762777184,0.085693359375,2.4106390476226807,2.4159159660339355,0.0,0.0,0.008071694523096,0.0080837346613407,42
base_model.model.model.layers.12.self_attn.o_proj.lora_B.weight,"(2560, 16)",0.0106770757447399,0.494433581829071,0.3759628534317016,0.4529256522655487,0.0,0.0,0.0014678068691864,0.001836109207943,42
base_model.model.model.layers.12.self_attn.q_proj.lora_A.weight,"(16, 2560)",0.9530918212744786,0.0711181610822677,2.379422664642334,2.373163938522339,0.0,0.0,0.0101070925593376,0.0100873056799173,42
base_model.model.model.layers.12.self_attn.q_proj.lora_B.weight,"(4096, 16)",0.020296034517097,0.49468994140625,0.4891202449798584,0.5363002419471741,0.0,0.0,0.0014575077220797,0.0017233632970601,42
base_model.model.model.layers.12.self_attn.v_proj.lora_A.weight,"(16, 2560)",0.9470056160484568,0.0763671845197677,2.3797824382781982,2.391896963119507,0.0,0.0,0.0100910011678934,0.0101268766447901,42
base_model.model.model.layers.12.self_attn.v_proj.lora_B.weight,"(1024, 16)",0.0028330390608899,0.495361328125,0.2498898357152938,0.3022316098213196,0.0,0.0,0.0015200630296021,0.0019306549802422,42
base_model.model.model.layers.13.mlp.down_proj.lora_A.weight,"(16, 9728)",0.8405972917061169,0.1400917470455169,2.523423671722412,2.5755951404571533,0.0,0.0,0.0054149767383933,0.0054987724870443,42
base_model.model.model.layers.13.mlp.down_proj.lora_B.weight,"(2560, 16)",0.0089833064344237,0.4957275390625,0.3751660585403442,0.458224892616272,0.0,0.0,0.0014702172484248,0.0018593529239296,42
base_model.model.model.layers.13.mlp.gate_proj.lora_A.weight,"(16, 2560)",0.9465911870134812,0.0771728530526161,2.401685953140259,2.411036729812622,0.0,0.0,0.0101948752999305,0.010214103385806,42
base_model.model.model.layers.13.mlp.gate_proj.lora_B.weight,"(9728, 16)",0.0109051656737356,0.4960680603981018,0.969099462032318,0.9373120665550232,0.0,0.0,0.0018566678045317,0.001928171608597,42
base_model.model.model.layers.13.mlp.up_proj.lora_A.weight,"(16, 2560)",0.9561610922194926,0.0694580078125,2.3907365798950195,2.403870344161988,0.0,0.0,0.0101761249825358,0.0102029908448457,42
base_model.model.model.layers.13.mlp.up_proj.lora_B.weight,"(9728, 16)",0.0062940799649329,0.4979954659938812,0.8122640252113342,0.9022817611694336,0.0,0.0,0.0015946037601679,0.0018712932942435,42
base_model.model.model.layers.13.self_attn.k_proj.lora_A.weight,"(16, 2560)",0.9430567923409788,0.0815673843026161,2.386358499526977,2.3628487586975098,0.0,0.0,0.0100835394114255,0.0100161824375391,42
base_model.model.model.layers.13.self_attn.k_proj.lora_B.weight,"(1024, 16)",0.0003845352035266,0.49700927734375,0.2466062009334564,0.2775478959083557,0.0,0.0,0.0014743934152647,0.0017563400324434,42
base_model.model.model.layers.13.self_attn.o_proj.lora_A.weight,"(16, 4096)",0.9296680515545446,0.0894775390625,2.408754825592041,2.4241225719451904,0.0,0.0,0.0080554522573947,0.0080962032079696,42
base_model.model.model.layers.13.self_attn.o_proj.lora_B.weight,"(2560, 16)",0.0066768013147523,0.498779296875,0.3572303056716919,0.457927256822586,0.0,0.0,0.0013937171315774,0.0018530588131397,42
base_model.model.model.layers.13.self_attn.q_proj.lora_A.weight,"(16, 2560)",0.941582642927062,0.0791259780526161,2.398404121398926,2.3694419860839844,0.0,0.0,0.0101492404937744,0.0100617287680506,42
base_model.model.model.layers.13.self_attn.q_proj.lora_B.weight,"(4096, 16)",0.0089467888713345,0.491607666015625,0.5411646962165833,0.5866139531135559,0.0,0.0,0.0016033587744459,0.0018409413751214,42
base_model.model.model.layers.13.self_attn.v_proj.lora_A.weight,"(16, 2560)",0.9533268323249334,0.0705322250723838,2.366957426071167,2.3842461109161377,0.0,0.0,0.0100658014416694,0.0101029891520738,42
base_model.model.model.layers.13.self_attn.v_proj.lora_B.weight,"(1024, 16)",0.0362359139887626,0.47979736328125,0.2478799670934677,0.2917831540107727,0.0,0.0,0.0015133167617022,0.0018683410016819,42
base_model.model.model.layers.14.mlp.down_proj.lora_A.weight,"(16, 9728)",0.8455368960803815,0.1367380172014236,2.5478320121765137,2.54245400428772,0.0,0.0,0.0054492857307195,0.0054357517510652,42
base_model.model.model.layers.14.mlp.down_proj.lora_B.weight,"(2560, 16)",0.0219319590603975,0.4914306700229645,0.3812473118305206,0.4545279443264007,0.0,0.0,0.0014848203863948,0.0018472302472218,42
base_model.model.model.layers.14.mlp.gate_proj.lora_A.weight,"(16, 2560)",0.9459623675901828,0.0768310576677322,2.4231135845184326,2.411576271057129,0.0,0.0,0.010279232636094,0.0102346409112215,42
base_model.model.model.layers.14.mlp.gate_proj.lora_B.weight,"(9728, 16)",0.0070394244622836,0.4955604970455169,1.040248155593872,0.92538982629776,0.0,0.0,0.0019709262996912,0.0019134898902848,42
base_model.model.model.layers.14.mlp.up_proj.lora_A.weight,"(16, 2560)",0.9553964776321596,0.0700195282697677,2.377967119216919,2.37305212020874,0.0,0.0,0.0100871911272406,0.0100729744881391,42
base_model.model.model.layers.14.mlp.up_proj.lora_B.weight,"(9728, 16)",0.0061626059202223,0.4973465800285339,0.8377687335014343,0.8964040279388428,0.0,0.0,0.0016635168576613,0.0018694165628403,42
base_model.model.model.layers.14.self_attn.k_proj.lora_A.weight,"(16, 2560)",0.9350457402906492,0.084716796875,2.3987743854522705,2.3812384605407715,0.0,0.0,0.0101401079446077,0.0101001402363181,42
base_model.model.model.layers.14.self_attn.k_proj.lora_B.weight,"(1024, 16)",0.0010645385394552,0.49737548828125,0.2307400405406952,0.2784155905246734,0.0,0.0,0.0014052577316761,0.0017847993876785,42
base_model.model.model.layers.14.self_attn.o_proj.lora_A.weight,"(16, 4096)",0.931780374240102,0.088348388671875,2.412203550338745,2.411527633666992,0.0,0.0,0.0080661997199058,0.0080646099522709,42
base_model.model.model.layers.14.self_attn.o_proj.lora_B.weight,"(2560, 16)",-0.0045644531135662,0.500903308391571,0.3993311524391174,0.4653191268444061,0.0,0.0,0.001549272914417,0.0018930453807115,42
base_model.model.model.layers.14.self_attn.q_proj.lora_A.weight,"(16, 2560)",0.9355535343921352,0.0855712890625,2.400510787963867,2.3829615116119385,0.0,0.0,0.0101505294442176,0.0100960340350866,42
base_model.model.model.layers.14.self_attn.q_proj.lora_B.weight,"(4096, 16)",0.0099260534892269,0.492218017578125,0.5108550786972046,0.562319278717041,0.0,0.0,0.0015219965716823,0.0018012390937656,42
base_model.model.model.layers.14.self_attn.v_proj.lora_A.weight,"(16, 2560)",0.9463804885684456,0.0776855498552322,2.3900160789489746,2.3860185146331787,0.0,0.0,0.0101290447637438,0.0101152593269944,42
base_model.model.model.layers.14.self_attn.v_proj.lora_B.weight,"(1024, 16)",0.0383928719184255,0.48236083984375,0.252029687166214,0.2911815047264099,0.0,0.0,0.0015503615140914,0.0018787588924169,42
base_model.model.model.layers.15.mlp.down_proj.lora_A.weight,"(16, 9728)",0.8410867494545184,0.1391151845455169,2.5362586975097656,2.5379366874694824,0.0,0.0,0.0054220058955252,0.005430004093796,42
base_model.model.model.layers.15.mlp.down_proj.lora_B.weight,"(2560, 16)",0.0066000213915326,0.493896484375,0.3803128004074096,0.4644321501255035,0.0,0.0,0.0014799681957811,0.0018883027369156,42
base_model.model.model.layers.15.mlp.gate_proj.lora_A.weight,"(16, 2560)",0.9484154372834118,0.0746093764901161,2.42065978050232,2.4019832611083984,0.0,0.0,0.0102588795125484,0.0102055640891194,42
base_model.model.model.layers.15.mlp.gate_proj.lora_B.weight,"(9728, 16)",0.0084969489298124,0.4944683015346527,1.0544415712356567,0.9351184964179992,0.0,0.0,0.001984104514122,0.0019359086873009,42
base_model.model.model.layers.15.mlp.up_proj.lora_A.weight,"(16, 2560)",0.9578659504748448,0.0700439438223838,2.377213716506958,2.3872745037078857,0.0,0.0,0.0101034836843609,0.0101390173658728,42
base_model.model.model.layers.15.mlp.up_proj.lora_B.weight,"(9728, 16)",0.0170550767260724,0.4937744140625,0.7574983239173889,0.91204434633255,0.0,0.0,0.0014896795619279,0.0018984512425959,42
base_model.model.model.layers.15.self_attn.k_proj.lora_A.weight,"(16, 2560)",0.9414342322481972,0.0791015625,2.4012818336486816,2.3708417415618896,0.0,0.0,0.0101573560386896,0.0100743994116783,42
base_model.model.model.layers.15.self_attn.k_proj.lora_B.weight,"(1024, 16)",-0.0049030843990269,0.504150390625,0.2081295549869537,0.2702542543411255,0.0,0.0,0.0012486942578107,0.0017277483129873,42
base_model.model.model.layers.15.self_attn.o_proj.lora_A.weight,"(16, 4096)",0.9322171821364612,0.083251953125,2.4083151817321777,2.408082962036133,0.0,0.0,0.0080576241016387,0.0080601116642355,42
base_model.model.model.layers.15.self_attn.o_proj.lora_B.weight,"(2560, 16)",-0.0044311829229092,0.505859375,0.3768788874149322,0.4554797112941742,0.0,0.0,0.001455258927308,0.0018573962152004,42
base_model.model.model.layers.15.self_attn.q_proj.lora_A.weight,"(16, 2560)",0.9477338861254992,0.0739501938223838,2.386446714401245,2.370964288711548,0.0,0.0,0.0101200882345438,0.0100633697584271,42
base_model.model.model.layers.15.self_attn.q_proj.lora_B.weight,"(4096, 16)",0.0022299877346973,0.5000457763671875,0.5030959248542786,0.5682998895645142,0.0,0.0,0.0014862332027405,0.0018127770163118,42
base_model.model.model.layers.15.self_attn.v_proj.lora_A.weight,"(16, 2560)",0.9514451470658776,0.0708496123552322,2.37416934967041,2.365719795227051,0.0,0.0,0.0100665418431162,0.0100367106497287,42
base_model.model.model.layers.15.self_attn.v_proj.lora_B.weight,"(1024, 16)",0.0004028676084041,0.50274658203125,0.2365652620792389,0.2760043442249298,0.0,0.0,0.0014184017200022,0.0017986265011131,42
base_model.model.model.layers.16.mlp.down_proj.lora_A.weight,"(16, 9728)",0.8469375907563997,0.1377274394035339,2.5183446407318115,2.5522022247314453,0.0,0.0,0.0053985635749995,0.0054517416283488,42
base_model.model.model.layers.16.mlp.down_proj.lora_B.weight,"(2560, 16)",0.0122904295625111,0.4950927793979645,0.3540106117725372,0.4734501540660858,0.0,0.0,0.001378076383844,0.0019195384811609,42
base_model.model.model.layers.16.mlp.gate_proj.lora_A.weight,"(16, 2560)",0.951093274804837,0.0718749985098838,2.3925352096557617,2.398178577423096,0.0,0.0,0.0101541941985487,0.0101743042469024,42
base_model.model.model.layers.16.mlp.gate_proj.lora_B.weight,"(9728, 16)",0.0108327070427931,0.4940763711929321,0.939413845539093,0.9614629745483398,0.0,0.0,0.0017850822769105,0.0019868777599185,42
base_model.model.model.layers.16.mlp.up_proj.lora_A.weight,"(16, 2560)",0.956861768062854,0.069091796875,2.378225326538086,2.38450574874878,0.0,0.0,0.0101081309840083,0.0101211313158273,42
base_model.model.model.layers.16.mlp.up_proj.lora_B.weight,"(9728, 16)",0.0117234556078626,0.4968068897724151,0.7706751823425293,0.9086602330207824,0.0,0.0,0.0015264876419678,0.0018982540350407,42
base_model.model.model.layers.16.self_attn.k_proj.lora_A.weight,"(16, 2560)",0.952208237513645,0.0729248076677322,2.3613853454589844,2.385585069656372,0.0,0.0,0.0100320782512426,0.0101135652512311,42
base_model.model.model.layers.16.self_attn.k_proj.lora_B.weight,"(1024, 16)",0.0166353007621401,0.48602294921875,0.2217971235513687,0.2908380329608917,0.0,0.0,0.0013446329394355,0.0018709322903305,42
base_model.model.model.layers.16.self_attn.o_proj.lora_A.weight,"(16, 4096)",0.9348564886977032,0.0848388671875,2.3923139572143555,2.412504434585572,0.0,0.0,0.0080060726031661,0.0080589093267917,42
base_model.model.model.layers.16.self_attn.o_proj.lora_B.weight,"(2560, 16)",0.0083916163968937,0.496142566204071,0.3459182679653168,0.4736083149909973,0.0,0.0,0.0013493110891431,0.0019206404685974,42
base_model.model.model.layers.16.self_attn.q_proj.lora_A.weight,"(16, 2560)",0.95034528758748,0.0732666030526161,2.3914802074432373,2.3759326934814453,0.0,0.0,0.0101561192423105,0.0100932149216532,42
base_model.model.model.layers.16.self_attn.q_proj.lora_B.weight,"(4096, 16)",0.0103192150151464,0.4950714111328125,0.4945324957370758,0.5553703904151917,0.0,0.0,0.0014688924420624,0.0017761173658072,42
base_model.model.model.layers.16.self_attn.v_proj.lora_A.weight,"(16, 2560)",0.9394591494628236,0.0781982392072677,2.411057710647583,2.37810492515564,0.0,0.0,0.0101942308247089,0.0101014068350195,42
base_model.model.model.layers.16.self_attn.v_proj.lora_B.weight,"(1024, 16)",0.0004644523257501,0.49346923828125,0.2236186265945434,0.2813051342964172,0.0,0.0,0.0013409833190962,0.0018247162224724,42
base_model.model.model.layers.17.mlp.down_proj.lora_A.weight,"(16, 9728)",0.8352246964687831,0.1431178003549575,2.559309720993042,2.5644800662994385,0.0,0.0,0.0054655689746141,0.0054744370281696,42
base_model.model.model.layers.17.mlp.down_proj.lora_B.weight,"(2560, 16)",0.0211935895356285,0.4935302734375,0.411233127117157,0.4965862333774566,0.0,0.0,0.001589425606653,0.0020003919489681,42
base_model.model.model.layers.17.mlp.gate_proj.lora_A.weight,"(16, 2560)",0.9485954378953066,0.0723144561052322,2.410206317901612,2.40928316116333,0.0,0.0,0.0102182310074567,0.0102181928232312,42
base_model.model.model.layers.17.mlp.gate_proj.lora_B.weight,"(9728, 16)",0.0087110427986635,0.4953163564205169,1.0220398902893066,0.9693827629089355,0.0,0.0,0.0019483712967485,0.002006834372878,42
base_model.model.model.layers.17.mlp.up_proj.lora_A.weight,"(16, 2560)",0.9535105382467604,0.0721923857927322,2.3887178897857666,2.395920753479004,0.0,0.0,0.0101434532552957,0.0101746469736099,42
base_model.model.model.layers.17.mlp.up_proj.lora_B.weight,"(9728, 16)",0.0085180291252275,0.4964406788349151,0.8542838096618652,0.9579746723175048,0.0,0.0,0.0016738239210098,0.0019795456901192,42
base_model.model.model.layers.17.self_attn.k_proj.lora_A.weight,"(16, 2560)",0.9335664950539332,0.0845214873552322,2.4031548500061035,2.392055988311768,0.0,0.0,0.0101671386510133,0.0101340375840663,42
base_model.model.model.layers.17.self_attn.k_proj.lora_B.weight,"(1024, 16)",0.0018481984970025,0.50201416015625,0.2620679140090942,0.2830317914485931,0.0,0.0,0.001569447806105,0.0018261311342939,42
base_model.model.model.layers.17.self_attn.o_proj.lora_A.weight,"(16, 4096)",0.9407090894643833,0.0803985595703125,2.383733034133911,2.4193191528320312,0.0,0.0,0.008000174537301,0.0080865621566772,42
base_model.model.model.layers.17.self_attn.o_proj.lora_B.weight,"(2560, 16)",0.0001407284016025,0.4984374940395355,0.374489277601242,0.4801996350288391,0.0,0.0,0.0014376426115632,0.0019410364329814,42
base_model.model.model.layers.17.self_attn.q_proj.lora_A.weight,"(16, 2560)",0.938540583557701,0.0809082016348838,2.4026036262512207,2.3754148483276367,0.0,0.0,0.010155183263123,0.0100538404658436,42
base_model.model.model.layers.17.self_attn.q_proj.lora_B.weight,"(4096, 16)",0.0100299118351674,0.4955291748046875,0.5516687035560608,0.575039803981781,0.0,0.0,0.0016055435407906,0.0018482571467757,42
base_model.model.model.layers.17.self_attn.v_proj.lora_A.weight,"(16, 2560)",0.9462537828690684,0.0692626982927322,2.394242763519287,2.380011558532715,0.0,0.0,0.01011773198843,0.0100916447117924,42
base_model.model.model.layers.17.self_attn.v_proj.lora_B.weight,"(1024, 16)",0.0219666692869552,0.4857177734375,0.2116090059280395,0.2880026996135711,0.0,0.0,0.0013069530250504,0.0018734274199232,42
base_model.model.model.layers.18.mlp.down_proj.lora_A.weight,"(16, 9728)",0.8218184220616667,0.1496132314205169,2.590167999267578,2.555213451385498,0.0,0.0,0.0055167241953313,0.0054562501609325,42
base_model.model.model.layers.18.mlp.down_proj.lora_B.weight,"(2560, 16)",0.0119978966718421,0.496874988079071,0.4386948943138122,0.4830865859985351,0.0,0.0,0.0016968538984656,0.0019510757410898,42
base_model.model.model.layers.18.mlp.gate_proj.lora_A.weight,"(16, 2560)",0.9446176825577732,0.0794677734375,2.4049220085144043,2.4087820053100586,0.0,0.0,0.0101995188742876,0.0101990876719355,42
base_model.model.model.layers.18.mlp.gate_proj.lora_B.weight,"(9728, 16)",0.00731311990272,0.4942498505115509,1.058968186378479,0.9655230045318604,0.0,0.0,0.0020088597666472,0.001996936276555,42
base_model.model.model.layers.18.mlp.up_proj.lora_A.weight,"(16, 2560)",0.9497784013367048,0.0763183608651161,2.3928377628326416,2.39542818069458,0.0,0.0,0.0101403268054127,0.0101620918139815,42
base_model.model.model.layers.18.mlp.up_proj.lora_B.weight,"(9728, 16)",0.0108201103508062,0.493620216846466,0.924009084701538,0.9496949911117554,0.0,0.0,0.0018095122650265,0.0019676815718412,42
base_model.model.model.layers.18.self_attn.k_proj.lora_A.weight,"(16, 2560)",0.9341345616380936,0.0870605483651161,2.416064739227295,2.388612031936645,0.0,0.0,0.0102183297276496,0.0101280063390731,42
base_model.model.model.layers.18.self_attn.k_proj.lora_B.weight,"(1024, 16)",0.0014168086165638,0.5064697265625,0.2790690660476684,0.2802122235298157,0.0,0.0,0.0017186765326187,0.0017916811630129,42
base_model.model.model.layers.18.self_attn.o_proj.lora_A.weight,"(16, 4096)",0.945236867554295,0.074951171875,2.3775320053100586,2.3901755809783936,0.0,0.0,0.0079746097326278,0.0080045703798532,42
base_model.model.model.layers.18.self_attn.o_proj.lora_B.weight,"(2560, 16)",0.0176777617327811,0.4936035275459289,0.3495748043060303,0.4450909793376922,0.0,0.0,0.0013430532999336,0.0018209672998636,42
base_model.model.model.layers.18.self_attn.q_proj.lora_A.weight,"(16, 2560)",0.9372937059540328,0.0847900360822677,2.392603874206543,2.359225034713745,0.0,0.0,0.010107209905982,0.0099957380443811,42
base_model.model.model.layers.18.self_attn.q_proj.lora_B.weight,"(4096, 16)",0.0005388627047277,0.49749755859375,0.6076740622520447,0.5491647720336914,0.0,0.0,0.0018013819353654,0.0017491087783128,42
base_model.model.model.layers.18.self_attn.v_proj.lora_A.weight,"(16, 2560)",0.9374528154055598,0.0761230438947677,2.395918846130371,2.3839125633239746,0.0,0.0,0.0100964112207293,0.0100984815508127,42
base_model.model.model.layers.18.self_attn.v_proj.lora_B.weight,"(1024, 16)",0.0303909551471934,0.4769287109375,0.2362505197525024,0.2894881069660187,0.0,0.0,0.0014267440419644,0.0018822820857167,42
base_model.model.model.layers.19.mlp.down_proj.lora_A.weight,"(16, 9728)",0.8321098326842256,0.1434197723865509,2.590102434158325,2.538774251937866,0.0,0.0,0.0055139679461717,0.0054325768724083,42
base_model.model.model.layers.19.mlp.down_proj.lora_B.weight,"(2560, 16)",0.0333190893649306,0.4865478575229645,0.4371697902679443,0.4603195190429687,0.0,0.0,0.0017046019202098,0.001868535997346,42
base_model.model.model.layers.19.mlp.gate_proj.lora_A.weight,"(16, 2560)",0.9442770700725912,0.0782470703125,2.4132511615753174,2.4047484397888184,0.0,0.0,0.0102178249508142,0.0101866936311125,42
base_model.model.model.layers.19.mlp.gate_proj.lora_B.weight,"(9728, 16)",0.010250658307288,0.4967619180679321,1.0196446180343628,0.9625912308692932,0.0,0.0,0.0019525367533788,0.0019926559180021,42
base_model.model.model.layers.19.mlp.up_proj.lora_A.weight,"(16, 2560)",0.9474539493409028,0.0751708969473838,2.4140303134918213,2.386926889419556,0.0,0.0,0.0102251516655087,0.0101280910894274,42
base_model.model.model.layers.19.mlp.up_proj.lora_B.weight,"(9728, 16)",0.0191474663833746,0.4936780333518982,0.9424002766609192,0.923937976360321,0.0,0.0,0.001836298732087,0.0019155867630615,42
base_model.model.model.layers.19.self_attn.k_proj.lora_A.weight,"(16, 2560)",0.9326529425187584,0.0851806625723838,2.4201974868774414,2.377872943878174,0.0,0.0,0.0102093089371919,0.0100806504487991,42
base_model.model.model.layers.19.self_attn.k_proj.lora_B.weight,"(1024, 16)",-0.0320080401649361,0.51287841796875,0.2681470215320587,0.2885884642601013,0.0,0.0,0.0015896303812041,0.0018650190904736,42
base_model.model.model.layers.19.self_attn.o_proj.lora_A.weight,"(16, 4096)",0.9289942020440252,0.0876922607421875,2.4027836322784424,2.423336744308472,0.0,0.0,0.0080456528812646,0.0080853179097175,42
base_model.model.model.layers.19.self_attn.o_proj.lora_B.weight,"(2560, 16)",0.014079471480876,0.494433581829071,0.3931650221347809,0.4713285267353058,0.0,0.0,0.0015396705130115,0.0018986565992236,42
base_model.model.model.layers.19.self_attn.q_proj.lora_A.weight,"(16, 2560)",0.949672094012608,0.07470703125,2.3682823181152344,2.3687615394592285,0.0,0.0,0.0100593212991952,0.0100527983158826,42
base_model.model.model.layers.19.self_attn.q_proj.lora_B.weight,"(4096, 16)",0.0097507602744872,0.4942169189453125,0.4631873071193695,0.5814804434776306,0.0,0.0,0.0013590741436928,0.00186754448805,42
base_model.model.model.layers.19.self_attn.v_proj.lora_A.weight,"(16, 2560)",0.938725230012237,0.0786865204572677,2.4105961322784424,2.3739664554595947,0.0,0.0,0.0101985959336161,0.0100960088893771,42
base_model.model.model.layers.19.self_attn.v_proj.lora_B.weight,"(1024, 16)",0.0268223901655966,0.4833984375,0.2411197572946548,0.2906031608581543,0.0,0.0,0.0014782942598685,0.0018846737220883,42
base_model.model.model.layers.2.mlp.down_proj.lora_A.weight,"(16, 9728)",0.8901710090685482,0.1065095588564872,2.425421476364136,2.4693799018859863,0.0,0.0,0.0052422545850276,0.0053107477724552,42
base_model.model.model.layers.2.mlp.down_proj.lora_B.weight,"(2560, 16)",0.0192922315821659,0.4917724728584289,0.3626157939434051,0.4651415944099426,0.0,0.0,0.0014363816007971,0.0018583942437544,42
base_model.model.model.layers.2.mlp.gate_proj.lora_A.weight,"(16, 2560)",0.9499487748781372,0.0761474594473838,2.3553924560546875,2.3998899459838867,0.0,0.0,0.0100242793560028,0.010150009766221,42
base_model.model.model.layers.2.mlp.gate_proj.lora_B.weight,"(9728, 16)",0.2618427305051696,0.4436549246311188,1.2611004114151,1.4883887767791748,0.0,0.0,0.0019897338934242,0.0022715851664543,42
base_model.model.model.layers.2.mlp.up_proj.lora_A.weight,"(16, 2560)",0.9601460882224816,0.0639892593026161,2.344338893890381,2.378447294235229,0.0,0.0,0.0099874390289187,0.010085329413414,42
base_model.model.model.layers.2.mlp.up_proj.lora_B.weight,"(9728, 16)",-0.048497516587522,0.5173789858818054,1.911505937576294,1.6861116886138916,0.0,0.0,0.0025904218200594,0.0024332061875611,42
base_model.model.model.layers.2.self_attn.k_proj.lora_A.weight,"(16, 2560)",0.9520450742661868,0.0726562514901161,2.3795745372772217,2.375579357147217,0.0,0.0,0.0101042836904525,0.0100800991058349,42
base_model.model.model.layers.2.self_attn.k_proj.lora_B.weight,"(1024, 16)",0.0069495421221181,0.50537109375,0.2374838292598724,0.2761560380458832,0.0,0.0,0.0014595910906791,0.0017349490663036,42
base_model.model.model.layers.2.self_attn.o_proj.lora_A.weight,"(16, 4096)",0.92239476573018,0.09625244140625,2.380046129226685,2.469701766967773,0.0,0.0,0.0079807732254266,0.0082036703824996,42
base_model.model.model.layers.2.self_attn.o_proj.lora_B.weight,"(2560, 16)",0.0275000220238933,0.491503894329071,0.3353216052055359,0.494345486164093,0.0,0.0,0.001320612616837,0.0019759852439165,42
base_model.model.model.layers.2.self_attn.q_proj.lora_A.weight,"(16, 2560)",0.9566887888468122,0.0697021484375,2.351469278335572,2.3823695182800293,0.0,0.0,0.0099955797195434,0.0100938025861978,42
base_model.model.model.layers.2.self_attn.q_proj.lora_B.weight,"(4096, 16)",0.0020252848314717,0.4997711181640625,0.4573411047458648,0.5527809858322144,0.0,0.0,0.0013889304827898,0.0017335072625428,42
base_model.model.model.layers.2.self_attn.v_proj.lora_A.weight,"(16, 2560)",0.9510673045157576,0.0753417983651161,2.3578686714172363,2.3812830448150635,0.0,0.0,0.0100030433386564,0.0100733153522014,42
base_model.model.model.layers.2.self_attn.v_proj.lora_B.weight,"(1024, 16)",0.0061396982519036,0.50177001953125,0.2327507883310318,0.3012574315071106,0.0,0.0,0.0014444587286561,0.0018967412179335,42
base_model.model.model.layers.20.mlp.down_proj.lora_A.weight,"(16, 9728)",0.8124441585844298,0.1537057906389236,2.6076807975769043,2.5717947483062744,0.0,0.0,0.0055434987880289,0.0054824179969727,42
base_model.model.model.layers.20.mlp.down_proj.lora_B.weight,"(2560, 16)",0.0123569993512073,0.4955810606479645,0.5120814442634583,0.4945754706859588,0.0,0.0,0.0019708164036273,0.0019991910085082,42
base_model.model.model.layers.20.mlp.gate_proj.lora_A.weight,"(16, 2560)",0.944565131237222,0.0760742202401161,2.4232726097106934,2.4006597995758057,0.0,0.0,0.0102557223290205,0.0101808840408921,42
base_model.model.model.layers.20.mlp.gate_proj.lora_B.weight,"(9728, 16)",0.0139077139675277,0.4934274852275848,0.9920342564582824,0.9616316556930542,0.0,0.0,0.0018864847952499,0.0019890624098479,42
base_model.model.model.layers.20.mlp.up_proj.lora_A.weight,"(16, 2560)",0.9403945432714964,0.0790039077401161,2.442582845687866,2.381947755813598,0.0,0.0,0.0103132398799061,0.010111091658473,42
base_model.model.model.layers.20.mlp.up_proj.lora_B.weight,"(9728, 16)",0.0156879419575262,0.4922581613063812,0.984692394733429,0.9133287668228148,0.0,0.0,0.0019119711359962,0.0019061351194977,42
base_model.model.model.layers.20.self_attn.k_proj.lora_A.weight,"(16, 2560)",0.9312174253861676,0.0852539092302322,2.426788568496704,2.3772730827331543,0.0,0.0,0.0102306213229894,0.0100938351824879,42
base_model.model.model.layers.20.self_attn.k_proj.lora_B.weight,"(1024, 16)",0.0168481045810952,0.48663330078125,0.2541319131851196,0.2807170748710632,0.0,0.0,0.0015301293460652,0.0017964466242119,42
base_model.model.model.layers.20.self_attn.o_proj.lora_A.weight,"(16, 4096)",0.9298609413905398,0.0884552001953125,2.407197952270508,2.395883798599243,0.0,0.0,0.0080262124538421,0.0080056255683302,42
base_model.model.model.layers.20.self_attn.o_proj.lora_B.weight,"(2560, 16)",0.018781150349283,0.491259753704071,0.3797787427902221,0.4452702105045318,0.0,0.0,0.0014696031576022,0.00181056256406,42
base_model.model.model.layers.20.self_attn.q_proj.lora_A.weight,"(16, 2560)",0.9403689306999886,0.0819335952401161,2.397324562072754,2.382787704467773,0.0,0.0,0.0101508200168609,0.0100973937660455,42
base_model.model.model.layers.20.self_attn.q_proj.lora_B.weight,"(4096, 16)",0.0222361188797447,0.4882354736328125,0.4693071842193603,0.5768527388572693,0.0,0.0,0.0013964879326522,0.0018343492411077,42
base_model.model.model.layers.20.self_attn.v_proj.lora_A.weight,"(16, 2560)",0.934897941287712,0.0810058563947677,2.417375087738037,2.3776609897613525,0.0,0.0,0.0102045508101582,0.0100870849564671,42
base_model.model.model.layers.20.self_attn.v_proj.lora_B.weight,"(1024, 16)",0.0195868219397579,0.484619140625,0.2586920857429504,0.2820188701152801,0.0,0.0,0.0015762390103191,0.0018499188590794,42
base_model.model.model.layers.21.mlp.down_proj.lora_A.weight,"(16, 9728)",0.8243572518175325,0.1476986557245254,2.616986989974976,2.5287926197052,0.0,0.0,0.0055609783157706,0.0054146614857017,42
base_model.model.model.layers.21.mlp.down_proj.lora_B.weight,"(2560, 16)",0.0056032746908807,0.49609375,0.5144883990287781,0.4684092700481415,0.0,0.0,0.001989240758121,0.0018994994461536,42
base_model.model.model.layers.21.mlp.gate_proj.lora_A.weight,"(16, 2560)",0.9316426273352,0.0843750014901161,2.464061498641968,2.4223673343658447,0.0,0.0,0.0103923920542001,0.0102660404518246,42
base_model.model.model.layers.21.mlp.gate_proj.lora_B.weight,"(9728, 16)",0.0186510890928152,0.4896625578403473,1.1537736654281616,1.011821150779724,0.0,0.0,0.0021683319937437,0.0020943931303918,42
base_model.model.model.layers.21.mlp.up_proj.lora_A.weight,"(16, 2560)",0.9496093974926006,0.0717041045427322,2.422041654586792,2.386515617370605,0.0,0.0,0.0102563481777906,0.0101372506469488,42
base_model.model.model.layers.21.mlp.up_proj.lora_B.weight,"(9728, 16)",0.0149735158082118,0.4918020069599151,0.9186092615127563,0.9416146278381348,0.0,0.0,0.0017907802248373,0.0019659486133605,42
base_model.model.model.layers.21.self_attn.k_proj.lora_A.weight,"(16, 2560)",0.9132657927707148,0.0998291000723838,2.4575297832489014,2.37801480293274,0.0,0.0,0.0103162806481122,0.0100715877488255,42
base_model.model.model.layers.21.self_attn.k_proj.lora_B.weight,"(1024, 16)",0.0112055689959853,0.49169921875,0.2869015336036682,0.2798015773296356,0.0,0.0,0.0017426784615963,0.0018096012063324,42
base_model.model.model.layers.21.self_attn.o_proj.lora_A.weight,"(16, 4096)",0.9421362776465676,0.0775604248046875,2.3896965980529785,2.3952770233154297,0.0,0.0,0.0080028176307678,0.0080248601734638,42
base_model.model.model.layers.21.self_attn.o_proj.lora_B.weight,"(2560, 16)",0.0326838151398591,0.487475574016571,0.3908669352531433,0.4712882041931152,0.0,0.0,0.0015322845429182,0.0019065510714426,42
base_model.model.model.layers.21.self_attn.q_proj.lora_A.weight,"(16, 2560)",0.933846131642692,0.0836181640625,2.421089172363281,2.3745126724243164,0.0,0.0,0.0102098723873496,0.0100852958858013,42
base_model.model.model.layers.21.self_attn.q_proj.lora_B.weight,"(4096, 16)",0.0293358207485574,0.481781005859375,0.556665301322937,0.5654585957527161,0.0,0.0,0.0016343450406566,0.0018285184632986,42
base_model.model.model.layers.21.self_attn.v_proj.lora_A.weight,"(16, 2560)",0.940469586612949,0.0760986357927322,2.419168472290039,2.361139297485352,0.0,0.0,0.0102245761081576,0.01004259288311,42
base_model.model.model.layers.21.self_attn.v_proj.lora_B.weight,"(1024, 16)",0.0349899718009495,0.4825439453125,0.2490228712558746,0.2817704379558563,0.0,0.0,0.0015127100050449,0.0018521598540246,42
base_model.model.model.layers.22.mlp.down_proj.lora_A.weight,"(16, 9728)",0.8150591867897722,0.1511873006820678,2.632333755493164,2.5773487091064453,0.0,0.0,0.0055859237909317,0.0054978509433567,42
base_model.model.model.layers.22.mlp.down_proj.lora_B.weight,"(2560, 16)",0.0212244006625336,0.4910888671875,0.5785108208656311,0.4875731766223907,0.0,0.0,0.0022334246896207,0.0019797817803919,42
base_model.model.model.layers.22.mlp.gate_proj.lora_A.weight,"(16, 2560)",0.928573646801092,0.0909423828125,2.44087815284729,2.4344475269317627,0.0,0.0,0.0103007163852453,0.0102831302210688,42
base_model.model.model.layers.22.mlp.gate_proj.lora_B.weight,"(9728, 16)",0.0074687431093195,0.4946417510509491,1.217412352561951,1.04935884475708,0.0,0.0,0.0022826169151812,0.0021671571303159,42
base_model.model.model.layers.22.mlp.up_proj.lora_A.weight,"(16, 2560)",0.9417825023119368,0.0796874985098838,2.422666072845459,2.4039576053619385,0.0,0.0,0.0102392416447401,0.0101848365738987,42
base_model.model.model.layers.22.mlp.up_proj.lora_B.weight,"(9728, 16)",0.0082943141764301,0.4931769073009491,1.0492335557937622,0.9872227311134338,0.0,0.0,0.0020506186410784,0.0020553823560476,42
base_model.model.model.layers.22.self_attn.k_proj.lora_A.weight,"(16, 2560)",0.9292969082719184,0.09033203125,2.4313066005706787,2.380855798721313,0.0,0.0,0.0102671487256884,0.0100911250337958,42
base_model.model.model.layers.22.self_attn.k_proj.lora_B.weight,"(1024, 16)",0.0375075664126496,0.47900390625,0.2811421751976013,0.2973594665527344,0.0,0.0,0.001657391898334,0.001919363043271,42
base_model.model.model.layers.22.self_attn.o_proj.lora_A.weight,"(16, 4096)",0.9349198134547236,0.08428955078125,2.4143824577331543,2.4019317626953125,0.0,0.0,0.0080578895285725,0.0080325547605752,42
base_model.model.model.layers.22.self_attn.o_proj.lora_B.weight,"(2560, 16)",0.0426024533292954,0.4831054806709289,0.4176560342311859,0.4721845090389251,0.0,0.0,0.0016327832126989,0.0019129875581711,42
base_model.model.model.layers.22.self_attn.q_proj.lora_A.weight,"(16, 2560)",0.9411102905893344,0.07861328125,2.400423526763916,2.374986410140991,0.0,0.0,0.0101570161059498,0.0100863231346011,42
base_model.model.model.layers.22.self_attn.q_proj.lora_B.weight,"(4096, 16)",0.0313221106371962,0.4824371337890625,0.5114517211914062,0.5951144099235535,0.0,0.0,0.0015144848730415,0.0019237746018916,42
base_model.model.model.layers.22.self_attn.v_proj.lora_A.weight,"(16, 2560)",0.9367895229906976,0.0810546875,2.428100347518921,2.3752758502960205,0.0,0.0,0.0102461362257599,0.0100971739739179,42
base_model.model.model.layers.22.self_attn.v_proj.lora_B.weight,"(1024, 16)",0.0513180187061468,0.47271728515625,0.2813813686370849,0.2888359725475311,0.0,0.0,0.0017175034154206,0.0018846166785806,42
base_model.model.model.layers.23.mlp.down_proj.lora_A.weight,"(16, 9728)",0.7970386852770026,0.1605481654405594,2.669839382171631,2.5983657836914062,0.0,0.0,0.0056480737403035,0.0055333883501589,42
base_model.model.model.layers.23.mlp.down_proj.lora_B.weight,"(2560, 16)",0.027672445044373,0.490649402141571,0.6380864381790161,0.5119389295578003,0.0,0.0,0.0024671151768416,0.0020678790751844,42
base_model.model.model.layers.23.mlp.gate_proj.lora_A.weight,"(16, 2560)",0.9182519779859264,0.0972412079572677,2.4752230644226074,2.442180871963501,0.0,0.0,0.0104201585054397,0.0103178396821022,42
base_model.model.model.layers.23.mlp.gate_proj.lora_B.weight,"(9728, 16)",0.0070826686592149,0.4987214803695678,1.5307366847991943,1.0466933250427246,0.0,0.0,0.0029104987625032,0.0021538310684263,42
base_model.model.model.layers.23.mlp.up_proj.lora_A.weight,"(16, 2560)",0.937528787377393,0.0827148407697677,2.4367105960845947,2.4144694805145264,0.0,0.0,0.0102832959964871,0.0102370390668511,42
base_model.model.model.layers.23.mlp.up_proj.lora_B.weight,"(9728, 16)",0.0172582484360935,0.4912045001983642,1.2161353826522827,0.9939059019088744,0.0,0.0,0.0023768553510308,0.0020682860631495,42
base_model.model.model.layers.23.self_attn.k_proj.lora_A.weight,"(16, 2560)",0.923958765736197,0.0945556610822677,2.436995506286621,2.3954672813415527,0.0,0.0,0.0102709801867604,0.0101510537788271,42
base_model.model.model.layers.23.self_attn.k_proj.lora_B.weight,"(1024, 16)",0.0097967858853085,0.50103759765625,0.3086753487586975,0.302935779094696,0.0,0.0,0.00186201359611,0.0019569024443626,42
base_model.model.model.layers.23.self_attn.o_proj.lora_A.weight,"(16, 4096)",0.9234672607968424,0.0901947021484375,2.4304869174957275,2.4269392490386963,0.0,0.0,0.0081169800832867,0.0081067811697721,42
base_model.model.model.layers.23.self_attn.o_proj.lora_B.weight,"(2560, 16)",0.01011287891394,0.4960449337959289,0.478581815958023,0.4889310300350189,0.0,0.0,0.0018558951560407,0.0019797156564891,42
base_model.model.model.layers.23.self_attn.q_proj.lora_A.weight,"(16, 2560)",0.9273884137235412,0.0928466767072677,2.4213662147521973,2.4030098915100098,0.0,0.0,0.0102302161976695,0.0101607898250222,42
base_model.model.model.layers.23.self_attn.q_proj.lora_B.weight,"(4096, 16)",0.0056327945948442,0.4979095458984375,0.6136650443077087,0.6155902743339539,0.0,0.0,0.0018021925352513,0.0019923751242458,42
base_model.model.model.layers.23.self_attn.v_proj.lora_A.weight,"(16, 2560)",0.9423067181565326,0.0789306610822677,2.4104580879211426,2.378253221511841,0.0,0.0,0.0101859206333756,0.0100922863930463,42
base_model.model.model.layers.23.self_attn.v_proj.lora_B.weight,"(1024, 16)",0.0494820787248968,0.47430419921875,0.2654991745948791,0.2959009110927582,0.0,0.0,0.0016300075221806,0.0019304230809211,42
base_model.model.model.layers.24.mlp.down_proj.lora_A.weight,"(16, 9728)",0.7749716600557509,0.1690673828125,2.743898391723633,2.583263874053955,0.0,0.0,0.0057640708982944,0.0055092289112508,42
base_model.model.model.layers.24.mlp.down_proj.lora_B.weight,"(2560, 16)",0.0112814151133832,0.4979248046875,0.651141881942749,0.5032380819320679,0.0,0.0,0.0025088195689022,0.0020373619627207,42
base_model.model.model.layers.24.mlp.gate_proj.lora_A.weight,"(16, 2560)",0.894251281309171,0.1095459014177322,2.5662682056427,2.4331769943237305,0.0,0.0,0.0107253417372703,0.0102823730558156,42
base_model.model.model.layers.24.mlp.gate_proj.lora_B.weight,"(9728, 16)",0.0171404913696025,0.4917185008525848,1.72063946723938,1.0420876741409302,0.0,0.0,0.003308753715828,0.0021456922404468,42
base_model.model.model.layers.24.mlp.up_proj.lora_A.weight,"(16, 2560)",0.926111109961266,0.0895507782697677,2.478224039077759,2.4170799255371094,0.0,0.0,0.0104274377226829,0.0102371321991086,42
base_model.model.model.layers.24.mlp.up_proj.lora_B.weight,"(9728, 16)",0.011717449665644,0.4943654835224151,1.306536078453064,1.008378267288208,0.0,0.0,0.0025510373525321,0.0020944366697221,42
base_model.model.model.layers.24.self_attn.k_proj.lora_A.weight,"(16, 2560)",0.925594555187983,0.0907470732927322,2.4285426139831543,2.390835762023926,0.0,0.0,0.0102513190358877,0.0101288594305515,42
base_model.model.model.layers.24.self_attn.k_proj.lora_B.weight,"(1024, 16)",0.0636664627246548,0.47119140625,0.3255088925361633,0.3062277436256408,0.0,0.0,0.0019020158797502,0.0019652671180665,42
base_model.model.model.layers.24.self_attn.o_proj.lora_A.weight,"(16, 4096)",0.9046408439221992,0.100677490234375,2.4781088829040527,2.4310967922210693,0.0,0.0,0.0082186181098222,0.008101774379611,42
base_model.model.model.layers.24.self_attn.o_proj.lora_B.weight,"(2560, 16)",0.0074777029975353,0.4953857362270355,0.679349422454834,0.4987064599990845,0.0,0.0,0.0026130997575819,0.002001391723752,42
base_model.model.model.layers.24.self_attn.q_proj.lora_A.weight,"(16, 2560)",0.9245488955537826,0.0921630859375,2.4273693561553955,2.3870770931243896,0.0,0.0,0.0102249421179294,0.0101126804947853,42
base_model.model.model.layers.24.self_attn.q_proj.lora_B.weight,"(4096, 16)",0.0358128998339222,0.480224609375,0.6797000765800476,0.6370838284492493,0.0,0.0,0.0019671199843287,0.0020289714448153,42
base_model.model.model.layers.24.self_attn.v_proj.lora_A.weight,"(16, 2560)",0.9303428173293206,0.0874511748552322,2.431347608566284,2.376290798187256,0.0,0.0,0.0102415848523378,0.0100783677771687,42
base_model.model.model.layers.24.self_attn.v_proj.lora_B.weight,"(1024, 16)",0.0313690969555491,0.48114013671875,0.3290926516056061,0.3014435470104217,0.0,0.0,0.0019885622896254,0.0019468731479719,42
base_model.model.model.layers.25.mlp.down_proj.lora_A.weight,"(16, 9728)",0.744464433261618,0.1858938187360763,2.8569769859313965,2.5902018547058105,0.0,0.0,0.0059648053720593,0.0055121341720223,42
base_model.model.model.layers.25.mlp.down_proj.lora_B.weight,"(2560, 16)",0.0234472611605971,0.49462890625,0.6811364889144897,0.501227855682373,0.0,0.0,0.0026329334359616,0.0020336483139544,42
base_model.model.model.layers.25.mlp.gate_proj.lora_A.weight,"(16, 2560)",0.8849620358538407,0.1176269501447677,2.58750057220459,2.4510703086853027,0.0,0.0,0.0107812331989407,0.0103336200118064,42
base_model.model.model.layers.25.mlp.gate_proj.lora_B.weight,"(9728, 16)",0.0100668729967037,0.4938579499721527,1.805811882019043,1.049691081047058,0.0,0.0,0.0034833601675927,0.0021614648867398,42
base_model.model.model.layers.25.mlp.up_proj.lora_A.weight,"(16, 2560)",0.9171622929321434,0.0950195342302322,2.50728726387024,2.4302752017974854,0.0,0.0,0.0105435755103826,0.0102960150688886,42
base_model.model.model.layers.25.mlp.up_proj.lora_B.weight,"(9728, 16)",0.0078230634119034,0.4951685965061188,1.4746187925338743,1.0126941204071045,0.0,0.0,0.0028676439542323,0.002098677214235,42
base_model.model.model.layers.25.self_attn.k_proj.lora_A.weight,"(16, 2560)",0.9223306622201212,0.09619140625,2.433910369873047,2.40648889541626,0.0,0.0,0.0102699762210249,0.0101689174771308,42
base_model.model.model.layers.25.self_attn.k_proj.lora_B.weight,"(1024, 16)",0.0066876815865054,0.503662109375,0.3449171781539917,0.3294527232646942,0.0,0.0,0.0020687421783804,0.0020967316813766,42
base_model.model.model.layers.25.self_attn.o_proj.lora_A.weight,"(16, 4096)",0.9002592460335372,0.1063995361328125,2.4864578247070312,2.4343979358673096,0.0,0.0,0.0082439947873353,0.0081145325675606,42
base_model.model.model.layers.25.self_attn.o_proj.lora_B.weight,"(2560, 16)",0.0129279518885231,0.4951904416084289,0.6620767116546631,0.5011406540870667,0.0,0.0,0.0025604492984712,0.0020257290452718,42
base_model.model.model.layers.25.self_attn.q_proj.lora_A.weight,"(16, 2560)",0.9268199785173696,0.0896972641348838,2.437572956085205,2.3784728050231934,0.0,0.0,0.010262107476592,0.0100873624905943,42
base_model.model.model.layers.25.self_attn.q_proj.lora_B.weight,"(4096, 16)",-0.0038042355830394,0.5017547607421875,0.6198387145996094,0.6012505292892456,0.0,0.0,0.0018394676735624,0.0019300410058349,42
base_model.model.model.layers.25.self_attn.v_proj.lora_A.weight,"(16, 2560)",0.9285106638599818,0.0868408232927322,2.4428842067718506,2.3915555477142334,0.0,0.0,0.0103020742535591,0.0101361442357301,42
base_model.model.model.layers.25.self_attn.v_proj.lora_B.weight,"(1024, 16)",0.037516274916663,0.485107421875,0.3438513875007629,0.2993764281272888,0.0,0.0,0.0020824365783482,0.0019460590556263,42
base_model.model.model.layers.26.mlp.down_proj.lora_A.weight,"(16, 9728)",0.7404747730006935,0.1872944086790084,2.8720719814300537,2.589914083480835,0.0,0.0,0.0059929527342319,0.0055100158788263,42
base_model.model.model.layers.26.mlp.down_proj.lora_B.weight,"(2560, 16)",0.0126297979706075,0.4949463009834289,0.6667507290840149,0.4986337423324585,0.0,0.0,0.0025777358096092,0.0020157571416348,42
base_model.model.model.layers.26.mlp.gate_proj.lora_A.weight,"(16, 2560)",0.8815519852811083,0.1197265610098838,2.6057045459747314,2.4678659439086914,0.0,0.0,0.0108527718111872,0.0103905890136957,42
base_model.model.model.layers.26.mlp.gate_proj.lora_B.weight,"(9728, 16)",0.0111384817334347,0.4933567941188812,1.869836449623108,1.061027765274048,0.0,0.0,0.0036234534345567,0.0021807986777275,42
base_model.model.model.layers.26.mlp.up_proj.lora_A.weight,"(16, 2560)",0.9202825598594508,0.0906982421875,2.5071041584014893,2.431037664413452,0.0,0.0,0.0105517385527491,0.0103048384189605,42
base_model.model.model.layers.26.mlp.up_proj.lora_B.weight,"(9728, 16)",0.0109650081880933,0.4940699636936188,1.3552948236465454,0.9950506687164308,0.0,0.0,0.0026497414801269,0.0020737473387271,42
base_model.model.model.layers.26.self_attn.k_proj.lora_A.weight,"(16, 2560)",0.9297931908200876,0.0908447280526161,2.429347038269043,2.3946292400360107,0.0,0.0,0.010240358300507,0.0101465750485658,42
base_model.model.model.layers.26.self_attn.k_proj.lora_B.weight,"(1024, 16)",-0.0015285533793087,0.4969482421875,0.3534086942672729,0.3047740757465362,0.0,0.0,0.0021175618749111,0.001942605827935,42
base_model.model.model.layers.26.self_attn.o_proj.lora_A.weight,"(16, 4096)",0.9178692570341282,0.0947418212890625,2.445131540298462,2.413043975830078,0.0,0.0,0.0081403153017163,0.0080548729747533,42
base_model.model.model.layers.26.self_attn.o_proj.lora_B.weight,"(2560, 16)",0.0063345026958653,0.4992431700229645,0.4951711297035217,0.4773308932781219,0.0,0.0,0.0019399560987949,0.0019369072979316,42
base_model.model.model.layers.26.self_attn.q_proj.lora_A.weight,"(16, 2560)",0.9223644076016712,0.0931396484375,2.433084726333618,2.3983049392700195,0.0,0.0,0.0102427685633301,0.0101517112925648,42
base_model.model.model.layers.26.self_attn.q_proj.lora_B.weight,"(4096, 16)",-0.0019338120297372,0.50067138671875,0.6984281539916992,0.6101940274238586,0.0,0.0,0.0020784225780516,0.0019472080748528,42
base_model.model.model.layers.26.self_attn.v_proj.lora_A.weight,"(16, 2560)",0.941037556441858,0.0794677734375,2.408364772796631,2.3789663314819336,0.0,0.0,0.0101795922964811,0.0100972699001431,42
base_model.model.model.layers.26.self_attn.v_proj.lora_B.weight,"(1024, 16)",0.0144422220941052,0.49102783203125,0.2969006896018982,0.2953313589096069,0.0,0.0,0.0018243168015033,0.0019152315799146,42
base_model.model.model.layers.27.mlp.down_proj.lora_A.weight,"(16, 9728)",0.7189126852470006,0.1954859644174575,2.924501180648804,2.605438470840454,0.0,0.0,0.0060787112452089,0.005544455256313,42
base_model.model.model.layers.27.mlp.down_proj.lora_B.weight,"(2560, 16)",0.0101655984495973,0.4945800900459289,0.6438592672348022,0.5061857104301453,0.0,0.0,0.0025065427180379,0.0020467811264097,42
base_model.model.model.layers.27.mlp.gate_proj.lora_A.weight,"(16, 2560)",0.8825962735070612,0.11572265625,2.614840745925904,2.453423261642456,0.0,0.0,0.0109113063663244,0.0103814285248517,42
base_model.model.model.layers.27.mlp.gate_proj.lora_B.weight,"(9728, 16)",0.0026601189150139,0.4961965382099151,1.8479101657867432,1.035951018333435,0.0,0.0,0.0035873942542821,0.0021338947117328,42
base_model.model.model.layers.27.mlp.up_proj.lora_A.weight,"(16, 2560)",0.912451962385898,0.0983642563223838,2.520245313644409,2.426741361618042,0.0,0.0,0.0105573609471321,0.010270319879055,42
base_model.model.model.layers.27.mlp.up_proj.lora_B.weight,"(9728, 16)",0.0115619388450439,0.4941213428974151,1.544487714767456,1.0050195455551147,0.0,0.0,0.0030438385438174,0.0020889434963464,42
base_model.model.model.layers.27.self_attn.k_proj.lora_A.weight,"(16, 2560)",0.9107279301232002,0.1024414077401161,2.449789762496948,2.4126501083374023,0.0,0.0,0.0102959470823407,0.0101752784103155,42
base_model.model.model.layers.27.self_attn.k_proj.lora_B.weight,"(1024, 16)",0.0019060568908261,0.49755859375,0.3603549003601074,0.335331380367279,0.0,0.0,0.0021776484791189,0.0021289181895554,42
base_model.model.model.layers.27.self_attn.o_proj.lora_A.weight,"(16, 4096)",0.9064990734566696,0.1002044677734375,2.453110694885254,2.4227733612060547,0.0,0.0,0.0081465207040309,0.0080774296075105,42
base_model.model.model.layers.27.self_attn.o_proj.lora_B.weight,"(2560, 16)",0.0094088191983497,0.498339831829071,0.5881990194320679,0.4973683059215545,0.0,0.0,0.0023006349802017,0.002002605702728,42
base_model.model.model.layers.27.self_attn.q_proj.lora_A.weight,"(16, 2560)",0.9135979057721264,0.0999267548322677,2.465451717376709,2.4057512283325195,0.0,0.0,0.0103610306978225,0.0101661430671811,42
base_model.model.model.layers.27.self_attn.q_proj.lora_B.weight,"(4096, 16)",-0.0080770724358062,0.5031585693359375,0.7263992428779602,0.6281168460845947,0.0,0.0,0.0021319517400115,0.0020118148531764,42
base_model.model.model.layers.27.self_attn.v_proj.lora_A.weight,"(16, 2560)",0.904876508921261,0.0992431640625,2.4874532222747803,2.3953680992126465,0.0,0.0,0.0104131652042269,0.0101259294897317,42
base_model.model.model.layers.27.self_attn.v_proj.lora_B.weight,"(1024, 16)",0.0126679876140076,0.480224609375,0.3612160980701446,0.3093026280403137,0.0,0.0,0.0021260220091789,0.0019924791995435,42
base_model.model.model.layers.28.mlp.down_proj.lora_A.weight,"(16, 9728)",0.7259538529954133,0.1940018534660339,2.946796178817749,2.589327573776245,0.0,0.0,0.0061190440319478,0.0055188909173011,42
base_model.model.model.layers.28.mlp.down_proj.lora_B.weight,"(2560, 16)",0.005326015653017,0.4975341856479645,0.6500436663627625,0.5017812252044678,0.0,0.0,0.0025243209674954,0.002028125571087,42
base_model.model.model.layers.28.mlp.gate_proj.lora_A.weight,"(16, 2560)",0.8821251064766,0.1190673857927322,2.621533393859864,2.4422080516815186,0.0,0.0,0.0109573630616068,0.0103301927447319,42
base_model.model.model.layers.28.mlp.gate_proj.lora_B.weight,"(9728, 16)",0.009478317064639,0.4957660734653473,2.0221450328826904,1.023829460144043,0.0,0.0,0.0039555933326482,0.0021061426959931,42
base_model.model.model.layers.28.mlp.up_proj.lora_A.weight,"(16, 2560)",0.92039416419607,0.0950683578848838,2.5108065605163574,2.4308109283447266,0.0,0.0,0.0105622140690684,0.0102956453338265,42
base_model.model.model.layers.28.mlp.up_proj.lora_B.weight,"(9728, 16)",0.0054216873348351,0.495894581079483,1.4764060974121094,1.0084314346313477,0.0,0.0,0.0028977587353438,0.0020913451444357,42
base_model.model.model.layers.28.self_attn.k_proj.lora_A.weight,"(16, 2560)",0.8911753957815645,0.1093994155526161,2.518161058425904,2.37687349319458,0.0,0.0,0.0105093605816364,0.0100633930414915,42
base_model.model.model.layers.28.self_attn.k_proj.lora_B.weight,"(1024, 16)",0.023003762883752,0.49420166015625,0.393248051404953,0.2964932322502136,0.0,0.0,0.0023414364550262,0.0018848603358492,42
base_model.model.model.layers.28.self_attn.o_proj.lora_A.weight,"(16, 4096)",0.9034416544738824,0.1026611328125,2.505099296569824,2.4391534328460693,0.0,0.0,0.008312071673572,0.008134277537465,42
base_model.model.model.layers.28.self_attn.o_proj.lora_B.weight,"(2560, 16)",0.0088901052452287,0.4975830018520355,0.6365907192230225,0.4922001659870147,0.0,0.0,0.0024406295269727,0.0020065091084688,42
base_model.model.model.layers.28.self_attn.q_proj.lora_A.weight,"(16, 2560)",0.917893372310215,0.0971435531973838,2.4769608974456787,2.384707450866699,0.0,0.0,0.0103944530710577,0.0101307155564427,42
base_model.model.model.layers.28.self_attn.q_proj.lora_B.weight,"(4096, 16)",0.0062106192375913,0.4945526123046875,0.8060796856880188,0.6049497723579407,0.0,0.0,0.0023596491664648,0.001922633848153,42
base_model.model.model.layers.28.self_attn.v_proj.lora_A.weight,"(16, 2560)",0.9213804322641068,0.0934326201677322,2.462714195251465,2.386624813079834,0.0,0.0,0.010331773199141,0.0101021975278854,42
base_model.model.model.layers.28.self_attn.v_proj.lora_B.weight,"(1024, 16)",0.0029259612812994,0.49481201171875,0.3038760721683502,0.3006040453910827,0.0,0.0,0.0018581426702439,0.001954983221367,42
base_model.model.model.layers.29.mlp.down_proj.lora_A.weight,"(16, 9728)",0.7120678670453715,0.1991544961929321,3.000097274780273,2.587000846862793,0.0,0.0,0.0062095657922327,0.0055119302123785,42
base_model.model.model.layers.29.mlp.down_proj.lora_B.weight,"(2560, 16)",0.0076825529334675,0.499316394329071,0.6589871048927307,0.499343603849411,0.0,0.0,0.0025659571401774,0.0020131636410951,42
base_model.model.model.layers.29.mlp.gate_proj.lora_A.weight,"(16, 2560)",0.8645840991445226,0.1265136748552322,2.6530208587646484,2.4569852352142334,0.0,0.0,0.0110185593366622,0.0103679420426487,42
base_model.model.model.layers.29.mlp.gate_proj.lora_B.weight,"(9728, 16)",0.0062739351731433,0.4970060586929321,2.039879560470581,1.0456477403640747,0.0,0.0,0.0039946571923792,0.0021402393467724,42
base_model.model.model.layers.29.mlp.up_proj.lora_A.weight,"(16, 2560)",0.914806604443542,0.0992919951677322,2.509002685546875,2.412581205368042,0.0,0.0,0.0105255050584673,0.0102114882320165,42
base_model.model.model.layers.29.mlp.up_proj.lora_B.weight,"(9728, 16)",0.0054076887124958,0.4968004822731018,1.5645114183425903,0.9959657192230223,0.0,0.0,0.0030588840600103,0.0020689957309514,42
base_model.model.model.layers.29.self_attn.k_proj.lora_A.weight,"(16, 2560)",0.9379552750755998,0.0824218764901161,2.394017219543457,2.3858015537261963,0.0,0.0,0.0101193748414516,0.0101067852228879,42
base_model.model.model.layers.29.self_attn.k_proj.lora_B.weight,"(1024, 16)",0.001828830133949,0.497314453125,0.323183000087738,0.3041086792945862,0.0,0.0,0.0018999055027961,0.0019254955695942,42
base_model.model.model.layers.29.self_attn.o_proj.lora_A.weight,"(16, 4096)",0.9112514292562476,0.098541259765625,2.4528934955596924,2.4234166145324707,0.0,0.0,0.008161892183125,0.0080899614840745,42
base_model.model.model.layers.29.self_attn.o_proj.lora_B.weight,"(2560, 16)",0.004529894535782,0.49755859375,0.4714647531509399,0.5053604245185852,0.0,0.0,0.0018428150797262,0.0020552061032503,42
base_model.model.model.layers.29.self_attn.q_proj.lora_A.weight,"(16, 2560)",0.9220985340639006,0.0926757827401161,2.4479238986968994,2.4002907276153564,0.0,0.0,0.0103096459060907,0.010158559307456,42
base_model.model.model.layers.29.self_attn.q_proj.lora_B.weight,"(4096, 16)",0.0119149415505974,0.4868621826171875,0.7199679017066956,0.5961039066314697,0.0,0.0,0.0020976057276129,0.0019112868467345,42
base_model.model.model.layers.29.self_attn.v_proj.lora_A.weight,"(16, 2560)",0.9396282049550329,0.0779785141348838,2.4005346298217773,2.3823401927948,0.0,0.0,0.0101471599191427,0.0101088862866163,42
base_model.model.model.layers.29.self_attn.v_proj.lora_B.weight,"(1024, 16)",0.0302650318476639,0.4881591796875,0.3274286687374115,0.2979671061038971,0.0,0.0,0.0020253574475646,0.0019470728002488,42
base_model.model.model.layers.3.mlp.down_proj.lora_A.weight,"(16, 9728)",0.8544769462613121,0.1296322494745254,2.4709932804107666,2.5473568439483643,0.0,0.0,0.0053224577568471,0.0054385652765631,42
base_model.model.model.layers.3.mlp.down_proj.lora_B.weight,"(2560, 16)",0.0083983229087363,0.4974365234375,0.3793742954730987,0.4778003096580505,0.0,0.0,0.0014947107993066,0.0019018806051462,42
base_model.model.model.layers.3.mlp.gate_proj.lora_A.weight,"(16, 2560)",0.949574306285083,0.0748535171151161,2.367327690124512,2.3957629203796387,0.0,0.0,0.0100525692105293,0.0101471748203039,42
base_model.model.model.layers.3.mlp.gate_proj.lora_B.weight,"(9728, 16)",0.0069417493055762,0.4963892996311188,1.0052024126052856,0.901302456855774,0.0,0.0,0.0016939534107223,0.0017389738932251,42
base_model.model.model.layers.3.mlp.up_proj.lora_A.weight,"(16, 2560)",0.9594184501191994,0.0647949203848838,2.354530334472656,2.380290985107422,0.0,0.0,0.0100353779271245,0.0101120201870799,42
base_model.model.model.layers.3.mlp.up_proj.lora_B.weight,"(9728, 16)",0.0452288216266402,0.4933953583240509,0.8712525963783264,0.8441406488418579,0.0,0.0,0.0014598845737054,0.0016430397517979,42
base_model.model.model.layers.3.self_attn.k_proj.lora_A.weight,"(16, 2560)",0.9451789828374207,0.0776855498552322,2.387892961502075,2.3781003952026367,0.0,0.0,0.0101121170446276,0.0100822355598211,42
base_model.model.model.layers.3.self_attn.k_proj.lora_B.weight,"(1024, 16)",0.0019597515076136,0.49639892578125,0.2436003237962722,0.283255010843277,0.0,0.0,0.0014872550964355,0.0017802726943045,42
base_model.model.model.layers.3.self_attn.o_proj.lora_A.weight,"(16, 4096)",0.9214796140857848,0.0959014892578125,2.400268077850342,2.4545414447784424,0.0,0.0,0.0080380393192172,0.0081768073141574,42
base_model.model.model.layers.3.self_attn.o_proj.lora_B.weight,"(2560, 16)",-0.0001423875870931,0.4975830018520355,0.3905165493488312,0.4775986969470978,0.0,0.0,0.0015348483575507,0.001905869343318,42
base_model.model.model.layers.3.self_attn.q_proj.lora_A.weight,"(16, 2560)",0.9554338363619168,0.0698974579572677,2.377044677734375,2.381963014602661,0.0,0.0,0.0101083405315876,0.0101199094206094,42
base_model.model.model.layers.3.self_attn.q_proj.lora_B.weight,"(4096, 16)",-0.0063164449240794,0.5055999755859375,0.4919386506080627,0.5522503852844238,0.0,0.0,0.0014829831197857,0.0017315777949988,42
base_model.model.model.layers.3.self_attn.v_proj.lora_A.weight,"(16, 2560)",0.9528893544140276,0.0713378936052322,2.3691153526306152,2.395824670791626,0.0,0.0,0.0100974394008517,0.010168470442295,42
base_model.model.model.layers.3.self_attn.v_proj.lora_B.weight,"(1024, 16)",0.0484405531757084,0.480712890625,0.2172150015830993,0.2853353023529053,0.0,0.0,0.0013572365278378,0.0017995013622567,42
base_model.model.model.layers.30.mlp.down_proj.lora_A.weight,"(16, 9728)",0.6998651978621829,0.2054636031389236,3.0374112129211426,2.575587511062622,0.0,0.0,0.0062709064222872,0.0054946392774581,42
base_model.model.model.layers.30.mlp.down_proj.lora_B.weight,"(2560, 16)",0.0079711521102283,0.4952392578125,0.6436154246330261,0.4900115132331848,0.0,0.0,0.0025120293721556,0.0019839783199131,42
base_model.model.model.layers.30.mlp.gate_proj.lora_A.weight,"(16, 2560)",0.877681395059492,0.1213134750723838,2.632570266723633,2.45886778831482,0.0,0.0,0.0109534319490194,0.0103948814794421,42
base_model.model.model.layers.30.mlp.gate_proj.lora_B.weight,"(9728, 16)",0.0087661902427098,0.4955540597438812,2.008305549621582,1.0267930030822754,0.0,0.0,0.0039300923235714,0.0021018655970692,42
base_model.model.model.layers.30.mlp.up_proj.lora_A.weight,"(16, 2560)",0.9079907966672596,0.1027099639177322,2.528480052947998,2.4390156269073486,0.0,0.0,0.0106136118993163,0.0103169493377208,42
base_model.model.model.layers.30.mlp.up_proj.lora_B.weight,"(9728, 16)",0.010538538001448,0.4965948760509491,1.6762460470199585,1.0326321125030518,0.0,0.0,0.0032527807634323,0.0021145509090274,42
base_model.model.model.layers.30.self_attn.k_proj.lora_A.weight,"(16, 2560)",0.8945917394085994,0.1094238311052322,2.518953323364258,2.401684045791626,0.0,0.0,0.0105089172720909,0.0101812127977609,42
base_model.model.model.layers.30.self_attn.k_proj.lora_B.weight,"(1024, 16)",0.0238035951352916,0.48370361328125,0.3895197212696075,0.2997422814369201,0.0,0.0,0.0022635397035628,0.0019088250119239,42
base_model.model.model.layers.30.self_attn.o_proj.lora_A.weight,"(16, 4096)",0.8918944609352545,0.108062744140625,2.5197441577911377,2.420884370803833,0.0,0.0,0.0083190528675913,0.0080718323588371,42
base_model.model.model.layers.30.self_attn.o_proj.lora_B.weight,"(2560, 16)",0.0085533924219376,0.494799792766571,0.6148854494094849,0.5005411505699158,0.0,0.0,0.0023764395155012,0.0020412330050021,42
base_model.model.model.layers.30.self_attn.q_proj.lora_A.weight,"(16, 2560)",0.9071753712707732,0.1032470688223838,2.477515935897827,2.4073989391326904,0.0,0.0,0.0103861782699823,0.0101742595434188,42
base_model.model.model.layers.30.self_attn.q_proj.lora_B.weight,"(4096, 16)",0.002385953804989,0.49774169921875,0.8301520943641663,0.6706315875053406,0.0,0.0,0.0024089429061859,0.0021048937924206,42
base_model.model.model.layers.30.self_attn.v_proj.lora_A.weight,"(16, 2560)",0.9262417822330692,0.0886474624276161,2.438373327255249,2.3862104415893555,0.0,0.0,0.0102749736979603,0.0101357735693454,42
base_model.model.model.layers.30.self_attn.v_proj.lora_B.weight,"(1024, 16)",0.00837419400048,0.4871826171875,0.2947754263877868,0.2965358793735504,0.0,0.0,0.001822195132263,0.0019362855236977,42
base_model.model.model.layers.31.mlp.down_proj.lora_A.weight,"(16, 9728)",0.6970049857948233,0.207564502954483,3.0536818504333496,2.5824320316314697,0.0,0.0,0.0062917582690715,0.0055063497275114,42
base_model.model.model.layers.31.mlp.down_proj.lora_B.weight,"(2560, 16)",0.0167708568666465,0.4984374940395355,0.6481214761734009,0.506802499294281,0.0,0.0,0.00253551825881,0.0020507485605776,42
base_model.model.model.layers.31.mlp.gate_proj.lora_A.weight,"(16, 2560)",0.8727171961928768,0.1239257827401161,2.6092915534973145,2.45690393447876,0.0,0.0,0.0108539033681154,0.0103512126952409,42
base_model.model.model.layers.31.mlp.gate_proj.lora_B.weight,"(9728, 16)",0.0047195270428273,0.499312549829483,1.9570661783218384,1.0283812284469604,0.0,0.0,0.0038055311888456,0.0021028597839176,42
base_model.model.model.layers.31.mlp.up_proj.lora_A.weight,"(16, 2560)",0.9048099238191843,0.1065429672598838,2.5430691242218018,2.454442977905273,0.0,0.0,0.0106870364397764,0.0103735094889998,42
base_model.model.model.layers.31.mlp.up_proj.lora_B.weight,"(9728, 16)",0.0102288307750664,0.4956311583518982,1.6403963565826416,1.028040051460266,0.0,0.0,0.0031667707953602,0.0021123015321791,42
base_model.model.model.layers.31.self_attn.k_proj.lora_A.weight,"(16, 2560)",0.9081262266469357,0.1023681610822677,2.485386848449707,2.3842310905456543,0.0,0.0,0.0104121323674917,0.0101071670651435,42
base_model.model.model.layers.31.self_attn.k_proj.lora_B.weight,"(1024, 16)",-0.0052597940690908,0.5079345703125,0.3655770123004913,0.3096840679645538,0.0,0.0,0.002147844294086,0.0019771407824009,42
base_model.model.model.layers.31.self_attn.o_proj.lora_A.weight,"(16, 4096)",0.8968442236014341,0.107513427734375,2.509317398071289,2.4271481037139893,0.0,0.0,0.0083109717816114,0.0080989878624677,42
base_model.model.model.layers.31.self_attn.o_proj.lora_B.weight,"(2560, 16)",0.0029450481307982,0.4986816346645355,0.6790671348571777,0.4965193271636963,0.0,0.0,0.0025978703051805,0.0020198971033096,42
base_model.model.model.layers.31.self_attn.q_proj.lora_A.weight,"(16, 2560)",0.9156178765650383,0.0983154326677322,2.475103616714477,2.388412952423096,0.0,0.0,0.0103890504688024,0.0101209357380867,42
base_model.model.model.layers.31.self_attn.q_proj.lora_B.weight,"(4096, 16)",-0.0036896107320304,0.500701904296875,0.7650129795074463,0.61375892162323,0.0,0.0,0.0022457693703472,0.001959781628102,42
base_model.model.model.layers.31.self_attn.v_proj.lora_A.weight,"(16, 2560)",0.9101725035304198,0.0977050811052322,2.4776451587677,2.382788181304932,0.0,0.0,0.0103742750361561,0.0100825680419802,42
base_model.model.model.layers.31.self_attn.v_proj.lora_B.weight,"(1024, 16)",0.0512977271319336,0.46966552734375,0.3481712937355041,0.2946526706218719,0.0,0.0,0.00213736994192,0.0019201980903744,42
base_model.model.model.layers.32.mlp.down_proj.lora_A.weight,"(16, 9728)",0.7048886088019762,0.2015188187360763,3.02240252494812,2.57607102394104,0.0,0.0,0.0062480736523866,0.005498097743839,42
base_model.model.model.layers.32.mlp.down_proj.lora_B.weight,"(2560, 16)",0.0056076931510967,0.498706042766571,0.6268723607063293,0.5125723481178284,0.0,0.0,0.0024481050204485,0.002069869544357,42
base_model.model.model.layers.32.mlp.gate_proj.lora_A.weight,"(16, 2560)",0.8842047492882897,0.1160156279802322,2.571884870529175,2.46476411819458,0.0,0.0,0.0107406200841069,0.010391991585493,42
base_model.model.model.layers.32.mlp.gate_proj.lora_B.weight,"(9728, 16)",0.0122820466126841,0.4940763711929321,1.8511700630187988,1.0669705867767334,0.0,0.0,0.0035929027944803,0.0021836122032254,42
base_model.model.model.layers.32.mlp.up_proj.lora_A.weight,"(16, 2560)",0.9022752707370224,0.1049560531973838,2.5268568992614746,2.45376968383789,0.0,0.0,0.0106021938845515,0.0103838834911584,42
base_model.model.model.layers.32.mlp.up_proj.lora_B.weight,"(9728, 16)",0.0013119714708376,0.4964984953403473,1.714386224746704,1.0580655336380005,0.0,0.0,0.0033031536731868,0.0021721813827753,42
base_model.model.model.layers.32.self_attn.k_proj.lora_A.weight,"(16, 2560)",0.8889160649255938,0.1144775375723838,2.54738450050354,2.383227825164795,0.0,0.0,0.0106186792254447,0.010094747878611,42
base_model.model.model.layers.32.self_attn.k_proj.lora_B.weight,"(1024, 16)",0.0374686949958399,0.48529052734375,0.3800585567951202,0.2982443571090698,0.0,0.0,0.002200570423156,0.0019276840612292,42
base_model.model.model.layers.32.self_attn.o_proj.lora_A.weight,"(16, 4096)",0.8803625453812021,0.1141204833984375,2.5568792819976807,2.441014289855957,0.0,0.0,0.0084196915850043,0.0081350188702344,42
base_model.model.model.layers.32.self_attn.o_proj.lora_B.weight,"(2560, 16)",0.0198111630407022,0.4930419921875,0.7894721031188965,0.528275191783905,0.0,0.0,0.0030239580664783,0.0021361946128308,42
base_model.model.model.layers.32.self_attn.q_proj.lora_A.weight,"(16, 2560)",0.90687570797149,0.1047607436776161,2.5089848041534424,2.376918077468872,0.0,0.0,0.0105063198134303,0.0101063214242458,42
base_model.model.model.layers.32.self_attn.q_proj.lora_B.weight,"(4096, 16)",0.0150000208034513,0.49102783203125,0.8705270290374756,0.6047694087028503,0.0,0.0,0.0025058784522116,0.0019422962795943,42
base_model.model.model.layers.32.self_attn.v_proj.lora_A.weight,"(16, 2560)",0.8634870057099121,0.1275878846645355,2.6293368339538574,2.410216808319092,0.0,0.0,0.0108889890834689,0.0102071482688188,42
base_model.model.model.layers.32.self_attn.v_proj.lora_B.weight,"(1024, 16)",0.0156546423698874,0.4945068359375,0.4647842049598694,0.3387182354927063,0.0,0.0,0.0027585362549871,0.0021832212805747,42
base_model.model.model.layers.33.mlp.down_proj.lora_A.weight,"(16, 9728)",0.7232783566651412,0.188200294971466,2.959178924560547,2.5640857219696045,0.0,0.0,0.0061195204034447,0.0054695634171366,42
base_model.model.model.layers.33.mlp.down_proj.lora_B.weight,"(2560, 16)",0.0138875811390852,0.4960693418979645,0.6734503507614136,0.5029466152191162,0.0,0.0,0.0026266458444297,0.0020303991623222,42
base_model.model.model.layers.33.mlp.gate_proj.lora_A.weight,"(16, 2560)",0.881710661092165,0.1167236343026161,2.595624685287476,2.454581022262573,0.0,0.0,0.0108322948217391,0.0103573920205235,42
base_model.model.model.layers.33.mlp.gate_proj.lora_B.weight,"(9728, 16)",0.0130764088626031,0.4946481883525848,1.963796734809876,1.083463430404663,0.0,0.0,0.0037756126839667,0.0022199475206434,42
base_model.model.model.layers.33.mlp.up_proj.lora_A.weight,"(16, 2560)",0.9025225645041156,0.1044433563947677,2.537260770797729,2.4601008892059326,0.0,0.0,0.0106488680467009,0.0104129780083894,42
base_model.model.model.layers.33.mlp.up_proj.lora_B.weight,"(9728, 16)",0.0094307071913804,0.4957596659660339,1.7732584476470947,1.1023939847946167,0.0,0.0,0.0033775761257857,0.0022615934722125,42
base_model.model.model.layers.33.self_attn.k_proj.lora_A.weight,"(16, 2560)",0.8941215844197427,0.1117187514901161,2.5234670639038086,2.386605024337769,0.0,0.0,0.010548336431384,0.0101230638101696,42
base_model.model.model.layers.33.self_attn.k_proj.lora_B.weight,"(1024, 16)",-0.0149253137843614,0.509033203125,0.3527626693248749,0.3073165416717529,0.0,0.0,0.0020386932883411,0.0019864176865667,42
base_model.model.model.layers.33.self_attn.o_proj.lora_A.weight,"(16, 4096)",0.8847378984573506,0.1091766357421875,2.535076141357422,2.41367244720459,0.0,0.0,0.008356250822544,0.0080599766224622,42
base_model.model.model.layers.33.self_attn.o_proj.lora_B.weight,"(2560, 16)",0.0031025231032187,0.4966064393520355,0.8435110449790955,0.4991644620895386,0.0,0.0,0.0032432053703814,0.0020316219888627,42
base_model.model.model.layers.33.self_attn.q_proj.lora_A.weight,"(16, 2560)",0.8969004265077419,0.1098144501447677,2.5039494037628174,2.3790202140808105,0.0,0.0,0.0104621024802327,0.0100715290755033,42
base_model.model.model.layers.33.self_attn.q_proj.lora_B.weight,"(4096, 16)",0.0102861610869528,0.490936279296875,0.7917603850364685,0.6009692549705505,0.0,0.0,0.0022656035143882,0.0019253119826316,42
base_model.model.model.layers.33.self_attn.v_proj.lora_A.weight,"(16, 2560)",0.8540916082490301,0.1333496123552322,2.6744093894958496,2.3786003589630127,0.0,0.0,0.0110146412625908,0.0100872917100787,42
base_model.model.model.layers.33.self_attn.v_proj.lora_B.weight,"(1024, 16)",0.0077514225810188,0.49365234375,0.415833979845047,0.3306401073932647,0.0,0.0,0.0024238408077508,0.0021278529893606,42
base_model.model.model.layers.34.mlp.down_proj.lora_A.weight,"(16, 9728)",0.697689322592958,0.1961220204830169,3.0367817878723145,2.5682051181793213,0.0,0.0,0.0062388912774622,0.0054760542698204,42
base_model.model.model.layers.34.mlp.down_proj.lora_B.weight,"(2560, 16)",0.0238449211061618,0.4909912049770355,0.693699300289154,0.5213279724121094,0.0,0.0,0.0026698852889239,0.0020857162307947,42
base_model.model.model.layers.34.mlp.gate_proj.lora_A.weight,"(16, 2560)",0.8660478467023848,0.1250244081020355,2.6461074352264404,2.445517301559448,0.0,0.0,0.0109793283045291,0.0103125376626849,42
base_model.model.model.layers.34.mlp.gate_proj.lora_B.weight,"(9728, 16)",0.0206357205681042,0.4924894571304321,1.8989605903625488,1.1072992086410522,0.0,0.0,0.0035619908012449,0.0022665364667773,42
base_model.model.model.layers.34.mlp.up_proj.lora_A.weight,"(16, 2560)",0.8681938529526468,0.1249267607927322,2.610579013824463,2.436858654022217,0.0,0.0,0.0108208358287811,0.010280524380505,42
base_model.model.model.layers.34.mlp.up_proj.lora_B.weight,"(9728, 16)",0.0115001205235412,0.4924444854259491,1.6567867994308472,1.097428321838379,0.0,0.0,0.0030399682000279,0.002256387611851,42
base_model.model.model.layers.34.self_attn.k_proj.lora_A.weight,"(16, 2560)",0.8756029916271244,0.1201660186052322,2.5677244663238525,2.3876638412475586,0.0,0.0,0.0106675643473863,0.0101040434092283,42
base_model.model.model.layers.34.self_attn.k_proj.lora_B.weight,"(1024, 16)",0.0192652783557083,0.490234375,0.4715554118156433,0.3159925937652588,0.0,0.0,0.0027299262583255,0.0020435710903257,42
base_model.model.model.layers.34.self_attn.o_proj.lora_A.weight,"(16, 4096)",0.8753899710247777,0.116363525390625,2.6011149883270264,2.400322675704956,0.0,0.0,0.0085283024236559,0.0080337701365351,42
base_model.model.model.layers.34.self_attn.o_proj.lora_B.weight,"(2560, 16)",0.0191146790427592,0.4902099668979645,0.6526704430580139,0.4942118525505066,0.0,0.0,0.0025471909902989,0.0020069945603609,42
base_model.model.model.layers.34.self_attn.q_proj.lora_A.weight,"(16, 2560)",0.9208332264877876,0.0955566391348838,2.4663190841674805,2.3599212169647217,0.0,0.0,0.010359707288444,0.0100118154659867,42
base_model.model.model.layers.34.self_attn.q_proj.lora_B.weight,"(4096, 16)",0.0114544367760214,0.492706298828125,1.0387730598449707,0.622800886631012,0.0,0.0,0.0030152022372931,0.0019938363693654,42
base_model.model.model.layers.34.self_attn.v_proj.lora_A.weight,"(16, 2560)",0.8834186040020167,0.1131835952401161,2.5544567108154297,2.3941073417663574,0.0,0.0,0.0106398286297917,0.0101481694728136,42
base_model.model.model.layers.34.self_attn.v_proj.lora_B.weight,"(1024, 16)",0.0224447551415812,0.47979736328125,0.4274119138717651,0.3329493403434753,0.0,0.0,0.0025536355096846,0.0021486785262823,42
base_model.model.model.layers.35.mlp.down_proj.lora_A.weight,"(16, 9728)",0.4766937562694162,0.168502002954483,4.120869159698486,2.72190260887146,0.0,0.0,0.0059370552189648,0.0055269137956202,42
base_model.model.model.layers.35.mlp.down_proj.lora_B.weight,"(2560, 16)",0.1114125711718903,0.460986316204071,0.3965241312980652,0.4713411629199981,0.0,0.0,0.0016111604636535,0.0018896159017458,42
base_model.model.model.layers.35.mlp.gate_proj.lora_A.weight,"(16, 2560)",0.873148494886181,0.1212158203125,2.618537187576294,2.4299395084381104,0.0,0.0,0.0108639178797602,0.0102675016969442,42
base_model.model.model.layers.35.mlp.gate_proj.lora_B.weight,"(9728, 16)",0.0452477386213517,0.4816251993179321,1.7448002099990845,1.1064157485961914,0.0,0.0,0.0030159570742398,0.0022327057085931,42
base_model.model.model.layers.35.mlp.up_proj.lora_A.weight,"(16, 2560)",0.9089884502087135,0.1012451201677322,2.4948723316192627,2.4011099338531494,0.0,0.0,0.010434141382575,0.0101564852520823,42
base_model.model.model.layers.35.mlp.up_proj.lora_B.weight,"(9728, 16)",0.0617736339030251,0.4749691486358642,1.5054901838302612,1.2258328199386597,0.0,0.0,0.0022497102618217,0.0021895382087677,42
base_model.model.model.layers.35.self_attn.k_proj.lora_A.weight,"(16, 2560)",0.8855522625079368,0.1157714873552322,2.567396640777588,2.399444103240967,0.0,0.0,0.0106938872486352,0.0101849054917693,42
base_model.model.model.layers.35.self_attn.k_proj.lora_B.weight,"(1024, 16)",0.0377464512539327,0.49041748046875,0.5345802307128906,0.3392858803272247,0.0,0.0,0.0032136591617017,0.0021851614583283,42
base_model.model.model.layers.35.self_attn.o_proj.lora_A.weight,"(16, 4096)",0.832670898796002,0.1418609619140625,2.698372364044189,2.4188716411590576,0.0,0.0,0.0087710469961166,0.0080757858231663,42
base_model.model.model.layers.35.self_attn.o_proj.lora_B.weight,"(2560, 16)",0.005127377229795,0.498217761516571,0.7407073974609375,0.5169921517372131,0.0,0.0,0.0028269309550523,0.0021024369634687,42
base_model.model.model.layers.35.self_attn.q_proj.lora_A.weight,"(16, 2560)",0.9053771743218584,0.1057861298322677,2.509507417678833,2.3870906829833984,0.0,0.0,0.0104915965348482,0.0101072387769818,42
base_model.model.model.layers.35.self_attn.q_proj.lora_B.weight,"(4096, 16)",0.0272829381227271,0.4891204833984375,0.9709499478340148,0.657979428768158,0.0,0.0,0.0028767054900527,0.0021292753517627,42
base_model.model.model.layers.35.self_attn.v_proj.lora_A.weight,"(16, 2560)",0.8305675645976117,0.1399414092302322,2.7378592491149902,2.371039867401123,0.0,0.0,0.0111753977835178,0.0100493961945176,42
base_model.model.model.layers.35.self_attn.v_proj.lora_B.weight,"(1024, 16)",0.0075200772178646,0.49658203125,0.4784447848796844,0.3328859806060791,0.0,0.0,0.0028261351399123,0.0021422540303319,42
base_model.model.model.layers.4.mlp.down_proj.lora_A.weight,"(16, 9728)",0.8427821558275244,0.1397191137075424,2.4780020713806152,2.5838944911956787,0.0,0.0,0.0053324731998145,0.0055002174340188,42
base_model.model.model.layers.4.mlp.down_proj.lora_B.weight,"(2560, 16)",0.0055673342411325,0.4927734434604645,0.3871216177940368,0.4801281690597534,0.0,0.0,0.0015192491700872,0.0019132432062178,42
base_model.model.model.layers.4.mlp.gate_proj.lora_A.weight,"(16, 2560)",0.9392111942389936,0.0821044892072677,2.381951332092285,2.4508135318756104,0.0,0.0,0.0101274009793996,0.0103434901684522,42
base_model.model.model.layers.4.mlp.gate_proj.lora_B.weight,"(9728, 16)",-0.0066868391837989,0.5025377869606018,0.8469492793083191,0.9981005787849426,0.0,0.0,0.0016685051377862,0.0020225883927196,42
base_model.model.model.layers.4.mlp.up_proj.lora_A.weight,"(16, 2560)",0.9561675893968168,0.0670166015625,2.3508894443511963,2.391252994537353,0.0,0.0,0.0100016491487622,0.0101386699825525,42
base_model.model.model.layers.4.mlp.up_proj.lora_B.weight,"(9728, 16)",0.0324200130772619,0.488037109375,0.6664382219314575,0.8637871146202087,0.0,0.0,0.001340961898677,0.0017678278964012,42
base_model.model.model.layers.4.self_attn.k_proj.lora_A.weight,"(16, 2560)",0.9332818498581118,0.0867431610822677,2.3946309089660645,2.398291826248169,0.0,0.0,0.0101365000009536,0.0101572796702384,42
base_model.model.model.layers.4.self_attn.k_proj.lora_B.weight,"(1024, 16)",-0.0175364270707805,0.50628662109375,0.2798631489276886,0.3138165771961212,0.0,0.0,0.0016753812087699,0.0019505774835124,42
base_model.model.model.layers.4.self_attn.o_proj.lora_A.weight,"(16, 4096)",0.9178118607549522,0.095977783203125,2.394438505172729,2.4556305408477783,0.0,0.0,0.0080082844942808,0.0081631559878587,42
base_model.model.model.layers.4.self_attn.o_proj.lora_B.weight,"(2560, 16)",0.005670920032194,0.4958007931709289,0.3629563748836517,0.4989226460456848,0.0,0.0,0.0014322713250294,0.0019943160004913,42
base_model.model.model.layers.4.self_attn.q_proj.lora_A.weight,"(16, 2560)",0.9339151047508552,0.0870849639177322,2.423449993133545,2.3980062007904053,0.0,0.0,0.0102304760366678,0.010158222168684,42
base_model.model.model.layers.4.self_attn.q_proj.lora_B.weight,"(4096, 16)",-0.0039798325461911,0.500274658203125,0.6367219090461731,0.6018750071525574,0.0,0.0,0.001887206104584,0.0018864826997742,42
base_model.model.model.layers.4.self_attn.v_proj.lora_A.weight,"(16, 2560)",0.9488549525138974,0.0767822265625,2.362046957015991,2.4145309925079346,0.0,0.0,0.0100649129599332,0.0102213155478239,42
base_model.model.model.layers.4.self_attn.v_proj.lora_B.weight,"(1024, 16)",0.0213071335038311,0.490966796875,0.2215908765792846,0.3129259645938873,0.0,0.0,0.0013685221783816,0.0019533776212483,42
base_model.model.model.layers.5.mlp.down_proj.lora_A.weight,"(16, 9728)",0.8375805499500947,0.1441072225570678,2.480232715606689,2.607109546661377,0.0,0.0,0.0053333975374698,0.0055425888858735,42
base_model.model.model.layers.5.mlp.down_proj.lora_B.weight,"(2560, 16)",0.0010364292703307,0.500170886516571,0.3909412622451782,0.4798414707183838,0.0,0.0,0.0015296421479433,0.0019203135743737,42
base_model.model.model.layers.5.mlp.gate_proj.lora_A.weight,"(16, 2560)",0.9466764110257264,0.0781494155526161,2.3748044967651367,2.429558277130127,0.0,0.0,0.0101041663438081,0.010270370170474,42
base_model.model.model.layers.5.mlp.gate_proj.lora_B.weight,"(9728, 16)",-4.20392505584313e-05,0.5006039142608643,0.8828389048576355,0.9634578227996826,0.0,0.0,0.0017397025367245,0.0019531664438545,42
base_model.model.model.layers.5.mlp.up_proj.lora_A.weight,"(16, 2560)",0.9531359070109836,0.0725585967302322,2.368086576461792,2.399416923522949,0.0,0.0,0.0100532826036214,0.0101425200700759,42
base_model.model.model.layers.5.mlp.up_proj.lora_B.weight,"(9728, 16)",0.015575674102156,0.4945389628410339,0.7560847997665405,0.8947244882583618,0.0,0.0,0.0015042504528537,0.0018414336955174,42
base_model.model.model.layers.5.self_attn.k_proj.lora_A.weight,"(16, 2560)",0.9414296937956652,0.0823730453848838,2.391054630279541,2.370797634124756,0.0,0.0,0.0101120192557573,0.0100581506267189,42
base_model.model.model.layers.5.self_attn.k_proj.lora_B.weight,"(1024, 16)",-0.0145218652491717,0.51226806640625,0.2708196341991424,0.2831211388111114,0.0,0.0,0.0016572182066738,0.0017860252410173,42
base_model.model.model.layers.5.self_attn.o_proj.lora_A.weight,"(16, 4096)",0.919109084764783,0.0958709716796875,2.4099271297454834,2.447995901107788,0.0,0.0,0.0080549232661724,0.0081504266709089,42
base_model.model.model.layers.5.self_attn.o_proj.lora_B.weight,"(2560, 16)",0.0048326395586008,0.4991210997104645,0.4036277234554291,0.4908449649810791,0.0,0.0,0.0015759186353534,0.001962833572179,42
base_model.model.model.layers.5.self_attn.q_proj.lora_A.weight,"(16, 2560)",0.950331794610984,0.0745605453848838,2.387516736984253,2.380167245864868,0.0,0.0,0.0101252179592847,0.0100968852639198,42
base_model.model.model.layers.5.self_attn.q_proj.lora_B.weight,"(4096, 16)",0.0062357222298164,0.4958953857421875,0.5072259306907654,0.5632870197296143,0.0,0.0,0.0015367836458608,0.0017730023246258,42
base_model.model.model.layers.5.self_attn.v_proj.lora_A.weight,"(16, 2560)",0.955672009775897,0.0685302764177322,2.3766438961029053,2.376938343048096,0.0,0.0,0.0101030319929122,0.0100888032466173,42
base_model.model.model.layers.5.self_attn.v_proj.lora_B.weight,"(1024, 16)",0.0504934157449974,0.4764404296875,0.241163283586502,0.2833779752254486,0.0,0.0,0.0014892423059791,0.0017974750371649,42
base_model.model.model.layers.6.mlp.down_proj.lora_A.weight,"(16, 9728)",0.096476853229666,0.1836965531110763,11.79433536529541,5.5230231285095215,0.0,0.0,0.0109587935730814,0.0075613143853843,42
base_model.model.model.layers.6.mlp.down_proj.lora_B.weight,"(2560, 16)",0.0413369785197383,0.4787109494209289,0.4844222664833069,0.4415107071399688,0.0,0.0,0.0018477234989404,0.0018065810436382,42
base_model.model.model.layers.6.mlp.gate_proj.lora_A.weight,"(16, 2560)",0.9514947959943004,0.0726562514901161,2.3763203620910645,2.4053192138671875,0.0,0.0,0.0101071614772081,0.0101843504235148,42
base_model.model.model.layers.6.mlp.gate_proj.lora_B.weight,"(9728, 16)",0.0034764434413148,0.4982396066188812,0.9055846929550172,0.9234169125556946,0.0,0.0,0.0017681688768789,0.001890042098239,42
base_model.model.model.layers.6.mlp.up_proj.lora_A.weight,"(16, 2560)",0.9574268870171893,0.0678222626447677,2.3618671894073486,2.387807846069336,0.0,0.0,0.0100575573742389,0.0101206079125404,42
base_model.model.model.layers.6.mlp.up_proj.lora_B.weight,"(9728, 16)",0.023120590363221,0.4914422333240509,0.72551029920578,0.8653351664543152,0.0,0.0,0.0014557009562849,0.001789704314433,42
base_model.model.model.layers.6.self_attn.k_proj.lora_A.weight,"(16, 2560)",0.9300302790926378,0.0909423828125,2.4324939250946045,2.3860080242156982,0.0,0.0,0.0102592911571264,0.0101209934800863,42
base_model.model.model.layers.6.self_attn.k_proj.lora_B.weight,"(1024, 16)",0.0198348712197208,0.4942626953125,0.3005340099334717,0.2864517867565155,0.0,0.0,0.0018106614006683,0.0018189725233241,42
base_model.model.model.layers.6.self_attn.o_proj.lora_A.weight,"(16, 4096)",0.928760201670016,0.0883941650390625,2.4058992862701416,2.4256696701049805,0.0,0.0,0.0080500058829784,0.0080945845693349,42
base_model.model.model.layers.6.self_attn.o_proj.lora_B.weight,"(2560, 16)",0.0414682733345275,0.480029284954071,0.3858799934387207,0.4632849097251892,0.0,0.0,0.0015004479791969,0.0018620189512148,42
base_model.model.model.layers.6.self_attn.q_proj.lora_A.weight,"(16, 2560)",0.9441245353621726,0.0767089873552322,2.4000723361968994,2.39062237739563,0.0,0.0,0.0101726399734616,0.0101432297378778,42
base_model.model.model.layers.6.self_attn.q_proj.lora_B.weight,"(4096, 16)",0.0290908672453252,0.4837646484375,0.5601475834846497,0.5825535655021667,0.0,0.0,0.0016781615559011,0.0018425192683935,42
base_model.model.model.layers.6.self_attn.v_proj.lora_A.weight,"(16, 2560)",0.943953149547579,0.0790527313947677,2.398303985595703,2.3768179416656494,0.0,0.0,0.0101599795743823,0.0100832432508468,42
base_model.model.model.layers.6.self_attn.v_proj.lora_B.weight,"(1024, 16)",0.0111401582622357,0.4913330078125,0.2460203021764755,0.278305172920227,0.0,0.0,0.0015033142408356,0.0017710668034851,42
base_model.model.model.layers.7.mlp.down_proj.lora_A.weight,"(16, 9728)",0.81341382349744,0.1566290557384491,2.554335832595825,2.612011432647705,0.0,0.0,0.0054586962796747,0.0055482643656432,42
base_model.model.model.layers.7.mlp.down_proj.lora_B.weight,"(2560, 16)",0.0056778854136543,0.497802734375,0.4141490459442138,0.4856152236461639,0.0,0.0,0.0016125857364386,0.0019554789178073,42
base_model.model.model.layers.7.mlp.gate_proj.lora_A.weight,"(16, 2560)",0.9350569151113504,0.0791748017072677,2.4101402759552,2.410858392715454,0.0,0.0,0.0101909721270203,0.0102011589333415,42
base_model.model.model.layers.7.mlp.gate_proj.lora_B.weight,"(9728, 16)",0.0039339736840515,0.4973208904266357,1.0098426342010498,0.923170566558838,0.0,0.0,0.0019477577880024,0.0018965539056807,42
base_model.model.model.layers.7.mlp.up_proj.lora_A.weight,"(16, 2560)",0.9508247011097402,0.0726806670427322,2.375753879547119,2.38547945022583,0.0,0.0,0.0100848572328686,0.0101045342162251,42
base_model.model.model.layers.7.mlp.up_proj.lora_B.weight,"(9728, 16)",0.0125966092279713,0.4965884685516357,0.8029233813285828,0.8844717144966125,0.0,0.0,0.0015977419679984,0.0018319539958611,42
base_model.model.model.layers.7.self_attn.k_proj.lora_A.weight,"(16, 2560)",0.9378571329151414,0.0865478515625,2.4086952209472656,2.3752145767211914,0.0,0.0,0.0101741878315806,0.0100684789940714,42
base_model.model.model.layers.7.self_attn.k_proj.lora_B.weight,"(1024, 16)",0.0467634728794206,0.48687744140625,0.2606844902038574,0.2790718972682953,0.0,0.0,0.0015564314089715,0.0017720586620271,42
base_model.model.model.layers.7.self_attn.o_proj.lora_A.weight,"(16, 4096)",0.9243095291142108,0.09124755859375,2.411709785461426,2.42979383468628,0.0,0.0,0.0080554317682981,0.0081022549420595,42
base_model.model.model.layers.7.self_attn.o_proj.lora_B.weight,"(2560, 16)",0.0021933528608588,0.4998779296875,0.4025105237960815,0.4861830174922943,0.0,0.0,0.0015715984627604,0.0019528943812474,42
base_model.model.model.layers.7.self_attn.q_proj.lora_A.weight,"(16, 2560)",0.9343582775820912,0.0863525420427322,2.4184608459472656,2.3772213459014893,0.0,0.0,0.0102128135040402,0.0100761810317635,42
base_model.model.model.layers.7.self_attn.q_proj.lora_B.weight,"(4096, 16)",0.02386070114906,0.4892120361328125,0.5969765186309814,0.5640468001365662,0.0,0.0,0.0017344438238069,0.0017805804964154,42
base_model.model.model.layers.7.self_attn.v_proj.lora_A.weight,"(16, 2560)",0.941950676547128,0.0809814482927322,2.406545877456665,2.375397205352783,0.0,0.0,0.010196728631854,0.0100775882601737,42
base_model.model.model.layers.7.self_attn.v_proj.lora_B.weight,"(1024, 16)",0.0095614040041986,0.49346923828125,0.2594671845436096,0.2952018976211548,0.0,0.0,0.0015585862565785,0.00188473041635,42
base_model.model.model.layers.8.mlp.down_proj.lora_A.weight,"(16, 9728)",0.8404147432303927,0.1419485062360763,2.4815704822540283,2.6029789447784424,0.0,0.0,0.0053444546647369,0.0055387881584465,42
base_model.model.model.layers.8.mlp.down_proj.lora_B.weight,"(2560, 16)",0.0094433893382591,0.4969238340854645,0.3387616276741028,0.4794630110263824,0.0,0.0,0.0013271303614601,0.0019342498853802,42
base_model.model.model.layers.8.mlp.gate_proj.lora_A.weight,"(16, 2560)",0.949834267667916,0.0756103545427322,2.3803155422210693,2.4059715270996094,0.0,0.0,0.0101093500852584,0.0101857241243124,42
base_model.model.model.layers.8.mlp.gate_proj.lora_B.weight,"(9728, 16)",0.0039192689183618,0.4970638751983642,0.918501913547516,0.9363147616386414,0.0,0.0,0.0017778677865862,0.001925122574903,42
base_model.model.model.layers.8.mlp.up_proj.lora_A.weight,"(16, 2560)",0.9591551234141572,0.0682373046875,2.3560705184936523,2.3970389366149902,0.0,0.0,0.0100285913795232,0.0101469065994024,42
base_model.model.model.layers.8.mlp.up_proj.lora_B.weight,"(9728, 16)",0.0061079073751262,0.4949565827846527,0.7071154117584229,0.908214807510376,0.0,0.0,0.0014144291635602,0.0018781587714329,42
base_model.model.model.layers.8.self_attn.k_proj.lora_A.weight,"(16, 2560)",0.9421784924618128,0.0799804702401161,2.4033923149108887,2.398961544036865,0.0,0.0,0.0101926419883966,0.0101838428527116,42
base_model.model.model.layers.8.self_attn.k_proj.lora_B.weight,"(1024, 16)",0.0271602011660603,0.4886474609375,0.2499099373817443,0.2858224213123321,0.0,0.0,0.0015053721144795,0.0018139646854251,42
base_model.model.model.layers.8.self_attn.o_proj.lora_A.weight,"(16, 4096)",0.9362606956510516,0.084564208984375,2.3764445781707764,2.4252588748931885,0.0,0.0,0.0079708285629749,0.0080952439457178,42
base_model.model.model.layers.8.self_attn.o_proj.lora_B.weight,"(2560, 16)",0.004240354298522,0.4969726502895355,0.321211040019989,0.4738844335079193,0.0,0.0,0.0012580438051372,0.0018983274931088,42
base_model.model.model.layers.8.self_attn.q_proj.lora_A.weight,"(16, 2560)",0.9421868455883932,0.0813232436776161,2.3922438621521,2.375791072845459,0.0,0.0,0.0101282987743616,0.0100671099498867,42
base_model.model.model.layers.8.self_attn.q_proj.lora_B.weight,"(4096, 16)",0.0279312104227655,0.4849853515625,0.5474691987037659,0.5747578144073486,0.0,0.0,0.0016240121331065,0.0018374084029346,42
base_model.model.model.layers.8.self_attn.v_proj.lora_A.weight,"(16, 2560)",0.9523144347412832,0.072509765625,2.3711726665496826,2.38316297531128,0.0,0.0,0.0100721549242734,0.0101121515035629,42
base_model.model.model.layers.8.self_attn.v_proj.lora_B.weight,"(1024, 16)",0.0336704388430314,0.4818115234375,0.2066247016191482,0.2742853164672851,0.0,0.0,0.0012829396873712,0.0017820240464061,42
base_model.model.model.layers.9.mlp.down_proj.lora_A.weight,"(16, 9728)",0.8379774139343553,0.1432655751705169,2.4834046363830566,2.598215341567993,0.0,0.0,0.0053411819972097,0.0055250809527933,42
base_model.model.model.layers.9.mlp.down_proj.lora_B.weight,"(2560, 16)",0.0190324207614402,0.490966796875,0.3591142296791076,0.4719986617565155,0.0,0.0,0.0014086005976423,0.0018978759180754,42
base_model.model.model.layers.9.mlp.gate_proj.lora_A.weight,"(16, 2560)",0.9525745482233756,0.0708496123552322,2.3842663764953613,2.411176443099976,0.0,0.0,0.0101352240890264,0.0102175278589129,42
base_model.model.model.layers.9.mlp.gate_proj.lora_B.weight,"(9728, 16)",0.0056768684351402,0.4960423409938812,0.8903201222419739,0.9389411807060242,0.0,0.0,0.0017205537296831,0.0019298664992675,42
base_model.model.model.layers.9.mlp.up_proj.lora_A.weight,"(16, 2560)",0.9559942259797471,0.0702880844473838,2.364560127258301,2.4002134799957275,0.0,0.0,0.0100701060146093,0.0101800477132201,42
base_model.model.model.layers.9.mlp.up_proj.lora_B.weight,"(9728, 16)",0.0048057459107638,0.4967555105686188,0.7003528475761414,0.8927403092384338,0.0,0.0,0.0014059906825423,0.0018471871735528,42
base_model.model.model.layers.9.self_attn.k_proj.lora_A.weight,"(16, 2560)",0.924437775998684,0.0935302749276161,2.450314283370972,2.363399744033813,0.0,0.0,0.0102922786027193,0.0100383758544921,42
base_model.model.model.layers.9.self_attn.k_proj.lora_B.weight,"(1024, 16)",0.0196616263874548,0.4794921875,0.2785800695419311,0.2859622836112976,0.0,0.0,0.0015427995240315,0.0017994542140513,42
base_model.model.model.layers.9.self_attn.o_proj.lora_A.weight,"(16, 4096)",0.9270579496950015,0.0900421142578125,2.3897879123687744,2.426311731338501,0.0,0.0,0.0079938825219869,0.0080967592075467,42
base_model.model.model.layers.9.self_attn.o_proj.lora_B.weight,"(2560, 16)",0.0038547436839928,0.4963622987270355,0.3071013391017914,0.4647955000400543,0.0,0.0,0.001206959830597,0.001874717301689,42
base_model.model.model.layers.9.self_attn.q_proj.lora_A.weight,"(16, 2560)",0.9502957428957052,0.0724609345197677,2.38053822517395,2.380944013595581,0.0,0.0,0.0101169291883707,0.0101199019700288,42
base_model.model.model.layers.9.self_attn.q_proj.lora_B.weight,"(4096, 16)",-0.0003449077805263,0.497406005859375,0.5419201254844666,0.56772381067276,0.0,0.0,0.0015580899780616,0.0017857769271358,42
base_model.model.model.layers.9.self_attn.v_proj.lora_A.weight,"(16, 2560)",0.9314577066353305,0.0879150405526161,2.392797470092773,2.404028415679932,0.0,0.0,0.0101444516330957,0.0101620526984334,42
base_model.model.model.layers.9.self_attn.v_proj.lora_B.weight,"(1024, 16)",0.0333277434188636,0.48541259765625,0.2006939202547073,0.2947337627410888,0.0,0.0,0.0012128786183893,0.0019084701780229,42
base_model.model.model.layers.0.mlp.down_proj.lora_A.weight,"(16, 9728)",0.8317435057702834,0.1471910923719406,2.469242572784424,2.617257595062256,0.0,0.0,0.0053122751414775,0.0055552804842591,777
base_model.model.model.layers.0.mlp.down_proj.lora_B.weight,"(2560, 16)",0.0105677200276008,0.494555652141571,0.3588420748710632,0.5094863772392273,0.0,0.0,0.001407878822647,0.0020400639623403,777
base_model.model.model.layers.0.mlp.gate_proj.lora_A.weight,"(16, 2560)",0.954899243007689,0.0740478485822677,2.330204725265503,2.420048236846924,0.0,0.0,0.0099270390346646,0.0102151362225413,777
base_model.model.model.layers.0.mlp.gate_proj.lora_B.weight,"(9728, 16)",0.0076723947010487,0.4948216378688812,0.7186267971992493,0.9666629433631896,0.0,0.0,0.0014325400115922,0.0019810618832707,777
base_model.model.model.layers.0.mlp.up_proj.lora_A.weight,"(16, 2560)",0.9549725766952766,0.0735595673322677,2.3334968090057373,2.428924798965454,0.0,0.0,0.009955964051187,0.0102646891027688,777
base_model.model.model.layers.0.mlp.up_proj.lora_B.weight,"(9728, 16)",0.0018924105321473,0.4990748465061188,0.7185872197151184,0.9744476675987244,0.0,0.0,0.0014373667072504,0.0019967900589108,777
base_model.model.model.layers.0.self_attn.k_proj.lora_A.weight,"(16, 2560)",0.92695496102977,0.09130859375,2.407566547393799,2.4190902709960938,0.0,0.0,0.0101818079128861,0.0102459071204066,777
base_model.model.model.layers.0.self_attn.k_proj.lora_B.weight,"(1024, 16)",0.0148042932600452,0.48797607421875,0.2895969450473785,0.3339234590530395,0.0,0.0,0.0017562430584803,0.0021043329034,777
base_model.model.model.layers.0.self_attn.o_proj.lora_A.weight,"(16, 4096)",0.91633520604402,0.098968505859375,2.3620412349700928,2.4732882976531982,0.0,0.0,0.0079404041171073,0.0082138320431113,777
base_model.model.model.layers.0.self_attn.o_proj.lora_B.weight,"(2560, 16)",0.0196205116389166,0.4939697384834289,0.3518311977386474,0.533018946647644,0.0,0.0,0.0013784691691398,0.0021299894433468,777
base_model.model.model.layers.0.self_attn.q_proj.lora_A.weight,"(16, 2560)",0.9497249782039996,0.0729492157697677,2.378873825073242,2.399592876434326,0.0,0.0,0.0101158544421195,0.0101895257830619,777
base_model.model.model.layers.0.self_attn.q_proj.lora_B.weight,"(4096, 16)",0.0016178018224923,0.501953125,0.5748635530471802,0.6474897265434265,0.0,0.0,0.0017441828968003,0.0020490516908466,777
base_model.model.model.layers.0.self_attn.v_proj.lora_A.weight,"(16, 2560)",0.9387333914834284,0.0828857421875,2.36828875541687,2.4294941425323486,0.0,0.0,0.0100702978670597,0.0102555155754089,777
base_model.model.model.layers.0.self_attn.v_proj.lora_B.weight,"(1024, 16)",0.0210977920411067,0.49652099609375,0.242404967546463,0.3466400802135467,0.0,0.0,0.0014945098664611,0.0021846196614205,777
base_model.model.model.layers.1.mlp.down_proj.lora_A.weight,"(16, 9728)",0.7126612351630031,0.1015175282955169,2.9979262351989746,2.497995615005493,0.0,0.0,0.0055094896815717,0.0053408741950988,777
base_model.model.model.layers.1.mlp.down_proj.lora_B.weight,"(2560, 16)",0.0566285925153355,0.4742675721645355,0.3260540664196014,0.4669309258460998,0.0,0.0,0.0012874886160716,0.0018786296714097,777
base_model.model.model.layers.1.mlp.gate_proj.lora_A.weight,"(16, 2560)",0.9454333880902802,0.0779296904802322,2.358348608016968,2.409984827041626,0.0,0.0,0.0100267827510833,0.0101950783282518,777
base_model.model.model.layers.1.mlp.gate_proj.lora_B.weight,"(9728, 16)",0.2308774915767512,0.3703356385231018,0.9326714873313904,1.1058095693588257,0.0,0.0,0.0014184291940182,0.0021388933528214,777
base_model.model.model.layers.1.mlp.up_proj.lora_A.weight,"(16, 2560)",0.9588604803030208,0.0666748061776161,2.344372034072876,2.3861401081085205,0.0,0.0,0.0099827218800783,0.0101163638755679,777
base_model.model.model.layers.1.mlp.up_proj.lora_B.weight,"(9728, 16)",0.1952996949390552,0.4222476482391357,0.7714265584945679,1.0369489192962646,0.0,0.0,0.0011455137282609,0.0019414303824305,777
base_model.model.model.layers.1.self_attn.k_proj.lora_A.weight,"(16, 2560)",0.9435394366479684,0.0789794921875,2.380474328994751,2.3968350887298584,0.0,0.0,0.0100949248299002,0.0101594850420951,777
base_model.model.model.layers.1.self_attn.k_proj.lora_B.weight,"(1024, 16)",0.0209520906563743,0.49273681640625,0.2378669530153274,0.3157055377960205,0.0,0.0,0.0014381302753463,0.0020066045690327,777
base_model.model.model.layers.1.self_attn.o_proj.lora_A.weight,"(16, 4096)",0.9182093333813796,0.0986480712890625,2.3672034740448,2.476379156112671,0.0,0.0,0.0079471953213214,0.0082088056951761,777
base_model.model.model.layers.1.self_attn.o_proj.lora_B.weight,"(2560, 16)",0.0051400908768569,0.4960693418979645,0.3572799861431122,0.5152626037597656,0.0,0.0,0.0013905202504247,0.0020581856369972,777
base_model.model.model.layers.1.self_attn.q_proj.lora_A.weight,"(16, 2560)",0.9524493817502652,0.0719726532697677,2.370989322662353,2.394996166229248,0.0,0.0,0.0100799808278679,0.010151082649827,777
base_model.model.model.layers.1.self_attn.q_proj.lora_B.weight,"(4096, 16)",0.0175083721532891,0.489959716796875,0.4976625740528106,0.6197749376296997,0.0,0.0,0.0014903203118592,0.001958921784535,777
base_model.model.model.layers.1.self_attn.v_proj.lora_A.weight,"(16, 2560)",0.9440478490134152,0.0780517607927322,2.3538143634796143,2.397350788116455,0.0,0.0,0.0099956961348652,0.0101317558437585,777
base_model.model.model.layers.1.self_attn.v_proj.lora_B.weight,"(1024, 16)",0.0026419196159622,0.49920654296875,0.2404776513576507,0.3362343311309814,0.0,0.0,0.0014663953334093,0.0021044064778834,777
base_model.model.model.layers.10.mlp.down_proj.lora_A.weight,"(16, 9728)",0.8386309905540353,0.1442742645740509,2.533510208129883,2.560040235519409,0.0,0.0,0.0054183630272746,0.0054661743342876,777
base_model.model.model.layers.10.mlp.down_proj.lora_B.weight,"(2560, 16)",0.0171134986145788,0.4923339784145355,0.4316036701202392,0.4499857723712921,0.0,0.0,0.001683322363533,0.0018253626767545,777
base_model.model.model.layers.10.mlp.gate_proj.lora_A.weight,"(16, 2560)",0.9383972495091636,0.0843261703848838,2.3997864723205566,2.419804334640503,0.0,0.0,0.0101858051493763,0.0102306129410862,777
base_model.model.model.layers.10.mlp.gate_proj.lora_B.weight,"(9728, 16)",0.009410757730668,0.4977127909660339,1.0955220460891724,0.9617018699645996,0.0,0.0,0.0021401536650955,0.0019708941690623,777
base_model.model.model.layers.10.mlp.up_proj.lora_A.weight,"(16, 2560)",0.9529688920114904,0.0706298798322677,2.3790483474731445,2.394049882888794,0.0,0.0,0.0101159932091832,0.0101476032286882,777
base_model.model.model.layers.10.mlp.up_proj.lora_B.weight,"(9728, 16)",0.012886531961261,0.493331104516983,0.8516683578491211,0.9138133525848388,0.0,0.0,0.0016989046707749,0.0018971100216731,777
base_model.model.model.layers.10.self_attn.k_proj.lora_A.weight,"(16, 2560)",0.9342968294446232,0.0870849639177322,2.4071061611175537,2.379761219024658,0.0,0.0,0.0101664308458566,0.0100879650563001,777
base_model.model.model.layers.10.self_attn.k_proj.lora_B.weight,"(1024, 16)",-0.0230150033556685,0.5037841796875,0.2861804366111755,0.2971847951412201,0.0,0.0,0.0017546272138133,0.0018930269870907,777
base_model.model.model.layers.10.self_attn.o_proj.lora_A.weight,"(16, 4096)",0.9323435068240448,0.089019775390625,2.378123044967652,2.413859844207764,0.0,0.0,0.0079588256776332,0.0080474037677049,777
base_model.model.model.layers.10.self_attn.o_proj.lora_B.weight,"(2560, 16)",0.0134817658187492,0.490478515625,0.401159793138504,0.4658774435520172,0.0,0.0,0.0015568180242553,0.0018873838707804,777
base_model.model.model.layers.10.self_attn.q_proj.lora_A.weight,"(16, 2560)",0.9374532656179022,0.0854248031973838,2.398883581161499,2.381307601928711,0.0,0.0,0.010146158747375,0.0100885583087801,777
base_model.model.model.layers.10.self_attn.q_proj.lora_B.weight,"(4096, 16)",0.0167157398224176,0.4884185791015625,0.5829437375068665,0.6039257645606995,0.0,0.0,0.0017392474692314,0.0019165426492691,777
base_model.model.model.layers.10.self_attn.v_proj.lora_A.weight,"(16, 2560)",0.9466375542067216,0.0777832046151161,2.391941547393799,2.392381191253662,0.0,0.0,0.0101322922855615,0.0101365372538566,777
base_model.model.model.layers.10.self_attn.v_proj.lora_B.weight,"(1024, 16)",0.0487700761187294,0.48504638671875,0.2512626647949219,0.2853151857852936,0.0,0.0,0.001552838133648,0.0018540889723226,777
base_model.model.model.layers.11.mlp.down_proj.lora_A.weight,"(16, 9728)",0.8283491886529547,0.1475251913070678,2.5538485050201416,2.584157943725586,0.0,0.0,0.0054513849318027,0.0055030426010489,777
base_model.model.model.layers.11.mlp.down_proj.lora_B.weight,"(2560, 16)",0.0150747725521983,0.4956298768520355,0.4811831414699554,0.4623491466045379,0.0,0.0,0.0018868485931307,0.0018643147777765,777
base_model.model.model.layers.11.mlp.gate_proj.lora_A.weight,"(16, 2560)",0.9497786308288249,0.0774902328848838,2.384885787963867,2.419048547744751,0.0,0.0,0.0101369125768542,0.0102541949599981,777
base_model.model.model.layers.11.mlp.gate_proj.lora_B.weight,"(9728, 16)",0.0069845357368542,0.4965563416481018,1.0555319786071775,0.960092306137085,0.0,0.0,0.0020647537894546,0.0019666198641061,777
base_model.model.model.layers.11.mlp.up_proj.lora_A.weight,"(16, 2560)",0.9558081086786016,0.0696044936776161,2.375005006790161,2.392164468765259,0.0,0.0,0.0100810825824737,0.0101422611624002,777
base_model.model.model.layers.11.mlp.up_proj.lora_B.weight,"(9728, 16)",0.0044902498270289,0.4978605508804321,0.9466293454170228,0.8825692534446716,0.0,0.0,0.0018807280575856,0.0018353416817262,777
base_model.model.model.layers.11.self_attn.k_proj.lora_A.weight,"(16, 2560)",0.932905076950064,0.0863037109375,2.414107084274292,2.39054274559021,0.0,0.0,0.0102241914719343,0.0101601434871554,777
base_model.model.model.layers.11.self_attn.k_proj.lora_B.weight,"(1024, 16)",0.0222070412368619,0.495361328125,0.2915889918804168,0.278639554977417,0.0,0.0,0.001753709744662,0.0018042221199721,777
base_model.model.model.layers.11.self_attn.o_proj.lora_A.weight,"(16, 4096)",0.9234411165614874,0.09100341796875,2.4139597415924072,2.421416521072388,0.0,0.0,0.0080721536651253,0.0080794021487236,777
base_model.model.model.layers.11.self_attn.o_proj.lora_B.weight,"(2560, 16)",0.0146330408671604,0.4927490353584289,0.4523631930351257,0.4688520431518554,0.0,0.0,0.0017610039794817,0.0018988002557307,777
base_model.model.model.layers.11.self_attn.q_proj.lora_A.weight,"(16, 2560)",0.932288207967538,0.0867675766348838,2.4258384704589844,2.380149602890014,0.0,0.0,0.0102372961118817,0.0101035190746188,777
base_model.model.model.layers.11.self_attn.q_proj.lora_B.weight,"(4096, 16)",0.0195197765233213,0.4905548095703125,0.6039906740188599,0.573738157749176,0.0,0.0,0.00183035293594,0.0018391300691291,777
base_model.model.model.layers.11.self_attn.v_proj.lora_A.weight,"(16, 2560)",0.9400133932555036,0.0807128921151161,2.4037256240844727,2.378726959228516,0.0,0.0,0.0101647963747382,0.0100689595565199,777
base_model.model.model.layers.11.self_attn.v_proj.lora_B.weight,"(1024, 16)",0.0014920441786505,0.4930419921875,0.3067875206470489,0.286618024110794,0.0,0.0,0.001868737861514,0.0018574539572,777
base_model.model.model.layers.12.mlp.down_proj.lora_A.weight,"(16, 9728)",0.8284335880376953,0.147795021533966,2.590791940689087,2.54802680015564,0.0,0.0,0.0055157034657895,0.0054464358836412,777
base_model.model.model.layers.12.mlp.down_proj.lora_B.weight,"(2560, 16)",0.0136158872969096,0.4953125119209289,0.4931960701942444,0.434718519449234,0.0,0.0,0.0019257478415966,0.0017670986708253,777
base_model.model.model.layers.12.mlp.gate_proj.lora_A.weight,"(16, 2560)",0.9511471087344404,0.0742675811052322,2.398169994354248,2.405261754989624,0.0,0.0,0.0101833418011665,0.010191916488111,777
base_model.model.model.layers.12.mlp.gate_proj.lora_B.weight,"(9728, 16)",0.0015183385469695,0.4995502531528473,1.0504140853881836,0.9278901815414428,0.0,0.0,0.0020450025331228,0.0019093543523922,777
base_model.model.model.layers.12.mlp.up_proj.lora_A.weight,"(16, 2560)",0.954299450229678,0.0689941421151161,2.3832507133483887,2.397905111312866,0.0,0.0,0.0101249013096094,0.010180746205151,777
base_model.model.model.layers.12.mlp.up_proj.lora_B.weight,"(9728, 16)",0.0068905983381218,0.4961258769035339,0.9124163389205932,0.8958436250686646,0.0,0.0,0.0018138358136639,0.0018543698824942,777
base_model.model.model.layers.12.self_attn.k_proj.lora_A.weight,"(16, 2560)",0.9343349774253552,0.0844482406973838,2.408050537109375,2.3770856857299805,0.0,0.0,0.0101598566398024,0.0100767966359853,777
base_model.model.model.layers.12.self_attn.k_proj.lora_B.weight,"(1024, 16)",0.0310828173370967,0.488037109375,0.2796805500984192,0.2828112840652466,0.0,0.0,0.0016664176946505,0.0018353117629885,777
base_model.model.model.layers.12.self_attn.o_proj.lora_A.weight,"(16, 4096)",0.9308472371448652,0.0860595703125,2.418403625488281,2.4148266315460205,0.0,0.0,0.008088793605566,0.0080814845860004,777
base_model.model.model.layers.12.self_attn.o_proj.lora_B.weight,"(2560, 16)",0.0156523062088918,0.494311511516571,0.4944444298744201,0.4537828862667084,0.0,0.0,0.0019360792357474,0.0018372733611613,777
base_model.model.model.layers.12.self_attn.q_proj.lora_A.weight,"(16, 2560)",0.9413204713367512,0.0816650390625,2.410751819610596,2.3753983974456787,0.0,0.0,0.0102036371827125,0.01009520329535,777
base_model.model.model.layers.12.self_attn.q_proj.lora_B.weight,"(4096, 16)",0.009325012387672,0.490509033203125,0.622025191783905,0.5354343056678772,0.0,0.0,0.001850152737461,0.0017186420736834,777
base_model.model.model.layers.12.self_attn.v_proj.lora_A.weight,"(16, 2560)",0.938960836336903,0.0815185531973838,2.3969719409942627,2.390707969665528,0.0,0.0,0.0101238060742616,0.0101197268813848,777
base_model.model.model.layers.12.self_attn.v_proj.lora_B.weight,"(1024, 16)",0.0182780473968869,0.49627685546875,0.2842367887496948,0.3038392961025238,0.0,0.0,0.0017341455677524,0.0019446223741397,777
base_model.model.model.layers.13.mlp.down_proj.lora_A.weight,"(16, 9728)",0.821406742090587,0.1514185816049575,2.5807595252990723,2.575209617614746,0.0,0.0,0.0055042817257344,0.0054976879619061,777
base_model.model.model.layers.13.mlp.down_proj.lora_B.weight,"(2560, 16)",0.0042200388803147,0.4972900450229645,0.4493683874607086,0.4583834409713745,0.0,0.0,0.0017574228113517,0.0018575731664896,777
base_model.model.model.layers.13.mlp.gate_proj.lora_A.weight,"(16, 2560)",0.9408149450919396,0.0824707001447677,2.416520833969116,2.410195827484131,0.0,0.0,0.0102440249174833,0.0102141294628381,777
base_model.model.model.layers.13.mlp.gate_proj.lora_B.weight,"(9728, 16)",0.0112308232921699,0.4961580038070678,1.1107914447784424,0.9348464012145996,0.0,0.0,0.0021301486995071,0.0019245004514232,777
base_model.model.model.layers.13.mlp.up_proj.lora_A.weight,"(16, 2560)",0.951240388685189,0.072265625,2.4030323028564453,2.402219772338867,0.0,0.0,0.0102108633145689,0.010196765884757,777
base_model.model.model.layers.13.mlp.up_proj.lora_B.weight,"(9728, 16)",0.0081770086610949,0.4970703125,0.930832862854004,0.8987091183662415,0.0,0.0,0.0018321576062589,0.0018653594888746,777
base_model.model.model.layers.13.self_attn.k_proj.lora_A.weight,"(16, 2560)",0.9310953000580554,0.0889404267072677,2.410037040710449,2.361083984375,0.0,0.0,0.0101517681032419,0.0100061409175395,777
base_model.model.model.layers.13.self_attn.k_proj.lora_B.weight,"(1024, 16)",0.032985870611407,0.48529052734375,0.3436658084392547,0.2770065367221832,0.0,0.0,0.0020247027277946,0.0017468468286097,777
base_model.model.model.layers.13.self_attn.o_proj.lora_A.weight,"(16, 4096)",0.920705256154358,0.0933074951171875,2.4280474185943604,2.4203922748565674,0.0,0.0,0.0081038540229201,0.0080839768052101,777
base_model.model.model.layers.13.self_attn.o_proj.lora_B.weight,"(2560, 16)",0.004520090461288,0.4970947206020355,0.488960862159729,0.4556891322135925,0.0,0.0,0.001900702365674,0.0018446262693032,777
base_model.model.model.layers.13.self_attn.q_proj.lora_A.weight,"(16, 2560)",0.9310747773993476,0.0896240249276161,2.424524068832397,2.37159276008606,0.0,0.0,0.0102345244958996,0.0100742522627115,777
base_model.model.model.layers.13.self_attn.q_proj.lora_B.weight,"(4096, 16)",-0.0030553375425942,0.5005340576171875,0.7067344188690186,0.5835779309272766,0.0,0.0,0.0021007182076573,0.0018347068689763,777
base_model.model.model.layers.13.self_attn.v_proj.lora_A.weight,"(16, 2560)",0.940538437998979,0.0824462920427322,2.3943119049072266,2.383888959884644,0.0,0.0,0.0101335104554891,0.0101032285019755,777
base_model.model.model.layers.13.self_attn.v_proj.lora_B.weight,"(1024, 16)",0.044666819500717,0.48590087890625,0.3248212337493896,0.2947840094566345,0.0,0.0,0.0019882055930793,0.0018885164754465,777
base_model.model.model.layers.14.mlp.down_proj.lora_A.weight,"(16, 9728)",0.8240037336672741,0.1482511758804321,2.60906982421875,2.5402863025665283,0.0,0.0,0.0055503714829683,0.005432840436697,777
base_model.model.model.layers.14.mlp.down_proj.lora_B.weight,"(2560, 16)",0.0198794467921304,0.4922607541084289,0.4671665132045746,0.4530124962329864,0.0,0.0,0.0018036041874438,0.0018424041336402,777
base_model.model.model.layers.14.mlp.gate_proj.lora_A.weight,"(16, 2560)",0.940659310652194,0.0802978500723838,2.4360368251800537,2.4085707664489746,0.0,0.0,0.0103149889037013,0.0102268019691109,777
base_model.model.model.layers.14.mlp.gate_proj.lora_B.weight,"(9728, 16)",0.0075208512219984,0.495939552783966,1.0977805852890017,0.9182097911834716,0.0,0.0,0.0021081056911498,0.0019017243757843,777
base_model.model.model.layers.14.mlp.up_proj.lora_A.weight,"(16, 2560)",0.948486507527908,0.0761474594473838,2.3999412059783936,2.3734257221221924,0.0,0.0,0.0101634757593274,0.0100723346695303,777
base_model.model.model.layers.14.mlp.up_proj.lora_B.weight,"(9728, 16)",0.0045218135419134,0.4988820850849151,0.9683987498283386,0.8959710001945496,0.0,0.0,0.0019166186684742,0.0018683834932744,777
base_model.model.model.layers.14.self_attn.k_proj.lora_A.weight,"(16, 2560)",0.911614390373906,0.1004394516348838,2.4663610458374023,2.383448362350464,0.0,0.0,0.01035319827497,0.0101064294576644,777
base_model.model.model.layers.14.self_attn.k_proj.lora_B.weight,"(1024, 16)",0.006091770507002,0.4913330078125,0.3191981911659241,0.2789782881736755,0.0,0.0,0.0019283299334347,0.0017925996799021,777
base_model.model.model.layers.14.self_attn.o_proj.lora_A.weight,"(16, 4096)",0.927171331016606,0.0909271240234375,2.420318603515625,2.4094064235687256,0.0,0.0,0.0080811344087123,0.0080610252916812,777
base_model.model.model.layers.14.self_attn.o_proj.lora_B.weight,"(2560, 16)",-0.0055644057467996,0.504321277141571,0.454274982213974,0.4635522067546844,0.0,0.0,0.00176692311652,0.0018854737281799,777
base_model.model.model.layers.14.self_attn.q_proj.lora_A.weight,"(16, 2560)",0.9190995306057536,0.0962402373552322,2.4497361183166504,2.3817555904388428,0.0,0.0,0.0103071015328168,0.0100958887487649,777
base_model.model.model.layers.14.self_attn.q_proj.lora_B.weight,"(4096, 16)",0.0097490198705542,0.4937744140625,0.6430752873420715,0.555631160736084,0.0,0.0,0.0019291014177724,0.0017819621134549,777
base_model.model.model.layers.14.self_attn.v_proj.lora_A.weight,"(16, 2560)",0.9431436930386268,0.0786376968026161,2.3918230533599854,2.38466215133667,0.0,0.0,0.0101317018270492,0.010108065791428,777
base_model.model.model.layers.14.self_attn.v_proj.lora_B.weight,"(1024, 16)",0.0286063843304095,0.48675537109375,0.29448002576828,0.2925178408622741,0.0,0.0,0.0018054504180327,0.0018890236970037,777
base_model.model.model.layers.15.mlp.down_proj.lora_A.weight,"(16, 9728)",0.812457792396498,0.1552605926990509,2.631929397583008,2.5373740196228027,0.0,0.0,0.0055789253674447,0.0054281391203403,777
base_model.model.model.layers.15.mlp.down_proj.lora_B.weight,"(2560, 16)",0.0090662647713163,0.4968994259834289,0.489164650440216,0.4636553525924682,0.0,0.0,0.0019000936299562,0.0018872374203056,777
base_model.model.model.layers.15.mlp.gate_proj.lora_A.weight,"(16, 2560)",0.9440223215089104,0.0783203095197677,2.4281694889068604,2.400707483291626,0.0,0.0,0.0102647067978978,0.0101999919861555,777
base_model.model.model.layers.15.mlp.gate_proj.lora_B.weight,"(9728, 16)",0.0059385652572767,0.4946032166481018,1.11115825176239,0.9306699633598328,0.0,0.0,0.0021294115576893,0.0019263323629274,777
base_model.model.model.layers.15.mlp.up_proj.lora_A.weight,"(16, 2560)",0.9518102121193446,0.0726074203848838,2.391368865966797,2.3877410888671875,0.0,0.0,0.0101431999355554,0.0101392632350325,777
base_model.model.model.layers.15.mlp.up_proj.lora_B.weight,"(9728, 16)",0.0116829838076407,0.4955797791481018,0.8966608643531799,0.9112879037857056,0.0,0.0,0.0017574145458638,0.0018975877901539,777
base_model.model.model.layers.15.self_attn.k_proj.lora_A.weight,"(16, 2560)",0.9371600749472452,0.0834228545427322,2.4058830738067627,2.366490125656128,0.0,0.0,0.0101576130837202,0.0100548584014177,777
base_model.model.model.layers.15.self_attn.k_proj.lora_B.weight,"(1024, 16)",-0.0111419675258384,0.5057373046875,0.2557525932788849,0.2667841017246246,0.0,0.0,0.0015223532682284,0.0017068295273929,777
base_model.model.model.layers.15.self_attn.o_proj.lora_A.weight,"(16, 4096)",0.9268549179343916,0.0882568359375,2.425084352493286,2.407833814620972,0.0,0.0,0.0080989664420485,0.0080602010712027,777
base_model.model.model.layers.15.self_attn.o_proj.lora_B.weight,"(2560, 16)",0.000263555420035,0.5035644769668579,0.4668445885181427,0.4536582231521606,0.0,0.0,0.0018019400304183,0.001852810033597,777
base_model.model.model.layers.15.self_attn.q_proj.lora_A.weight,"(16, 2560)",0.9343061626290308,0.0850097686052322,2.418587684631348,2.3706822395324707,0.0,0.0,0.0102065997198224,0.0100649138912558,777
base_model.model.model.layers.15.self_attn.q_proj.lora_B.weight,"(4096, 16)",0.0001703661956196,0.4998779296875,0.6447951793670654,0.5698274374008179,0.0,0.0,0.0019330545328557,0.0018235137686133,777
base_model.model.model.layers.15.self_attn.v_proj.lora_A.weight,"(16, 2560)",0.9475703411532368,0.0736328139901161,2.37969970703125,2.363692283630371,0.0,0.0,0.0100736869499087,0.0100276600569486,777
base_model.model.model.layers.15.self_attn.v_proj.lora_B.weight,"(1024, 16)",0.0106277474321734,0.49664306640625,0.2630445659160614,0.2737631499767303,0.0,0.0,0.0015577423619106,0.0017840223154053,777
base_model.model.model.layers.16.mlp.down_proj.lora_A.weight,"(16, 9728)",0.8157389991183905,0.1533717066049575,2.620375394821167,2.551844596862793,0.0,0.0,0.0055623892694711,0.0054508559405803,777
base_model.model.model.layers.16.mlp.down_proj.lora_B.weight,"(2560, 16)",0.0084602858899017,0.49462890625,0.458757221698761,0.4668867290019989,0.0,0.0,0.0017796531319618,0.001892575295642,777
base_model.model.model.layers.16.mlp.gate_proj.lora_A.weight,"(16, 2560)",0.9448808890623756,0.0757812485098838,2.410573959350586,2.39696741104126,0.0,0.0,0.0102140083909034,0.0101659893989562,777
base_model.model.model.layers.16.mlp.gate_proj.lora_B.weight,"(9728, 16)",0.0127018997797521,0.495085060596466,1.0374670028686523,0.9604569673538208,0.0,0.0,0.0019762043375521,0.0019853916019201,777
base_model.model.model.layers.16.mlp.up_proj.lora_A.weight,"(16, 2560)",0.9481335099911672,0.07470703125,2.398808717727661,2.385488986968994,0.0,0.0,0.0101681901142001,0.010124641470611,777
base_model.model.model.layers.16.mlp.up_proj.lora_B.weight,"(9728, 16)",0.0082021482160926,0.4981689453125,0.9108983278274536,0.9074040651321412,0.0,0.0,0.0017902423860505,0.0018968404037877,777
base_model.model.model.layers.16.self_attn.k_proj.lora_A.weight,"(16, 2560)",0.935536248718734,0.0843994170427322,2.412231922149658,2.3851804733276367,0.0,0.0,0.0101845562458038,0.0101090790703892,777
base_model.model.model.layers.16.self_attn.k_proj.lora_B.weight,"(1024, 16)",0.0294884027899335,0.48919677734375,0.2989076375961303,0.2876478731632232,0.0,0.0,0.0018271986627951,0.0018479066202417,777
base_model.model.model.layers.16.self_attn.o_proj.lora_A.weight,"(16, 4096)",0.9297099345969024,0.0890960693359375,2.4034295082092285,2.4114911556243896,0.0,0.0,0.0080287344753742,0.0080569572746753,777
base_model.model.model.layers.16.self_attn.o_proj.lora_B.weight,"(2560, 16)",0.0093836540740201,0.49755859375,0.4334555566310882,0.4708804786205292,0.0,0.0,0.0016776282573118,0.0019098308403044,777
base_model.model.model.layers.16.self_attn.q_proj.lora_A.weight,"(16, 2560)",0.9382878563167132,0.0835449248552322,2.418647527694702,2.3742899894714355,0.0,0.0,0.0102296480908989,0.0100865205749869,777
base_model.model.model.layers.16.self_attn.q_proj.lora_B.weight,"(4096, 16)",-0.0041515938238428,0.4957733154296875,0.6041915416717529,0.5528411269187927,0.0,0.0,0.0017982474528253,0.0017699577147141,777
base_model.model.model.layers.16.self_attn.v_proj.lora_A.weight,"(16, 2560)",0.94064326370662,0.078125,2.403535842895508,2.378178834915161,0.0,0.0,0.010160693898797,0.0101008182391524,777
base_model.model.model.layers.16.self_attn.v_proj.lora_B.weight,"(1024, 16)",-0.0136455940664997,0.50286865234375,0.2512991428375244,0.2803529798984527,0.0,0.0,0.0015123721677809,0.0018192017450928,777
base_model.model.model.layers.17.mlp.down_proj.lora_A.weight,"(16, 9728)",0.8051605471807809,0.1597065180540084,2.661215305328369,2.563873529434204,0.0,0.0,0.0056327618658542,0.0054735080339014,777
base_model.model.model.layers.17.mlp.down_proj.lora_B.weight,"(2560, 16)",0.0151323866933522,0.4931884706020355,0.5282911658287048,0.4969526529312134,0.0,0.0,0.0020614035893231,0.002001388464123,777
base_model.model.model.layers.17.mlp.gate_proj.lora_A.weight,"(16, 2560)",0.9383491496144956,0.080810546875,2.44059157371521,2.4088454246521,0.0,0.0,0.0103097455576062,0.0102156503126025,777
base_model.model.model.layers.17.mlp.gate_proj.lora_B.weight,"(9728, 16)",0.0073729008626674,0.4978220164775848,1.1400790214538574,0.9669014811515808,0.0,0.0,0.0021820387337356,0.0020034983754158,777
base_model.model.model.layers.17.mlp.up_proj.lora_A.weight,"(16, 2560)",0.94478707540651,0.078369140625,2.41601037979126,2.394970417022705,0.0,0.0,0.0102278748527169,0.0101684629917144,777
base_model.model.model.layers.17.mlp.up_proj.lora_B.weight,"(9728, 16)",0.0039425369172169,0.4976806640625,1.023335576057434,0.954774022102356,0.0,0.0,0.0019950096029788,0.0019728066399693,777
base_model.model.model.layers.17.self_attn.k_proj.lora_A.weight,"(16, 2560)",0.9250139857482824,0.0911132842302322,2.4283907413482666,2.3927597999572754,0.0,0.0,0.0102458773180842,0.0101381884887814,777
base_model.model.model.layers.17.self_attn.k_proj.lora_B.weight,"(1024, 16)",0.0051248111434035,0.49658203125,0.3178291916847229,0.2803627550601959,0.0,0.0,0.0019211224280297,0.0018131713150069,777
base_model.model.model.layers.17.self_attn.o_proj.lora_A.weight,"(16, 4096)",0.9312227871105092,0.087066650390625,2.409977912902832,2.417905569076538,0.0,0.0,0.0080696083605289,0.0080820182338356,777
base_model.model.model.layers.17.self_attn.o_proj.lora_B.weight,"(2560, 16)",-0.0079615135897863,0.503100574016571,0.465457409620285,0.4776924252510071,0.0,0.0,0.0017798036569729,0.0019314670935273,777
base_model.model.model.layers.17.self_attn.q_proj.lora_A.weight,"(16, 2560)",0.9222012593498956,0.0920898467302322,2.443084478378296,2.3754615783691406,0.0,0.0,0.0102636516094207,0.0100516937673091,777
base_model.model.model.layers.17.self_attn.q_proj.lora_B.weight,"(4096, 16)",0.0054491666148813,0.494781494140625,0.666159451007843,0.5744960904121399,0.0,0.0,0.0019743973389267,0.0018483521416783,777
base_model.model.model.layers.17.self_attn.v_proj.lora_A.weight,"(16, 2560)",0.9464884305630088,0.0738281235098838,2.3914995193481445,2.378662109375,0.0,0.0,0.010143781080842,0.0100906789302825,777
base_model.model.model.layers.17.self_attn.v_proj.lora_B.weight,"(1024, 16)",0.0245151611875452,0.48834228515625,0.2344363927841186,0.2879738211631775,0.0,0.0,0.0014257660368457,0.0018707775743678,777
base_model.model.model.layers.18.mlp.down_proj.lora_A.weight,"(16, 9728)",0.7884743209187391,0.1671014130115509,2.6922354698181152,2.5567269325256348,0.0,0.0,0.0056843515485525,0.0054590543732047,777
base_model.model.model.layers.18.mlp.down_proj.lora_B.weight,"(2560, 16)",0.0032062919276455,0.497119128704071,0.5314279794692993,0.4813538491725921,0.0,0.0,0.0020658378489315,0.0019457958405837,777
base_model.model.model.layers.18.mlp.gate_proj.lora_A.weight,"(16, 2560)",0.9376624468481232,0.0858154296875,2.420398712158203,2.4089038372039795,0.0,0.0,0.0102503942325711,0.0102008637040853,777
base_model.model.model.layers.18.mlp.gate_proj.lora_B.weight,"(9728, 16)",0.0060218364152913,0.4961451590061188,1.1351646184921265,0.9625368118286132,0.0,0.0,0.00217364449054,0.0019926868844777,777
base_model.model.model.layers.18.mlp.up_proj.lora_A.weight,"(16, 2560)",0.9403122863782408,0.08154296875,2.420663356781006,2.3949337005615234,0.0,0.0,0.0102279866114258,0.0101600987836718,777
base_model.model.model.layers.18.mlp.up_proj.lora_B.weight,"(9728, 16)",0.0111501208438678,0.4945196807384491,1.0873335599899292,0.946751356124878,0.0,0.0,0.0021296956110745,0.0019619865342974,777
base_model.model.model.layers.18.self_attn.k_proj.lora_A.weight,"(16, 2560)",0.9105256887215564,0.1018798798322677,2.4852280616760254,2.3866231441497803,0.0,0.0,0.0104296011850237,0.0101185915991663,777
base_model.model.model.layers.18.self_attn.k_proj.lora_B.weight,"(1024, 16)",-0.0120579161088665,0.505126953125,0.3608929514884949,0.2807607352733612,0.0,0.0,0.0021961168386042,0.0017956623341888,777
base_model.model.model.layers.18.self_attn.o_proj.lora_A.weight,"(16, 4096)",0.9289544519917542,0.08740234375,2.4199206829071045,2.390321016311645,0.0,0.0,0.0080805458128452,0.0080045592039823,777
base_model.model.model.layers.18.self_attn.o_proj.lora_B.weight,"(2560, 16)",0.0065573447861783,0.4986572265625,0.4252477586269378,0.4445701241493225,0.0,0.0,0.0016271714121103,0.0018196597229689,777
base_model.model.model.layers.18.self_attn.q_proj.lora_A.weight,"(16, 2560)",0.9213538861154272,0.0943115204572677,2.4385993480682373,2.3577370643615723,0.0,0.0,0.0102591719478368,0.0099911335855722,777
base_model.model.model.layers.18.self_attn.q_proj.lora_B.weight,"(4096, 16)",-0.005242136213945,0.5009765625,0.7176681160926819,0.5484870076179504,0.0,0.0,0.0021437499672174,0.0017471147002652,777
base_model.model.model.layers.18.self_attn.v_proj.lora_A.weight,"(16, 2560)",0.933554341197487,0.0823974609375,2.4168155193328857,2.380546808242798,0.0,0.0,0.0101716835051774,0.0100832711905241,777
base_model.model.model.layers.18.self_attn.v_proj.lora_B.weight,"(1024, 16)",0.0300417681062846,0.479736328125,0.2695350646972656,0.2891343533992767,0.0,0.0,0.0016338190762326,0.0018794611096382,777
base_model.model.model.layers.19.mlp.down_proj.lora_A.weight,"(16, 9728)",0.8049088860008807,0.1562885493040084,2.6842823028564453,2.5378894805908203,0.0,0.0,0.0056766853667795,0.0054311384446918,777
base_model.model.model.layers.19.mlp.down_proj.lora_B.weight,"(2560, 16)",0.0295879510065695,0.4913330078125,0.528049886226654,0.4598197042942047,0.0,0.0,0.0020608068443834,0.001865230849944,777
base_model.model.model.layers.19.mlp.gate_proj.lora_A.weight,"(16, 2560)",0.9401115821368872,0.0796386748552322,2.4263734817504883,2.40454626083374,0.0,0.0,0.0102519448846578,0.0101862698793411,777
base_model.model.model.layers.19.mlp.gate_proj.lora_B.weight,"(9728, 16)",0.0119828673020828,0.4953163564205169,1.093816876411438,0.9609068632125854,0.0,0.0,0.0021029086783528,0.0019903408829122,777
base_model.model.model.layers.19.mlp.up_proj.lora_A.weight,"(16, 2560)",0.9455939053810708,0.0752685517072677,2.422257661819458,2.3865344524383545,0.0,0.0,0.010247622616589,0.010126294568181,777
base_model.model.model.layers.19.mlp.up_proj.lora_B.weight,"(9728, 16)",0.0152976050815324,0.4941599071025848,1.0265915393829346,0.9225168824195862,0.0,0.0,0.0020117759704589,0.0019137937342748,777
base_model.model.model.layers.19.self_attn.k_proj.lora_A.weight,"(16, 2560)",0.9239407481531616,0.0950439423322677,2.4362802505493164,2.3791697025299072,0.0,0.0,0.0102553833276033,0.0100874723866581,777
base_model.model.model.layers.19.self_attn.k_proj.lora_B.weight,"(1024, 16)",0.0196447372477991,0.49395751953125,0.3240602314472198,0.2908151149749756,0.0,0.0,0.0019494493026286,0.0018786132568493,777
base_model.model.model.layers.19.self_attn.o_proj.lora_A.weight,"(16, 4096)",0.922409563345894,0.0903472900390625,2.415834665298462,2.423340082168579,0.0,0.0,0.0080680157989263,0.0080840801820158,777
base_model.model.model.layers.19.self_attn.o_proj.lora_B.weight,"(2560, 16)",0.0040342494194151,0.4968994259834289,0.4602679312229156,0.4702049195766449,0.0,0.0,0.0017907328438013,0.0018937826389446,777
base_model.model.model.layers.19.self_attn.q_proj.lora_A.weight,"(16, 2560)",0.9381911607883872,0.0833007842302322,2.395139217376709,2.369295597076416,0.0,0.0,0.010129707865417,0.0100553836673498,777
base_model.model.model.layers.19.self_attn.q_proj.lora_B.weight,"(4096, 16)",-0.0106334719695669,0.5050506591796875,0.5522278547286987,0.5819739103317261,0.0,0.0,0.0016414307756349,0.0018699017819017,777
base_model.model.model.layers.19.self_attn.v_proj.lora_A.weight,"(16, 2560)",0.9352313551543544,0.0830566436052322,2.418010950088501,2.3740880489349365,0.0,0.0,0.0102116707712411,0.0100991250947117,777
base_model.model.model.layers.19.self_attn.v_proj.lora_B.weight,"(1024, 16)",0.0395521150581988,0.47796630859375,0.2628543674945831,0.2907188534736633,0.0,0.0,0.0016032343264669,0.0018842589342966,777
base_model.model.model.layers.2.mlp.down_proj.lora_A.weight,"(16, 9728)",0.8739963683820247,0.1160888671875,2.473527193069458,2.476733922958374,0.0,0.0,0.0053155268542468,0.0053238635882735,777
base_model.model.model.layers.2.mlp.down_proj.lora_B.weight,"(2560, 16)",0.0226271377356233,0.4875000119209289,0.4153929948806762,0.4839141368865967,0.0,0.0,0.0016294659581035,0.0019396661082282,777
base_model.model.model.layers.2.mlp.gate_proj.lora_A.weight,"(16, 2560)",0.9518747422437436,0.0750488266348838,2.342933654785156,2.409232378005981,0.0,0.0,0.0099819991737604,0.0101964119821786,777
base_model.model.model.layers.2.mlp.gate_proj.lora_B.weight,"(9728, 16)",0.3355218367963665,0.3908884227275848,1.7608067989349363,1.4848835468292236,0.0,0.0,0.0025756829418241,0.0025243079289793,777
base_model.model.model.layers.2.mlp.up_proj.lora_A.weight,"(16, 2560)",0.9501146621686692,0.0735351592302322,2.362091302871704,2.3938467502593994,0.0,0.0,0.0100410748273134,0.010136904194951,777
base_model.model.model.layers.2.mlp.up_proj.lora_B.weight,"(9728, 16)",-0.0137238331156717,0.481201171875,2.6132755279541016,1.6401474475860596,0.0,0.0,0.0036873491480946,0.0026054379995912,777
base_model.model.model.layers.2.self_attn.k_proj.lora_A.weight,"(16, 2560)",0.9353319610832002,0.0849121063947677,2.41004490852356,2.3917906284332275,0.0,0.0,0.0101947039365768,0.0101362187415361,777
base_model.model.model.layers.2.self_attn.k_proj.lora_B.weight,"(1024, 16)",0.0022572703256127,0.49981689453125,0.2760059237480163,0.3129887282848358,0.0,0.0,0.0016316118417307,0.0019806458149105,777
base_model.model.model.layers.2.self_attn.o_proj.lora_A.weight,"(16, 4096)",0.9175433786700156,0.0988616943359375,2.383204936981201,2.4762330055236816,0.0,0.0,0.0079831220209598,0.0082231443375349,777
base_model.model.model.layers.2.self_attn.o_proj.lora_B.weight,"(2560, 16)",0.0320988768703187,0.4902587831020355,0.3941130042076111,0.5126717686653137,0.0,0.0,0.0015283380635082,0.0020556934177875,777
base_model.model.model.layers.2.self_attn.q_proj.lora_A.weight,"(16, 2560)",0.949310482964254,0.0775390639901161,2.3537724018096924,2.3955323696136475,0.0,0.0,0.0099975299090147,0.0101295839995145,777
base_model.model.model.layers.2.self_attn.q_proj.lora_B.weight,"(4096, 16)",0.0002270795469225,0.4997100830078125,0.5442348122596741,0.6146458983421326,0.0,0.0,0.0015885975444689,0.0019449958344921,777
base_model.model.model.layers.2.self_attn.v_proj.lora_A.weight,"(16, 2560)",0.942495654969706,0.0792480483651161,2.362201690673828,2.38956618309021,0.0,0.0,0.0100143691524863,0.0100998077541589,777
base_model.model.model.layers.2.self_attn.v_proj.lora_B.weight,"(1024, 16)",0.0263655966262033,0.4842529296875,0.2615459859371185,0.3182393610477447,0.0,0.0,0.0015827736351639,0.0020105647854506,777
base_model.model.model.layers.20.mlp.down_proj.lora_A.weight,"(16, 9728)",0.7742920556595746,0.1745862513780594,2.737507104873657,2.5711095333099365,0.0,0.0,0.0057621435262262,0.0054823253303766,777
base_model.model.model.layers.20.mlp.down_proj.lora_B.weight,"(2560, 16)",0.0122360437695563,0.4945312440395355,0.6018847227096558,0.4942930042743683,0.0,0.0,0.002345745684579,0.0019973278976976,777
base_model.model.model.layers.20.mlp.gate_proj.lora_A.weight,"(16, 2560)",0.9396622275370896,0.0805419906973838,2.436081886291504,2.401555299758911,0.0,0.0,0.0102907931432127,0.0101833473891019,777
base_model.model.model.layers.20.mlp.gate_proj.lora_B.weight,"(9728, 16)",0.0083880771580191,0.4947316944599151,1.1175457239151,0.9602717161178588,0.0,0.0,0.0021280932705849,0.0019864835776388,777
base_model.model.model.layers.20.mlp.up_proj.lora_A.weight,"(16, 2560)",0.9379920459802052,0.0826904326677322,2.4390242099761963,2.381132125854492,0.0,0.0,0.0102954972535371,0.0101075004786252,777
base_model.model.model.layers.20.mlp.up_proj.lora_B.weight,"(9728, 16)",0.0138541107099815,0.4936138093471527,1.0615123510360718,0.9100190997123718,0.0,0.0,0.0020771715790033,0.0018992800032719,777
base_model.model.model.layers.20.self_attn.k_proj.lora_A.weight,"(16, 2560)",0.9170429466465926,0.0985351577401161,2.4578800201416016,2.3787264823913574,0.0,0.0,0.010331792756915,0.0100976917892694,777
base_model.model.model.layers.20.self_attn.k_proj.lora_B.weight,"(1024, 16)",0.0104043126764014,0.496826171875,0.3077919483184814,0.2825532257556915,0.0,0.0,0.0018654006998986,0.0018087988719344,777
base_model.model.model.layers.20.self_attn.o_proj.lora_A.weight,"(16, 4096)",0.9162091558335518,0.096282958984375,2.4467029571533203,2.396411895751953,0.0,0.0,0.0081264590844511,0.0080079901963472,777
base_model.model.model.layers.20.self_attn.o_proj.lora_B.weight,"(2560, 16)",0.018373934039911,0.4923095703125,0.4660028517246246,0.4457910358905792,0.0,0.0,0.0017889520386233,0.0018119256710633,777
base_model.model.model.layers.20.self_attn.q_proj.lora_A.weight,"(16, 2560)",0.9288737105328168,0.0884521454572677,2.428454160690308,2.3837008476257324,0.0,0.0,0.0102383149787783,0.0101021453738212,777
base_model.model.model.layers.20.self_attn.q_proj.lora_B.weight,"(4096, 16)",0.0152132106251399,0.49566650390625,0.5666190981864929,0.5767646431922913,0.0,0.0,0.0016815727576613,0.0018355371430516,777
base_model.model.model.layers.20.self_attn.v_proj.lora_A.weight,"(16, 2560)",0.9276536448042588,0.0882568359375,2.4424588680267334,2.3758528232574463,0.0,0.0,0.0102755222469568,0.0100811393931508,777
base_model.model.model.layers.20.self_attn.v_proj.lora_B.weight,"(1024, 16)",0.0204630185490164,0.485595703125,0.2964667081832886,0.2813156247138977,0.0,0.0,0.0017947283340618,0.0018433184595778,777
base_model.model.model.layers.21.mlp.down_proj.lora_A.weight,"(16, 9728)",0.796170135450993,0.1635677963495254,2.711512804031372,2.52813458442688,0.0,0.0,0.0057222167961299,0.0054136211983859,777
base_model.model.model.layers.21.mlp.down_proj.lora_B.weight,"(2560, 16)",0.0084488213631488,0.4969726502895355,0.5641825199127197,0.4675571620464325,0.0,0.0,0.0021961752790957,0.0018982549663633,777
base_model.model.model.layers.21.mlp.gate_proj.lora_A.weight,"(16, 2560)",0.922995881931287,0.0904052704572677,2.489667654037476,2.420224905014038,0.0,0.0,0.0104684187099337,0.0102577786892652,777
base_model.model.model.layers.21.mlp.gate_proj.lora_B.weight,"(9728, 16)",0.0144415809598102,0.4922581613063812,1.2770317792892456,1.0103437900543213,0.0,0.0,0.0024284184910357,0.0020921647083014,777
base_model.model.model.layers.21.mlp.up_proj.lora_A.weight,"(16, 2560)",0.943671273660588,0.0774902328848838,2.437647581100464,2.38582181930542,0.0,0.0,0.0103017874062061,0.0101348850876092,777
base_model.model.model.layers.21.mlp.up_proj.lora_B.weight,"(9728, 16)",0.009840735736253,0.4940249919891357,1.0534113645553589,0.939453125,0.0,0.0,0.00204981979914,0.0019622836261987,777
base_model.model.model.layers.21.self_attn.k_proj.lora_A.weight,"(16, 2560)",0.9027653095365478,0.1085449233651161,2.480940818786621,2.3782191276550293,0.0,0.0,0.0103879990056157,0.0100758271291852,777
base_model.model.model.layers.21.self_attn.k_proj.lora_B.weight,"(1024, 16)",0.0328609000764244,0.495361328125,0.2975476086139679,0.2798075377941131,0.0,0.0,0.0017947346204891,0.0018111385870724,777
base_model.model.model.layers.21.self_attn.o_proj.lora_A.weight,"(16, 4096)",0.9288683668787372,0.0885162353515625,2.423834800720215,2.395020008087158,0.0,0.0,0.0080761704593896,0.0080230571329593,777
base_model.model.model.layers.21.self_attn.o_proj.lora_B.weight,"(2560, 16)",0.0333148456161125,0.4902099668979645,0.4911559820175171,0.4706517457962036,0.0,0.0,0.0019000567262992,0.0019052501302212,777
base_model.model.model.layers.21.self_attn.q_proj.lora_A.weight,"(16, 2560)",0.9120391155740704,0.0996826142072677,2.486237049102783,2.372158527374268,0.0,0.0,0.0104207349941134,0.0100766997784376,777
base_model.model.model.layers.21.self_attn.q_proj.lora_B.weight,"(4096, 16)",0.0218148749338514,0.4884796142578125,0.701734185218811,0.5616986751556396,0.0,0.0,0.0020695626735687,0.0018177309539169,777
base_model.model.model.layers.21.self_attn.v_proj.lora_A.weight,"(16, 2560)",0.9329865734228864,0.0847412124276161,2.436553955078125,2.36069130897522,0.0,0.0,0.0102781215682625,0.0100395129993557,777
base_model.model.model.layers.21.self_attn.v_proj.lora_B.weight,"(1024, 16)",0.0342796137835305,0.4794921875,0.2884696125984192,0.2815635502338409,0.0,0.0,0.0017580483108758,0.0018479663413017,777
base_model.model.model.layers.22.mlp.down_proj.lora_A.weight,"(16, 9728)",0.7902272471083484,0.1645443588495254,2.7154431343078613,2.5766255855560303,0.0,0.0,0.0057210875675082,0.0054955394007265,777
base_model.model.model.layers.22.mlp.down_proj.lora_B.weight,"(2560, 16)",0.0277815151523427,0.4883056581020355,0.604357123374939,0.4875058233737945,0.0,0.0,0.0023352331481873,0.0019793715327978,777
base_model.model.model.layers.22.mlp.gate_proj.lora_A.weight,"(16, 2560)",0.9176687511291278,0.0977294892072677,2.471501111984253,2.43489933013916,0.0,0.0,0.0103922775015234,0.0102830035611987,777
base_model.model.model.layers.22.mlp.gate_proj.lora_B.weight,"(9728, 16)",0.0096643891463601,0.4954448640346527,1.3275814056396484,1.0483567714691162,0.0,0.0,0.0025099874474108,0.0021656162571161,777
base_model.model.model.layers.22.mlp.up_proj.lora_A.weight,"(16, 2560)",0.9372256399840668,0.0832275375723838,2.440375566482544,2.4041128158569336,0.0,0.0,0.0102985221892595,0.0101883830502629,777
base_model.model.model.layers.22.mlp.up_proj.lora_B.weight,"(9728, 16)",0.0110641109288272,0.4930034577846527,1.1339329481124878,0.986276924610138,0.0,0.0,0.0022210411261767,0.0020539185497909,777
base_model.model.model.layers.22.self_attn.k_proj.lora_A.weight,"(16, 2560)",0.920388879753823,0.0945068374276161,2.456866979598999,2.379549741744995,0.0,0.0,0.0103325331583619,0.0100839454680681,777
base_model.model.model.layers.22.self_attn.k_proj.lora_B.weight,"(1024, 16)",0.0547212181982578,0.470947265625,0.3350409269332886,0.2976907789707184,0.0,0.0,0.0019868134986609,0.0019226935692131,777
base_model.model.model.layers.22.self_attn.o_proj.lora_A.weight,"(16, 4096)",0.9144953907845343,0.097564697265625,2.464198589324951,2.401435852050781,0.0,0.0,0.0081816893070936,0.0080317594110965,777
base_model.model.model.layers.22.self_attn.o_proj.lora_B.weight,"(2560, 16)",0.0440117163847944,0.4850830137729645,0.4923892915248871,0.4715182781219482,0.0,0.0,0.0019183147232979,0.0019095772877335,777
base_model.model.model.layers.22.self_attn.q_proj.lora_A.weight,"(16, 2560)",0.9198963438498996,0.0964599624276161,2.456547498703003,2.3746330738067627,0.0,0.0,0.010331311263144,0.0100828036665916,777
base_model.model.model.layers.22.self_attn.q_proj.lora_B.weight,"(4096, 16)",0.0172200395571703,0.4835968017578125,0.6472731828689575,0.5926408171653748,0.0,0.0,0.0019023269414901,0.0019170220475643,777
base_model.model.model.layers.22.self_attn.v_proj.lora_A.weight,"(16, 2560)",0.9340479180690276,0.0832763686776161,2.438276529312134,2.375927448272705,0.0,0.0,0.0102932443842291,0.0101009663194417,777
base_model.model.model.layers.22.self_attn.v_proj.lora_B.weight,"(1024, 16)",0.0614823026416952,0.4720458984375,0.3064791560173034,0.2893178164958954,0.0,0.0,0.0018775356002151,0.0018876921385526,777
base_model.model.model.layers.23.mlp.down_proj.lora_A.weight,"(16, 9728)",0.784642082723938,0.1660348922014236,2.7044949531555176,2.597890138626098,0.0,0.0,0.0057046054862439,0.0055331028997898,777
base_model.model.model.layers.23.mlp.down_proj.lora_B.weight,"(2560, 16)",0.0334947285190536,0.4903808534145355,0.6548842787742615,0.5116739869117737,0.0,0.0,0.0025463821366429,0.0020668853539973,777
base_model.model.model.layers.23.mlp.gate_proj.lora_A.weight,"(16, 2560)",0.9163405831479366,0.0997070297598838,2.485978603363037,2.4400084018707275,0.0,0.0,0.0104574859142303,0.0103042339906096,777
base_model.model.model.layers.23.mlp.gate_proj.lora_B.weight,"(9728, 16)",0.0060709853641096,0.496305763721466,1.607308030128479,1.0437711477279663,0.0,0.0,0.0030771761666983,0.0021484862081706,777
base_model.model.model.layers.23.mlp.up_proj.lora_A.weight,"(16, 2560)",0.9343899217472028,0.085205078125,2.446893215179444,2.4129958152771,0.0,0.0,0.0103327501565217,0.0102301863953471,777
base_model.model.model.layers.23.mlp.up_proj.lora_B.weight,"(9728, 16)",0.0194282358119668,0.492232471704483,1.2299916744232178,0.9948462843894958,0.0,0.0,0.0024053298402577,0.0020692031830549,777
base_model.model.model.layers.23.self_attn.k_proj.lora_A.weight,"(16, 2560)",0.9081835950765608,0.104736328125,2.480085611343384,2.394840717315674,0.0,0.0,0.0103894677013158,0.0101463058963418,777
base_model.model.model.layers.23.self_attn.k_proj.lora_B.weight,"(1024, 16)",0.0085786931186165,0.49853515625,0.3660513162612915,0.3021024167537689,0.0,0.0,0.0022041648626327,0.0019512682920321,777
base_model.model.model.layers.23.self_attn.o_proj.lora_A.weight,"(16, 4096)",0.9101818994852612,0.0988006591796875,2.462689161300659,2.427403450012207,0.0,0.0,0.0081896800547838,0.0081062614917755,777
base_model.model.model.layers.23.self_attn.o_proj.lora_B.weight,"(2560, 16)",0.0107390506860622,0.496826171875,0.5206943154335022,0.4889123439788818,0.0,0.0,0.0020264729391783,0.0019801706075668,777
base_model.model.model.layers.23.self_attn.q_proj.lora_A.weight,"(16, 2560)",0.9115175651611334,0.103271484375,2.4750142097473145,2.4025728702545166,0.0,0.0,0.0103840436786413,0.0101604722440242,777
base_model.model.model.layers.23.self_attn.q_proj.lora_B.weight,"(4096, 16)",0.0210277570522883,0.4925079345703125,0.7475314140319824,0.6114391684532166,0.0,0.0,0.0021884180605411,0.0019833031110465,777
base_model.model.model.layers.23.self_attn.v_proj.lora_A.weight,"(16, 2560)",0.937292731098917,0.0813964828848838,2.4178600311279297,2.378490209579468,0.0,0.0,0.01021015830338,0.010093948803842,777
base_model.model.model.layers.23.self_attn.v_proj.lora_B.weight,"(1024, 16)",0.0310030941992189,0.48046875,0.287095695734024,0.2961130440235138,0.0,0.0,0.001757578109391,0.0019315013196319,777
base_model.model.model.layers.24.mlp.down_proj.lora_A.weight,"(16, 9728)",0.7655183534935025,0.1758968979120254,2.7806272506713867,2.5820140838623047,0.0,0.0,0.0058263572864234,0.0055058039724826,777
base_model.model.model.layers.24.mlp.down_proj.lora_B.weight,"(2560, 16)",0.0089003934873878,0.4963134825229645,0.6668611764907837,0.502817690372467,0.0,0.0,0.0025851316750049,0.002037355210632,777
base_model.model.model.layers.24.mlp.gate_proj.lora_A.weight,"(16, 2560)",0.8992385504771108,0.10693359375,2.556166410446167,2.4308412075042725,0.0,0.0,0.0106935910880565,0.0102775990962982,777
base_model.model.model.layers.24.mlp.gate_proj.lora_B.weight,"(9728, 16)",0.016022522814624,0.4916478097438812,1.7917519807815552,1.0401029586791992,0.0,0.0,0.0034694538917392,0.0021427650935947,777
base_model.model.model.layers.24.mlp.up_proj.lora_A.weight,"(16, 2560)",0.9261038414261188,0.0902343764901161,2.473646640777588,2.414743423461914,0.0,0.0,0.0104109989479184,0.010224163532257,777
base_model.model.model.layers.24.mlp.up_proj.lora_B.weight,"(9728, 16)",0.0083303132611291,0.4960359334945678,1.3154312372207642,1.0056142807006836,0.0,0.0,0.0025734489317983,0.0020885472185909,777
base_model.model.model.layers.24.self_attn.k_proj.lora_A.weight,"(16, 2560)",0.9133058824281024,0.0997314453125,2.465855836868286,2.391207695007324,0.0,0.0,0.0103557500988245,0.0101309297606349,777
base_model.model.model.layers.24.self_attn.k_proj.lora_B.weight,"(1024, 16)",0.0543523705365081,0.47344970703125,0.3617997169494629,0.3055920600891113,0.0,0.0,0.0021293859463185,0.0019586822018027,777
base_model.model.model.layers.24.self_attn.o_proj.lora_A.weight,"(16, 4096)",0.8983383817534121,0.1037750244140625,2.5013132095336914,2.430818557739258,0.0,0.0,0.0082898763939738,0.0081017920747399,777
base_model.model.model.layers.24.self_attn.o_proj.lora_B.weight,"(2560, 16)",0.0062960025897452,0.494873046875,0.7343886494636536,0.4983038306236267,0.0,0.0,0.002831480000168,0.0020005640108138,777
base_model.model.model.layers.24.self_attn.q_proj.lora_A.weight,"(16, 2560)",0.9052701320750612,0.1069824248552322,2.487828016281128,2.387218475341797,0.0,0.0,0.01043819822371,0.0101130250841379,777
base_model.model.model.layers.24.self_attn.q_proj.lora_B.weight,"(4096, 16)",0.0410400207497491,0.4749603271484375,0.8244116902351379,0.6401119232177734,0.0,0.0,0.0023823794908821,0.0020375936292111,777
base_model.model.model.layers.24.self_attn.v_proj.lora_A.weight,"(16, 2560)",0.9269744879054084,0.0894531235098838,2.4433934688568115,2.377405166625977,0.0,0.0,0.0102804126217961,0.0100829508155584,777
base_model.model.model.layers.24.self_attn.v_proj.lora_B.weight,"(1024, 16)",0.0363214937539468,0.4879150390625,0.3544253408908844,0.3030955493450165,0.0,0.0,0.0021266422700136,0.0019523485098034,777
base_model.model.model.layers.25.mlp.down_proj.lora_A.weight,"(16, 9728)",0.7355702801095663,0.1920037567615509,2.892876386642456,2.589372634887696,0.0,0.0,0.0060298307798802,0.0055125057697296,777
base_model.model.model.layers.25.mlp.down_proj.lora_B.weight,"(2560, 16)",0.0212691421811291,0.491455078125,0.6994521021842957,0.5003738403320312,0.0,0.0,0.0027180118486285,0.0020310343243181,777
base_model.model.model.layers.25.mlp.gate_proj.lora_A.weight,"(16, 2560)",0.8790638078054697,0.1215332001447677,2.5997955799102783,2.449906826019287,0.0,0.0,0.0108259189873933,0.0103316390886902,777
base_model.model.model.layers.25.mlp.gate_proj.lora_B.weight,"(9728, 16)",0.0056857023231453,0.4957082569599151,1.8689699172973635,1.0490164756774902,0.0,0.0,0.0036139730364084,0.0021615298464894,777
base_model.model.model.layers.25.mlp.up_proj.lora_A.weight,"(16, 2560)",0.9202923640583172,0.0926269516348838,2.4952166080474854,2.4301507472991943,0.0,0.0,0.0105024520307779,0.0102949878200888,777
base_model.model.model.layers.25.mlp.up_proj.lora_B.weight,"(9728, 16)",0.0086982022701226,0.4953806102275848,1.5080639123916626,1.009536862373352,0.0,0.0,0.0029366305097937,0.0020926652941852,777
base_model.model.model.layers.25.self_attn.k_proj.lora_A.weight,"(16, 2560)",0.9228860400361982,0.0946289077401161,2.43127989768982,2.407591819763184,0.0,0.0,0.0102501083165407,0.0101753929629921,777
base_model.model.model.layers.25.self_attn.k_proj.lora_B.weight,"(1024, 16)",0.0052816252142431,0.499755859375,0.353442907333374,0.3284971415996551,0.0,0.0,0.0021517327986657,0.0020928538870066,777
base_model.model.model.layers.25.self_attn.o_proj.lora_A.weight,"(16, 4096)",0.8994051800271032,0.1066131591796875,2.494688034057617,2.4329168796539307,0.0,0.0,0.0082680154591798,0.0081116734072566,777
base_model.model.model.layers.25.self_attn.o_proj.lora_B.weight,"(2560, 16)",0.0053759318373284,0.5008544921875,0.6670153141021729,0.4998621642589569,0.0,0.0,0.0025884374044835,0.002020351588726,777
base_model.model.model.layers.25.self_attn.q_proj.lora_A.weight,"(16, 2560)",0.921169738833229,0.0937255844473838,2.458752155303955,2.3786003589630127,0.0,0.0,0.0103306490927934,0.0100905029103159,777
base_model.model.model.layers.25.self_attn.q_proj.lora_B.weight,"(4096, 16)",-0.002650387704258,0.505157470703125,0.6974138021469116,0.5999462008476257,0.0,0.0,0.002078010700643,0.0019266459858044,777
base_model.model.model.layers.25.self_attn.v_proj.lora_A.weight,"(16, 2560)",0.9271484775704284,0.0869140625,2.442100763320923,2.391690969467163,0.0,0.0,0.0102972881868481,0.0101387482136487,777
base_model.model.model.layers.25.self_attn.v_proj.lora_B.weight,"(1024, 16)",0.0221094459020568,0.48480224609375,0.3722217977046966,0.2982141971588135,0.0,0.0,0.0022145535331219,0.0019393673865124,777
base_model.model.model.layers.26.mlp.down_proj.lora_A.weight,"(16, 9728)",0.7312354524453452,0.1927554458379745,2.9070937633514404,2.588625907897949,0.0,0.0,0.0060511007905006,0.0055077914148569,777
base_model.model.model.layers.26.mlp.down_proj.lora_B.weight,"(2560, 16)",0.0034670259539507,0.4992431700229645,0.6960156559944153,0.4977544844150543,0.0,0.0,0.0026852954179048,0.0020135089289397,777
base_model.model.model.layers.26.mlp.gate_proj.lora_A.weight,"(16, 2560)",0.8801016408417579,0.1202880889177322,2.6084184646606445,2.467118740081787,0.0,0.0,0.0108572002500295,0.0103918705135583,777
base_model.model.model.layers.26.mlp.gate_proj.lora_B.weight,"(9728, 16)",0.0079039920493612,0.4965306222438812,1.9433435201644893,1.0614848136901855,0.0,0.0,0.0037823065649718,0.0021824357099831,777
base_model.model.model.layers.26.mlp.up_proj.lora_A.weight,"(16, 2560)",0.915439632695349,0.0955078154802322,2.524254322052002,2.430630683898926,0.0,0.0,0.0106034819036722,0.0103059131652116,777
base_model.model.model.layers.26.mlp.up_proj.lora_B.weight,"(9728, 16)",0.0132647930812201,0.4964984953403473,1.460896134376526,0.9952298998832704,0.0,0.0,0.0028634250629693,0.0020729552488774,777
base_model.model.model.layers.26.self_attn.k_proj.lora_A.weight,"(16, 2560)",0.9120190280465208,0.10205078125,2.4758565425872803,2.3929150104522705,0.0,0.0,0.0103909289464354,0.0101369936019182,777
base_model.model.model.layers.26.self_attn.k_proj.lora_B.weight,"(1024, 16)",-0.0035235650506528,0.49676513671875,0.4036815464496612,0.2993899583816528,0.0,0.0,0.0023953786585479,0.0019148243591189,777
base_model.model.model.layers.26.self_attn.o_proj.lora_A.weight,"(16, 4096)",0.9167118861928414,0.0942535400390625,2.449136972427368,2.412915229797364,0.0,0.0,0.0081490147858858,0.0080545963719487,777
base_model.model.model.layers.26.self_attn.o_proj.lora_B.weight,"(2560, 16)",0.0090484159098211,0.495898425579071,0.5186624526977539,0.4769757390022278,0.0,0.0,0.0020348387770354,0.0019359461730346,777
base_model.model.model.layers.26.self_attn.q_proj.lora_A.weight,"(16, 2560)",0.908473493988616,0.1010986343026161,2.468339681625366,2.398480176925659,0.0,0.0,0.0103672463446855,0.0101538999006152,777
base_model.model.model.layers.26.self_attn.q_proj.lora_B.weight,"(4096, 16)",-0.0059044642614167,0.5049285888671875,0.740226149559021,0.6095399856567383,0.0,0.0,0.0021963403560221,0.0019473263528198,777
base_model.model.model.layers.26.self_attn.v_proj.lora_A.weight,"(16, 2560)",0.9415877938615784,0.0787597671151161,2.4053795337677,2.3775794506073,0.0,0.0,0.0101800141856074,0.0100904079154133,777
base_model.model.model.layers.26.self_attn.v_proj.lora_B.weight,"(1024, 16)",0.0164582167210555,0.491455078125,0.3191524744033813,0.2940743267536163,0.0,0.0,0.0019549888093024,0.0019088180270045,777
base_model.model.model.layers.27.mlp.down_proj.lora_A.weight,"(16, 9728)",0.713573385293462,0.2004972696304321,2.95481276512146,2.60354995727539,0.0,0.0,0.0061254454776644,0.0055404235608875,777
base_model.model.model.layers.27.mlp.down_proj.lora_B.weight,"(2560, 16)",0.0009693054266635,0.4957519471645355,0.7012530565261841,0.5055752396583557,0.0,0.0,0.0027157613076269,0.002044542459771,777
base_model.model.model.layers.27.mlp.gate_proj.lora_A.weight,"(16, 2560)",0.8662306371333724,0.1252929717302322,2.672038555145264,2.4545373916625977,0.0,0.0,0.0111107397824525,0.0103843780234456,777
base_model.model.model.layers.27.mlp.gate_proj.lora_B.weight,"(9728, 16)",0.0067542344532206,0.4954127371311188,1.9080730676651,1.0344154834747314,0.0,0.0,0.0037024468183517,0.0021324686240404,777
base_model.model.model.layers.27.mlp.up_proj.lora_A.weight,"(16, 2560)",0.9155414078223671,0.0992431640625,2.5149946212768555,2.426881790161133,0.0,0.0,0.0105547811836004,0.0102707929909229,777
base_model.model.model.layers.27.mlp.up_proj.lora_B.weight,"(9728, 16)",0.0063341093528395,0.4962093830108642,1.6252264976501465,1.004353404045105,0.0,0.0,0.0032084984704852,0.0020874547772109,777
base_model.model.model.layers.27.self_attn.k_proj.lora_A.weight,"(16, 2560)",0.9088553305285584,0.1040527373552322,2.456613540649414,2.4108588695526123,0.0,0.0,0.0103058889508247,0.0101713500916957,777
base_model.model.model.layers.27.self_attn.k_proj.lora_B.weight,"(1024, 16)",-0.0070612084463662,0.50531005859375,0.3892194926738739,0.3356277048587799,0.0,0.0,0.0023474958725273,0.0021332716569304,777
base_model.model.model.layers.27.self_attn.o_proj.lora_A.weight,"(16, 4096)",0.9077449948414184,0.0999298095703125,2.448995590209961,2.4220540523529053,0.0,0.0,0.0081319436430931,0.0080757178366184,777
base_model.model.model.layers.27.self_attn.o_proj.lora_B.weight,"(2560, 16)",0.0090767794888464,0.4976562559604645,0.6129313707351685,0.496693879365921,0.0,0.0,0.002380643505603,0.0020004077814519,777
base_model.model.model.layers.27.self_attn.q_proj.lora_A.weight,"(16, 2560)",0.895952998105738,0.1124023422598838,2.5100972652435303,2.405555725097656,0.0,0.0,0.0104973008856177,0.0101692946627736,777
base_model.model.model.layers.27.self_attn.q_proj.lora_B.weight,"(4096, 16)",-0.010298252662166,0.5023193359375,0.7866499423980713,0.6250084638595581,0.0,0.0,0.0023282165639102,0.0020025027915835,777
base_model.model.model.layers.27.self_attn.v_proj.lora_A.weight,"(16, 2560)",0.911911738855337,0.097900390625,2.4727087020874023,2.393719434738159,0.0,0.0,0.0103822462260723,0.0101205762475728,777
base_model.model.model.layers.27.self_attn.v_proj.lora_B.weight,"(1024, 16)",0.0033630195624003,0.48870849609375,0.3920182287693023,0.3083199262619018,0.0,0.0,0.0023067768197506,0.0019867450464516,777
base_model.model.model.layers.28.mlp.down_proj.lora_A.weight,"(16, 9728)",0.7150411509722867,0.1984413564205169,2.988520860671997,2.588627338409424,0.0,0.0,0.0061928988434374,0.0055186948738992,777
base_model.model.model.layers.28.mlp.down_proj.lora_B.weight,"(2560, 16)",0.0079203511052834,0.4996337890625,0.7035419940948486,0.5007938146591187,0.0,0.0,0.0027320887893438,0.0020246747881174,777
base_model.model.model.layers.28.mlp.gate_proj.lora_A.weight,"(16, 2560)",0.8807489940317995,0.1178710907697677,2.6195082664489746,2.4420528411865234,0.0,0.0,0.0109321130439639,0.0103333946317434,777
base_model.model.model.layers.28.mlp.gate_proj.lora_B.weight,"(9728, 16)",0.0075153440531772,0.4980597198009491,2.037095308303833,1.022438645362854,0.0,0.0,0.0039966232143342,0.0021041757427155,777
base_model.model.model.layers.28.mlp.up_proj.lora_A.weight,"(16, 2560)",0.9178491992822028,0.0965820327401161,2.52427625656128,2.429241895675659,0.0,0.0,0.0106188030913472,0.0102932471781969,777
base_model.model.model.layers.28.mlp.up_proj.lora_B.weight,"(9728, 16)",0.0077964220471781,0.495894581079483,1.5318570137023926,1.005622148513794,0.0,0.0,0.0030178714077919,0.0020859495270997,777
base_model.model.model.layers.28.self_attn.k_proj.lora_A.weight,"(16, 2560)",0.894031400368876,0.1092285141348838,2.512627124786377,2.3767573833465576,0.0,0.0,0.0104960249736905,0.0100683839991688,777
base_model.model.model.layers.28.self_attn.k_proj.lora_B.weight,"(1024, 16)",0.0036470265516797,0.50018310546875,0.4053225219249725,0.296463280916214,0.0,0.0,0.0024422174319624,0.0018800704274326,777
base_model.model.model.layers.28.self_attn.o_proj.lora_A.weight,"(16, 4096)",0.8964999495852692,0.105621337890625,2.529268980026245,2.4381768703460693,0.0,0.0,0.0083768228068947,0.0081329941749572,777
base_model.model.model.layers.28.self_attn.o_proj.lora_B.weight,"(2560, 16)",0.0036081212997547,0.501538097858429,0.7037573456764221,0.4912835657596588,0.0,0.0,0.0027057079132646,0.0020037100184708,777
base_model.model.model.layers.28.self_attn.q_proj.lora_A.weight,"(16, 2560)",0.9055499402949908,0.10400390625,2.518301725387573,2.3834686279296875,0.0,0.0,0.0105327647179365,0.0101264053955674,777
base_model.model.model.layers.28.self_attn.q_proj.lora_B.weight,"(4096, 16)",0.0038848616023623,0.4954071044921875,0.8542866110801697,0.6021773815155029,0.0,0.0,0.0025204187259078,0.0019164332188665,777
base_model.model.model.layers.28.self_attn.v_proj.lora_A.weight,"(16, 2560)",0.9174686312262624,0.0947265625,2.471757650375366,2.3869376182556152,0.0,0.0,0.0103723239153623,0.0101051535457372,777
base_model.model.model.layers.28.self_attn.v_proj.lora_B.weight,"(1024, 16)",-0.0030360232435445,0.499267578125,0.3309933245182037,0.3019242286682129,0.0,0.0,0.0020311037078499,0.0019600337836891,777
base_model.model.model.layers.29.mlp.down_proj.lora_A.weight,"(16, 9728)",0.7033887085794979,0.2048082798719406,3.024241209030152,2.5868194103240967,0.0,0.0,0.0062566893175244,0.0055152042768895,777
base_model.model.model.layers.29.mlp.down_proj.lora_B.weight,"(2560, 16)",0.0066519368317989,0.4955810606479645,0.7052850723266602,0.4986001551151275,0.0,0.0,0.0027401847764849,0.0020124269649386,777
base_model.model.model.layers.29.mlp.gate_proj.lora_A.weight,"(16, 2560)",0.866613386396293,0.1244140639901161,2.644852638244629,2.4557223320007324,0.0,0.0,0.0109857097268104,0.0103627201169729,777
base_model.model.model.layers.29.mlp.gate_proj.lora_B.weight,"(9728, 16)",0.007461633484381,0.4974108338356018,2.071514368057251,1.0445343255996704,0.0,0.0,0.0040773339569568,0.002137632574886,777
base_model.model.model.layers.29.mlp.up_proj.lora_A.weight,"(16, 2560)",0.9068182333730958,0.1027343720197677,2.5290355682373047,2.410407066345215,0.0,0.0,0.0105989621952176,0.0102030364796519,777
base_model.model.model.layers.29.mlp.up_proj.lora_B.weight,"(9728, 16)",0.0077862014510935,0.4959010183811188,1.5979809761047363,0.9931178092956544,0.0,0.0,0.003128596348688,0.0020633519161492,777
base_model.model.model.layers.29.self_attn.k_proj.lora_A.weight,"(16, 2560)",0.9259581258679276,0.0919433608651161,2.427738904953003,2.387040853500366,0.0,0.0,0.0102242128923535,0.0101174358278512,777
base_model.model.model.layers.29.self_attn.k_proj.lora_B.weight,"(1024, 16)",0.0196283580056187,0.48822021484375,0.3789322972297668,0.3049564659595489,0.0,0.0,0.0022392296232283,0.0019302697619423,777
base_model.model.model.layers.29.self_attn.o_proj.lora_A.weight,"(16, 4096)",0.9088088609904011,0.1001739501953125,2.45732855796814,2.4221713542938232,0.0,0.0,0.0081717995926737,0.0080824261531233,777
base_model.model.model.layers.29.self_attn.o_proj.lora_B.weight,"(2560, 16)",-0.0045033784385178,0.500170886516571,0.4833379983901977,0.5039767622947693,0.0,0.0,0.0018926586490124,0.0020491040777415,777
base_model.model.model.layers.29.self_attn.q_proj.lora_A.weight,"(16, 2560)",0.9082918317554488,0.1032226532697677,2.48939061164856,2.400794267654419,0.0,0.0,0.0104497950524091,0.0101614221930503,777
base_model.model.model.layers.29.self_attn.q_proj.lora_B.weight,"(4096, 16)",0.0221217922230085,0.4873809814453125,0.7946605086326599,0.5952982306480408,0.0,0.0,0.0023222628515213,0.0019068579422309,777
base_model.model.model.layers.29.self_attn.v_proj.lora_A.weight,"(16, 2560)",0.936628844904837,0.0804199203848838,2.407459020614624,2.382344007492065,0.0,0.0,0.0101594598963856,0.0101075274869799,777
base_model.model.model.layers.29.self_attn.v_proj.lora_B.weight,"(1024, 16)",0.0269573113880666,0.48785400390625,0.3235531449317932,0.2975617945194244,0.0,0.0,0.0019795130938291,0.0019490354461595,777
base_model.model.model.layers.3.mlp.down_proj.lora_A.weight,"(16, 9728)",0.8459144071217455,0.131148487329483,2.512098789215088,2.5402276515960693,0.0,0.0,0.0053843893110752,0.0054277679882943,777
base_model.model.model.layers.3.mlp.down_proj.lora_B.weight,"(2560, 16)",0.0121034155235958,0.4970703125,0.4455320239067077,0.4942747056484222,0.0,0.0,0.0017415002221241,0.0019707463216036,777
base_model.model.model.layers.3.mlp.gate_proj.lora_A.weight,"(16, 2560)",0.9341910786015964,0.0848388671875,2.389364242553711,2.4109585285186768,0.0,0.0,0.0101115312427282,0.0101944180205464,777
base_model.model.model.layers.3.mlp.gate_proj.lora_B.weight,"(9728, 16)",0.0247863748118556,0.4677991271018982,1.0568718910217283,0.9966856241226196,0.0,0.0,0.0019093044102191,0.0019239705288782,777
base_model.model.model.layers.3.mlp.up_proj.lora_A.weight,"(16, 2560)",0.9454748615879736,0.0761962905526161,2.3788161277771,2.3956139087677,0.0,0.0,0.010105637833476,0.0101578906178474,777
base_model.model.model.layers.3.mlp.up_proj.lora_B.weight,"(9728, 16)",0.0206810206064209,0.4876965880393982,0.939302146434784,0.8730068206787109,0.0,0.0,0.0016974195605143,0.0017006958369165,777
base_model.model.model.layers.3.self_attn.k_proj.lora_A.weight,"(16, 2560)",0.9267683066036928,0.0894775390625,2.418708562850952,2.3902628421783447,0.0,0.0,0.0102021712809801,0.0101208183914422,777
base_model.model.model.layers.3.self_attn.k_proj.lora_B.weight,"(1024, 16)",0.0020702235127275,0.4970703125,0.3081060349941253,0.3081018328666687,0.0,0.0,0.0018608581740409,0.0019525076495483,777
base_model.model.model.layers.3.self_attn.o_proj.lora_A.weight,"(16, 4096)",0.9074521090804234,0.1034393310546875,2.4250853061676025,2.472529411315918,0.0,0.0,0.0080909775570034,0.0082264682278037,777
base_model.model.model.layers.3.self_attn.o_proj.lora_B.weight,"(2560, 16)",0.0018487869935821,0.499267578125,0.4742734730243683,0.509430468082428,0.0,0.0,0.0018420778214931,0.0020405899267643,777
base_model.model.model.layers.3.self_attn.q_proj.lora_A.weight,"(16, 2560)",0.9263369819301333,0.0927001982927322,2.4368841648101807,2.398503065109253,0.0,0.0,0.0102818412706255,0.0101662576198577,777
base_model.model.model.layers.3.self_attn.q_proj.lora_B.weight,"(4096, 16)",-0.001214174200794,0.501312255859375,0.6790260076522827,0.6125952005386353,0.0,0.0,0.0020361305214464,0.0019367677159607,777
base_model.model.model.layers.3.self_attn.v_proj.lora_A.weight,"(16, 2560)",0.9319230060158972,0.0857177749276161,2.4000377655029297,2.409684896469116,0.0,0.0,0.0101722404360771,0.01021986361593,777
base_model.model.model.layers.3.self_attn.v_proj.lora_B.weight,"(1024, 16)",0.0154316075199893,0.49456787109375,0.2716954052448272,0.3048377931118011,0.0,0.0,0.0016662531998008,0.0019339000573381,777
base_model.model.model.layers.30.mlp.down_proj.lora_A.weight,"(16, 9728)",0.6973423697837344,0.2077957987785339,3.0511748790740967,2.573542833328247,0.0,0.0,0.0063004759140312,0.0054900324903428,777
base_model.model.model.layers.30.mlp.down_proj.lora_B.weight,"(2560, 16)",0.0053574860294889,0.4993408322334289,0.6670867204666138,0.4895679354667663,0.0,0.0,0.002598613500595,0.001982978079468,777
base_model.model.model.layers.30.mlp.gate_proj.lora_A.weight,"(16, 2560)",0.8822093948169828,0.1167236343026161,2.622235059738159,2.457805633544922,0.0,0.0,0.0109364027157425,0.0103900237008929,777
base_model.model.model.layers.30.mlp.gate_proj.lora_B.weight,"(9728, 16)",0.0065963025848035,0.49755859375,2.0276079177856445,1.0231021642684937,0.0,0.0,0.0039960294961929,0.0020942953415215,777
base_model.model.model.layers.30.mlp.up_proj.lora_A.weight,"(16, 2560)",0.8982135629455882,0.1082519516348838,2.5541369915008545,2.438640832901001,0.0,0.0,0.0106907729059457,0.0103141032159328,777
base_model.model.model.layers.30.mlp.up_proj.lora_B.weight,"(9728, 16)",0.0068363099708783,0.4959267079830169,1.7849984169006348,1.0292232036590576,0.0,0.0,0.0034656319767236,0.002107301261276,777
base_model.model.model.layers.30.self_attn.k_proj.lora_A.weight,"(16, 2560)",0.9002085090432012,0.1061035171151161,2.51126766204834,2.399020195007324,0.0,0.0,0.0105111692100763,0.0101718436926603,777
base_model.model.model.layers.30.self_attn.k_proj.lora_B.weight,"(1024, 16)",0.0159970714836574,0.480224609375,0.3888381719589233,0.2978506088256836,0.0,0.0,0.0022937257308512,0.0019089778652414,777
base_model.model.model.layers.30.self_attn.o_proj.lora_A.weight,"(16, 4096)",0.8811450909088945,0.114715576171875,2.552299737930298,2.420419692993164,0.0,0.0,0.0084079150110483,0.0080701056867837,777
base_model.model.model.layers.30.self_attn.o_proj.lora_B.weight,"(2560, 16)",0.0016438919133248,0.4969238340854645,0.7340996265411377,0.5001571774482727,0.0,0.0,0.0028239134699106,0.0020393379963934,777
base_model.model.model.layers.30.self_attn.q_proj.lora_A.weight,"(16, 2560)",0.8940512880703934,0.1112792938947677,2.5121164321899414,2.4063913822174072,0.0,0.0,0.0105089647695422,0.0101728066802024,777
base_model.model.model.layers.30.self_attn.q_proj.lora_B.weight,"(4096, 16)",0.0104115041699071,0.496429443359375,0.908701479434967,0.6664544343948364,0.0,0.0,0.0026674345135688,0.002093753311783,777
base_model.model.model.layers.30.self_attn.v_proj.lora_A.weight,"(16, 2560)",0.9185422181832068,0.0932128876447677,2.4642465114593506,2.386470317840576,0.0,0.0,0.0103553654626011,0.0101387407630682,777
base_model.model.model.layers.30.self_attn.v_proj.lora_B.weight,"(1024, 16)",-0.0005774778910812,0.4991455078125,0.3036072552204132,0.2964509427547455,0.0,0.0,0.0018690353026613,0.0019376624841243,777
base_model.model.model.layers.31.mlp.down_proj.lora_A.weight,"(16, 9728)",0.6791511973633899,0.2158524394035339,3.146152973175049,2.5828094482421875,0.0,0.0,0.0064748339354991,0.0055067390203475,777
base_model.model.model.layers.31.mlp.down_proj.lora_B.weight,"(2560, 16)",0.0169457161081755,0.4950927793979645,0.6883106231689453,0.5071115493774414,0.0,0.0,0.0026744410861283,0.0020518912933766,777
base_model.model.model.layers.31.mlp.gate_proj.lora_A.weight,"(16, 2560)",0.8716908706022072,0.1248046904802322,2.6168689727783203,2.456752061843872,0.0,0.0,0.0108815198764204,0.0103522092103958,777
base_model.model.model.layers.31.mlp.gate_proj.lora_B.weight,"(9728, 16)",0.0067456316138914,0.4978348612785339,2.034729242324829,1.0255491733551023,0.0,0.0,0.003975436091423,0.0020975435618311,777
base_model.model.model.layers.31.mlp.up_proj.lora_A.weight,"(16, 2560)",0.903650326432112,0.1072998046875,2.542375564575196,2.4549057483673096,0.0,0.0,0.0106746759265661,0.0103780413046479,777
base_model.model.model.layers.31.mlp.up_proj.lora_B.weight,"(9728, 16)",0.0096571147569616,0.4945325255393982,1.6627843379974363,1.0282278060913086,0.0,0.0,0.0032162466086447,0.0021122631151229,777
base_model.model.model.layers.31.self_attn.k_proj.lora_A.weight,"(16, 2560)",0.903372933198638,0.1058349609375,2.4946255683898926,2.3831357955932617,0.0,0.0,0.0104418154805898,0.0101051200181245,777
base_model.model.model.layers.31.self_attn.k_proj.lora_B.weight,"(1024, 16)",0.0004021427803704,0.50469970703125,0.4101112484931946,0.3075440227985382,0.0,0.0,0.0023965630680322,0.0019629069138318,777
base_model.model.model.layers.31.self_attn.o_proj.lora_A.weight,"(16, 4096)",0.889809842822571,0.111083984375,2.5269594192504883,2.4253108501434326,0.0,0.0,0.0083503546193242,0.008094348013401,777
base_model.model.model.layers.31.self_attn.o_proj.lora_B.weight,"(2560, 16)",-0.0069653141822683,0.503173828125,0.69516921043396,0.4943380653858185,0.0,0.0,0.0026874847244471,0.0020118954125791,777
base_model.model.model.layers.31.self_attn.q_proj.lora_A.weight,"(16, 2560)",0.9036341875837756,0.1071289032697677,2.51409649848938,2.3883509635925293,0.0,0.0,0.0105225089937448,0.010116727091372,777
base_model.model.model.layers.31.self_attn.q_proj.lora_B.weight,"(4096, 16)",-0.0059202497103168,0.49609375,0.8119200468063354,0.6156560182571411,0.0,0.0,0.0023520975373685,0.0019651122856885,777
base_model.model.model.layers.31.self_attn.v_proj.lora_A.weight,"(16, 2560)",0.9116253511654828,0.100830078125,2.479621171951294,2.382522821426392,0.0,0.0,0.0103844115510582,0.0100795021280646,777
base_model.model.model.layers.31.self_attn.v_proj.lora_B.weight,"(1024, 16)",0.0383462987793522,0.47613525390625,0.3716572225093841,0.2951606214046478,0.0,0.0,0.0022469984833151,0.0019232174381613,777
base_model.model.model.layers.32.mlp.down_proj.lora_A.weight,"(16, 9728)",0.6831496806237971,0.2124601602554321,3.115773200988769,2.5746519565582275,0.0,0.0,0.006413924973458,0.0054930495098233,777
base_model.model.model.layers.32.mlp.down_proj.lora_B.weight,"(2560, 16)",0.00062653851115,0.4991210997104645,0.6557206511497498,0.5126038789749146,0.0,0.0,0.0025584413670003,0.0020694092381745,777
base_model.model.model.layers.32.mlp.gate_proj.lora_A.weight,"(16, 2560)",0.8867882114161826,0.1160400360822677,2.5708229541778564,2.465425968170166,0.0,0.0,0.0107407597824931,0.0103978887200355,777
base_model.model.model.layers.32.mlp.gate_proj.lora_B.weight,"(9728, 16)",0.0095351641065053,0.4946224689483642,1.8816336393356323,1.0664520263671875,0.0,0.0,0.003660089103505,0.0021825840231031,777
base_model.model.model.layers.32.mlp.up_proj.lora_A.weight,"(16, 2560)",0.8927281841391733,0.1105224639177322,2.564083814620972,2.4526052474975586,0.0,0.0,0.0107372356578707,0.0103785721585154,777
base_model.model.model.layers.32.mlp.up_proj.lora_B.weight,"(9728, 16)",0.0052747052497694,0.497847706079483,1.8206191062927248,1.057088851928711,0.0,0.0,0.0035190095659345,0.0021712363231927,777
base_model.model.model.layers.32.self_attn.k_proj.lora_A.weight,"(16, 2560)",0.8947019616544447,0.112548828125,2.533327102661133,2.3837480545043945,0.0,0.0,0.0105741182342171,0.0100978435948491,777
base_model.model.model.layers.32.self_attn.k_proj.lora_B.weight,"(1024, 16)",0.0196604833134446,0.49346923828125,0.4225405156612396,0.2985697090625763,0.0,0.0,0.0024515080731362,0.0019334772368893,777
base_model.model.model.layers.32.self_attn.o_proj.lora_A.weight,"(16, 4096)",0.8787926191057944,0.1156158447265625,2.5610296726226807,2.4399893283843994,0.0,0.0,0.0084337443113327,0.0081322435289621,777
base_model.model.model.layers.32.self_attn.o_proj.lora_B.weight,"(2560, 16)",0.0166243556283873,0.4956298768520355,0.7898347973823547,0.5262720584869385,0.0,0.0,0.0030315350741147,0.0021291696466505,777
base_model.model.model.layers.32.self_attn.q_proj.lora_A.weight,"(16, 2560)",0.8911254631412436,0.11181640625,2.557336568832397,2.375966787338257,0.0,0.0,0.0106756258755922,0.0101062413305044,777
base_model.model.model.layers.32.self_attn.q_proj.lora_B.weight,"(4096, 16)",0.0219508048611699,0.49249267578125,0.9112079739570618,0.6040936708450317,0.0,0.0,0.0026333448477089,0.001941614667885,777
base_model.model.model.layers.32.self_attn.v_proj.lora_A.weight,"(16, 2560)",0.8691668753335124,0.1241943389177322,2.606204032897949,2.40831995010376,0.0,0.0,0.0108095975592732,0.0102001642808318,777
base_model.model.model.layers.32.self_attn.v_proj.lora_B.weight,"(1024, 16)",0.0133052289321856,0.49200439453125,0.4447779059410095,0.3380523025989532,0.0,0.0,0.0026370622217655,0.0021771257743239,777
base_model.model.model.layers.33.mlp.down_proj.lora_A.weight,"(16, 9728)",0.7128895016828112,0.1941560506820678,2.9882519245147705,2.5600063800811768,0.0,0.0,0.0061688432469964,0.0054632234387099,777
base_model.model.model.layers.33.mlp.down_proj.lora_B.weight,"(2560, 16)",0.0095883497290087,0.496386706829071,0.6729122996330261,0.5013514161109924,0.0,0.0,0.0026295699644833,0.0020253618713468,777
base_model.model.model.layers.33.mlp.gate_proj.lora_A.weight,"(16, 2560)",0.8740997789415413,0.1199462860822677,2.62138032913208,2.4559473991394043,0.0,0.0,0.0109203048050403,0.0103625189512968,777
base_model.model.model.layers.33.mlp.gate_proj.lora_B.weight,"(9728, 16)",0.0159778363586525,0.4945710897445678,2.043045282363892,1.0830649137496948,0.0,0.0,0.0039394572377204,0.0022191822063177,777
base_model.model.model.layers.33.mlp.up_proj.lora_A.weight,"(16, 2560)",0.9020347674160072,0.1026367172598838,2.542422294616699,2.4606080055236816,0.0,0.0,0.0106855276972055,0.0104170953854918,777
base_model.model.model.layers.33.mlp.up_proj.lora_B.weight,"(9728, 16)",0.0071513090065411,0.4961322844028473,1.7568230628967283,1.1017990112304688,0.0,0.0,0.003351736580953,0.0022606633137911,777
base_model.model.model.layers.33.self_attn.k_proj.lora_A.weight,"(16, 2560)",0.8975277420369463,0.1101318374276161,2.520504951477051,2.3866426944732666,0.0,0.0,0.0105430018156766,0.0101236943155527,777
base_model.model.model.layers.33.self_attn.k_proj.lora_B.weight,"(1024, 16)",0.0023957243974957,0.501953125,0.3487577736377716,0.3059081435203552,0.0,0.0,0.0020062844268977,0.001980600412935,777
base_model.model.model.layers.33.self_attn.o_proj.lora_A.weight,"(16, 4096)",0.8789267887265588,0.1121673583984375,2.5615572929382324,2.4154036045074463,0.0,0.0,0.0084293577820062,0.0080654062330722,777
base_model.model.model.layers.33.self_attn.o_proj.lora_B.weight,"(2560, 16)",0.0134397224822297,0.493945300579071,0.9026315212249756,0.5000755190849304,0.0,0.0,0.003471849951893,0.0020349014084786,777
base_model.model.model.layers.33.self_attn.q_proj.lora_A.weight,"(16, 2560)",0.8909505601544391,0.1153564453125,2.5262932777404785,2.3782310485839844,0.0,0.0,0.0105255749076604,0.0100706722587347,777
base_model.model.model.layers.33.self_attn.q_proj.lora_B.weight,"(4096, 16)",0.0145971808771873,0.48931884765625,0.8275042772293091,0.5991920232772827,0.0,0.0,0.002360506216064,0.0019191559404134,777
base_model.model.model.layers.33.self_attn.v_proj.lora_A.weight,"(16, 2560)",0.8466566239471265,0.1364990174770355,2.682922124862671,2.378655195236206,0.0,0.0,0.0110485721379518,0.0100893918424844,777
base_model.model.model.layers.33.self_attn.v_proj.lora_B.weight,"(1024, 16)",0.0214548977330342,0.48834228515625,0.4155591428279876,0.3295768201351166,0.0,0.0,0.0024249758571386,0.0021195732988417,777
base_model.model.model.layers.34.mlp.down_proj.lora_A.weight,"(16, 9728)",0.6747100312292271,0.2046219706535339,3.1383256912231445,2.567328691482544,0.0,0.0,0.006404438521713,0.005474098958075,777
base_model.model.model.layers.34.mlp.down_proj.lora_B.weight,"(2560, 16)",0.0263658389873203,0.4881835877895355,0.7315508127212524,0.5211518406867981,0.0,0.0,0.0027883448638021,0.0020856694318354,777
base_model.model.model.layers.34.mlp.gate_proj.lora_A.weight,"(16, 2560)",0.862558466200862,0.1278808563947677,2.658735990524292,2.444176197052002,0.0,0.0,0.0110230324789881,0.0103091653436422,777
base_model.model.model.layers.34.mlp.gate_proj.lora_B.weight,"(9728, 16)",0.006955617273848,0.4955155253410339,1.9283459186553955,1.1063631772994995,0.0,0.0,0.0036371157038956,0.0022640719544142,777
base_model.model.model.layers.34.mlp.up_proj.lora_A.weight,"(16, 2560)",0.8651757629665762,0.1257812529802322,2.6196086406707764,2.4360597133636475,0.0,0.0,0.0108419712632894,0.0102777183055877,777
base_model.model.model.layers.34.mlp.up_proj.lora_B.weight,"(9728, 16)",0.0111853204358281,0.4929392039775848,1.6184347867965698,1.0957677364349363,0.0,0.0,0.0029844944365322,0.0022528658155351,777
base_model.model.model.layers.34.self_attn.k_proj.lora_A.weight,"(16, 2560)",0.8934566063799929,0.1118652373552322,2.518646717071533,2.388537883758545,0.0,0.0,0.0105107752606272,0.010107222944498,777
base_model.model.model.layers.34.self_attn.k_proj.lora_B.weight,"(1024, 16)",0.0175882551708331,0.49713134765625,0.414701759815216,0.3180984556674957,0.0,0.0,0.0024291288573294,0.0020508398301899,777
base_model.model.model.layers.34.self_attn.o_proj.lora_A.weight,"(16, 4096)",0.8747919483714232,0.117889404296875,2.602674722671509,2.398756504058838,0.0,0.0,0.008527310565114,0.0080294404178857,777
base_model.model.model.layers.34.self_attn.o_proj.lora_B.weight,"(2560, 16)",0.0248595119885752,0.4889648556709289,0.6537946462631226,0.4932778775691986,0.0,0.0,0.0025555053725838,0.0020029142033308,777
base_model.model.model.layers.34.self_attn.q_proj.lora_A.weight,"(16, 2560)",0.9245304004984396,0.0928222686052322,2.4490952491760254,2.3596432209014893,0.0,0.0,0.0103044640272855,0.010012256912887,777
base_model.model.model.layers.34.self_attn.q_proj.lora_B.weight,"(4096, 16)",0.0087556749038143,0.4932403564453125,0.9761556386947632,0.6207271218299866,0.0,0.0,0.0028539632912725,0.0019901695195585,777
base_model.model.model.layers.34.self_attn.v_proj.lora_A.weight,"(16, 2560)",0.9018775962883084,0.1024902313947677,2.509530544281006,2.3910140991210938,0.0,0.0,0.0104929525405168,0.01013651676476,777
base_model.model.model.layers.34.self_attn.v_proj.lora_B.weight,"(1024, 16)",0.0249910306221225,0.48046875,0.399349182844162,0.3331209421157837,0.0,0.0,0.0024164970964193,0.002144782571122,777
base_model.model.model.layers.35.mlp.down_proj.lora_A.weight,"(16, 9728)",0.5388032325537485,0.1723375767469406,3.890392303466797,2.699155807495117,0.0,0.0,0.0059941695071756,0.005520855076611,777
base_model.model.model.layers.35.mlp.down_proj.lora_B.weight,"(2560, 16)",0.1146639296401032,0.458300769329071,0.4010204076766968,0.4719319641590118,0.0,0.0,0.0016332285013049,0.0018935013795271,777
base_model.model.model.layers.35.mlp.gate_proj.lora_A.weight,"(16, 2560)",0.8748471171353018,0.1209960952401161,2.6092214584350586,2.4291300773620605,0.0,0.0,0.0108187217265367,0.0102646425366401,777
base_model.model.model.layers.35.mlp.gate_proj.lora_B.weight,"(9728, 16)",0.0337723103397747,0.4814260303974151,1.696294188499451,1.1011571884155271,0.0,0.0,0.0030533322133123,0.0022346703335642,777
base_model.model.model.layers.35.mlp.up_proj.lora_A.weight,"(16, 2560)",0.904738899796973,0.1037841811776161,2.513567924499512,2.40202260017395,0.0,0.0,0.0105004915967583,0.0101623041555285,777
base_model.model.model.layers.35.mlp.up_proj.lora_B.weight,"(9728, 16)",0.0601600910947469,0.4759778380393982,1.5795156955718994,1.2207293510437012,0.0,0.0,0.0023715875577181,0.0021844496950507,777
base_model.model.model.layers.35.self_attn.k_proj.lora_A.weight,"(16, 2560)",0.8785887814360887,0.1191894561052322,2.5869359970092773,2.399851560592652,0.0,0.0,0.0107576176524162,0.0101861450821161,777
base_model.model.model.layers.35.self_attn.k_proj.lora_B.weight,"(1024, 16)",0.0301711685877738,0.49249267578125,0.5445335507392883,0.340372085571289,0.0,0.0,0.0033070023637264,0.0021925247274339,777
base_model.model.model.layers.35.self_attn.o_proj.lora_A.weight,"(16, 4096)",0.8293212666277442,0.1430816650390625,2.724179983139038,2.4185447692871094,0.0,0.0,0.0088357143104076,0.0080750621855258,777
base_model.model.model.layers.35.self_attn.o_proj.lora_B.weight,"(2560, 16)",0.0082497681552683,0.4975830018520355,0.7309169769287109,0.5175331830978394,0.0,0.0,0.0028218091465532,0.0021046288311481,777
base_model.model.model.layers.35.self_attn.q_proj.lora_A.weight,"(16, 2560)",0.9071769231751138,0.1051269546151161,2.505057573318481,2.385935544967652,0.0,0.0,0.0104737086221575,0.0101036699488759,777
base_model.model.model.layers.35.self_attn.q_proj.lora_B.weight,"(4096, 16)",0.0067975682534612,0.4915618896484375,0.9850462675094604,0.6536023020744324,0.0,0.0,0.0029263184405863,0.0021176054142415,777
base_model.model.model.layers.35.self_attn.v_proj.lora_A.weight,"(16, 2560)",0.8277958816507885,0.1432617157697677,2.7402379512786865,2.371421813964844,0.0,0.0,0.0111930295825004,0.010052079334855,777
base_model.model.model.layers.35.self_attn.v_proj.lora_B.weight,"(1024, 16)",0.0088679133899557,0.495361328125,0.4817950129508972,0.3332429826259613,0.0,0.0,0.0028573032468557,0.0021445639431476,777
base_model.model.model.layers.4.mlp.down_proj.lora_A.weight,"(16, 9728)",0.8268680584440552,0.1477693319320678,2.52632737159729,2.593808174133301,0.0,0.0,0.005408588796854,0.0055179432965815,777
base_model.model.model.layers.4.mlp.down_proj.lora_B.weight,"(2560, 16)",0.0041996752168781,0.497973620891571,0.4553383290767669,0.4951716363430023,0.0,0.0,0.0017891119932755,0.0019752313382923,777
base_model.model.model.layers.4.mlp.gate_proj.lora_A.weight,"(16, 2560)",0.9155452805625424,0.0970458984375,2.4069488048553467,2.4784634113311768,0.0,0.0,0.0101831080392003,0.0104288607835769,777
base_model.model.model.layers.4.mlp.gate_proj.lora_B.weight,"(9728, 16)",-0.0009110431949317,0.4975907206535339,1.0005855560302734,1.0272507667541504,0.0,0.0,0.0019523811060935,0.0020826552063226,777
base_model.model.model.layers.4.mlp.up_proj.lora_A.weight,"(16, 2560)",0.9478151228591152,0.0729003921151161,2.368452787399292,2.396229982376098,0.0,0.0,0.0100558726117014,0.0101556405425071,777
base_model.model.model.layers.4.mlp.up_proj.lora_B.weight,"(9728, 16)",0.0183057937846844,0.4927721619606018,0.7814939022064209,0.8803715705871582,0.0,0.0,0.001545543782413,0.0018075495027005,777
base_model.model.model.layers.4.self_attn.k_proj.lora_A.weight,"(16, 2560)",0.9132478091630168,0.0987304672598838,2.43243145942688,2.417914390563965,0.0,0.0,0.0102622639387846,0.0102177169173955,777
base_model.model.model.layers.4.self_attn.k_proj.lora_B.weight,"(1024, 16)",0.0053533142203175,0.50152587890625,0.369078665971756,0.3332076370716095,0.0,0.0,0.0022059313487261,0.0020875390619039,777
base_model.model.model.layers.4.self_attn.o_proj.lora_A.weight,"(16, 4096)",0.903493083887528,0.10546875,2.42070746421814,2.463993549346924,0.0,0.0,0.0080743385478854,0.0081777535378932,777
base_model.model.model.layers.4.self_attn.o_proj.lora_B.weight,"(2560, 16)",0.0093573479746806,0.4968017637729645,0.4694508016109466,0.516490638256073,0.0,0.0,0.001816977164708,0.00206985254772,777
base_model.model.model.layers.4.self_attn.q_proj.lora_A.weight,"(16, 2560)",0.9253613126184956,0.0933593735098838,2.435401678085327,2.39732313156128,0.0,0.0,0.0102616576477885,0.0101545136421918,777
base_model.model.model.layers.4.self_attn.q_proj.lora_B.weight,"(4096, 16)",-0.0137379960352363,0.50335693359375,0.7377407550811768,0.6131398677825928,0.0,0.0,0.0022034370340406,0.001931918086484,777
base_model.model.model.layers.4.self_attn.v_proj.lora_A.weight,"(16, 2560)",0.932415511903582,0.0880859345197677,2.3856804370880127,2.4362599849700928,0.0,0.0,0.0101275127381086,0.010294571518898,777
base_model.model.model.layers.4.self_attn.v_proj.lora_B.weight,"(1024, 16)",0.0324978118403013,0.4873046875,0.2797217667102813,0.3354323506355285,0.0,0.0,0.0017017167992889,0.0021105408668518,777
base_model.model.model.layers.5.mlp.down_proj.lora_A.weight,"(16, 9728)",0.8144775570206194,0.1559030562639236,2.541043281555176,2.612640142440796,0.0,0.0,0.0054293409921228,0.0055507845245301,777
base_model.model.model.layers.5.mlp.down_proj.lora_B.weight,"(2560, 16)",-0.0027762758209991,0.501049816608429,0.4598853290081024,0.48975870013237,0.0,0.0,0.0017879726365208,0.0019633888732641,777
base_model.model.model.layers.5.mlp.gate_proj.lora_A.weight,"(16, 2560)",0.943644695384704,0.0803955048322677,2.3686883449554443,2.436457633972168,0.0,0.0,0.0100795831531286,0.0102913407608866,777
base_model.model.model.layers.5.mlp.gate_proj.lora_B.weight,"(9728, 16)",0.006761887184777,0.4973208904266357,0.9331119656562804,0.9742018580436708,0.0,0.0,0.0018383491551503,0.0019827161449939,777
base_model.model.model.layers.5.mlp.up_proj.lora_A.weight,"(16, 2560)",0.9439415088168742,0.0811767578125,2.3775389194488525,2.408745765686035,0.0,0.0,0.0100694540888071,0.0101699279621243,777
base_model.model.model.layers.5.mlp.up_proj.lora_B.weight,"(9728, 16)",0.0161509247897628,0.4928492605686188,0.8317657113075256,0.9209134578704834,0.0,0.0,0.0016428242670372,0.0018991985125467,777
base_model.model.model.layers.5.self_attn.k_proj.lora_A.weight,"(16, 2560)",0.9361989729679312,0.0840332061052322,2.387951612472534,2.3763086795806885,0.0,0.0,0.010096906684339,0.0100723505020141,777
base_model.model.model.layers.5.self_attn.k_proj.lora_B.weight,"(1024, 16)",-0.007486059549816,0.50445556640625,0.2749238014221191,0.300660490989685,0.0,0.0,0.0016609092708677,0.0019112874288111,777
base_model.model.model.layers.5.self_attn.o_proj.lora_A.weight,"(16, 4096)",0.909666754480822,0.1025238037109375,2.42141056060791,2.4615440368652344,0.0,0.0,0.0080744829028844,0.0081836124882102,777
base_model.model.model.layers.5.self_attn.o_proj.lora_B.weight,"(2560, 16)",0.0028922503913021,0.4983886778354645,0.4682660400867462,0.5045096278190613,0.0,0.0,0.0018173739081248,0.0020201192237436,777
base_model.model.model.layers.5.self_attn.q_proj.lora_A.weight,"(16, 2560)",0.9343329714560196,0.0885498076677322,2.412504196166992,2.3870153427124023,0.0,0.0,0.0101866479963064,0.0101145710796117,777
base_model.model.model.layers.5.self_attn.q_proj.lora_B.weight,"(4096, 16)",0.0026427132442273,0.498748779296875,0.5769653916358948,0.5939473509788513,0.0,0.0,0.0017473351908847,0.0018722913227975,777
base_model.model.model.layers.5.self_attn.v_proj.lora_A.weight,"(16, 2560)",0.9373951645986216,0.0828857421875,2.408892869949341,2.389498710632324,0.0,0.0,0.0101757990196347,0.0101312343031167,777
base_model.model.model.layers.5.self_attn.v_proj.lora_B.weight,"(1024, 16)",0.0399722213212339,0.47735595703125,0.2820143699645996,0.3062563240528106,0.0,0.0,0.0017142328433692,0.0019425716018304,777
base_model.model.model.layers.6.mlp.down_proj.lora_A.weight,"(16, 9728)",0.0561436652027355,0.194380909204483,12.254615783691406,5.746597766876221,0.0,0.0,0.0112150125205516,0.007797313388437,777
base_model.model.model.layers.6.mlp.down_proj.lora_B.weight,"(2560, 16)",0.0560744419748681,0.474047839641571,0.5327426195144653,0.4430768489837646,0.0,0.0,0.0020621481817215,0.0018142245244234,777
base_model.model.model.layers.6.mlp.gate_proj.lora_A.weight,"(16, 2560)",0.9469330155298268,0.0770996063947677,2.3760459423065186,2.403480291366577,0.0,0.0,0.0100981537252664,0.0101804360747337,777
base_model.model.model.layers.6.mlp.gate_proj.lora_B.weight,"(9728, 16)",0.0073655967778766,0.4976549744606018,0.977009415626526,0.9243889451026917,0.0,0.0,0.0019185477867722,0.0018945336341857,777
base_model.model.model.layers.6.mlp.up_proj.lora_A.weight,"(16, 2560)",0.9501382934558168,0.0733642578125,2.3736071586608887,2.3928701877593994,0.0,0.0,0.0100783519446849,0.0101379184052348,777
base_model.model.model.layers.6.mlp.up_proj.lora_B.weight,"(9728, 16)",0.027078594882957,0.4897717833518982,0.8329004645347595,0.8733686804771423,0.0,0.0,0.0016608763253316,0.0018133848207071,777
base_model.model.model.layers.6.self_attn.k_proj.lora_A.weight,"(16, 2560)",0.9157902355885276,0.0978759750723838,2.4557929039001465,2.398235559463501,0.0,0.0,0.0103225633502006,0.0101602552458643,777
base_model.model.model.layers.6.self_attn.k_proj.lora_B.weight,"(1024, 16)",-0.0014926212641184,0.4969482421875,0.3338085114955902,0.3118323981761932,0.0,0.0,0.0020220153965055,0.0019820197485387,777
base_model.model.model.layers.6.self_attn.o_proj.lora_A.weight,"(16, 4096)",0.9199963340140668,0.0970306396484375,2.424545288085937,2.4291560649871826,0.0,0.0,0.0080825332552194,0.0081091402098536,777
base_model.model.model.layers.6.self_attn.o_proj.lora_B.weight,"(2560, 16)",0.0340041657521618,0.4869384765625,0.4533669054508209,0.4679754674434662,0.0,0.0,0.0017600655555725,0.0018792813643813,777
base_model.model.model.layers.6.self_attn.q_proj.lora_A.weight,"(16, 2560)",0.9372181357288356,0.0830078125,2.403263807296753,2.401144504547119,0.0,0.0,0.0101788667961955,0.0101709105074405,777
base_model.model.model.layers.6.self_attn.q_proj.lora_B.weight,"(4096, 16)",0.0182641686228867,0.4873199462890625,0.6188121438026428,0.610350489616394,0.0,0.0,0.0018644547089934,0.0019301723223179,777
base_model.model.model.layers.6.self_attn.v_proj.lora_A.weight,"(16, 2560)",0.9349712409777016,0.0852539092302322,2.411482572555542,2.388693332672119,0.0,0.0,0.0101853981614112,0.0101304072886705,777
base_model.model.model.layers.6.self_attn.v_proj.lora_B.weight,"(1024, 16)",0.0244385390954249,0.48876953125,0.2881118655204773,0.2870970964431762,0.0,0.0,0.0017590407514944,0.001836527371779,777
base_model.model.model.layers.7.mlp.down_proj.lora_A.weight,"(16, 9728)",0.7943900951294905,0.1663432866334915,2.605562686920166,2.607537031173706,0.0,0.0,0.0055346894077956,0.0055423690937459,777
base_model.model.model.layers.7.mlp.down_proj.lora_B.weight,"(2560, 16)",0.0057913496943896,0.4966064393520355,0.4965342581272125,0.482874184846878,0.0,0.0,0.0019312880467623,0.0019536893814802,777
base_model.model.model.layers.7.mlp.gate_proj.lora_A.weight,"(16, 2560)",0.9409628263265774,0.0792968720197677,2.3908910751342773,2.411531448364258,0.0,0.0,0.0101367030292749,0.0102034080773592,777
base_model.model.model.layers.7.mlp.gate_proj.lora_B.weight,"(9728, 16)",0.0030314509392159,0.4965563416481018,1.030301570892334,0.913787305355072,0.0,0.0,0.0020098555833101,0.0018790267640724,777
base_model.model.model.layers.7.mlp.up_proj.lora_A.weight,"(16, 2560)",0.9417255972600548,0.0785888656973838,2.388998031616211,2.391833543777466,0.0,0.0,0.0101137068122625,0.0101290503516793,777
base_model.model.model.layers.7.mlp.up_proj.lora_B.weight,"(9728, 16)",0.0098042713383495,0.496016651391983,0.933115541934967,0.8793349266052246,0.0,0.0,0.0018456552643328,0.0018266772385686,777
base_model.model.model.layers.7.self_attn.k_proj.lora_A.weight,"(16, 2560)",0.9183130393434726,0.0970703139901161,2.446997880935669,2.3859293460845947,0.0,0.0,0.0102908983826637,0.0101020438596606,777
base_model.model.model.layers.7.self_attn.k_proj.lora_B.weight,"(1024, 16)",0.0522716659810135,0.48150634765625,0.2959748804569244,0.3000751435756683,0.0,0.0,0.0017822096124291,0.0019063431536778,777
base_model.model.model.layers.7.self_attn.o_proj.lora_A.weight,"(16, 4096)",0.9101191894510192,0.1006011962890625,2.4395196437835693,2.4338841438293457,0.0,0.0,0.0081144645810127,0.0081144105643033,777
base_model.model.model.layers.7.self_attn.o_proj.lora_B.weight,"(2560, 16)",0.0018216023894628,0.4985595643520355,0.4913984835147857,0.4876761734485626,0.0,0.0,0.0019093680894002,0.0019570863805711,777
base_model.model.model.layers.7.self_attn.q_proj.lora_A.weight,"(16, 2560)",0.920317600112066,0.0958251953125,2.4442524909973145,2.3869903087615967,0.0,0.0,0.0102860201150178,0.0101063475012779,777
base_model.model.model.layers.7.self_attn.q_proj.lora_B.weight,"(4096, 16)",0.0226115086949577,0.4900665283203125,0.6617760062217712,0.5898504853248596,0.0,0.0,0.0019404439954087,0.0018621569033712,777
base_model.model.model.layers.7.self_attn.v_proj.lora_A.weight,"(16, 2560)",0.9318860261283471,0.0892089828848838,2.420251607894897,2.3831913471221924,0.0,0.0,0.0102264713495969,0.0101068951189517,777
base_model.model.model.layers.7.self_attn.v_proj.lora_B.weight,"(1024, 16)",0.01581261736245,0.4947509765625,0.3014971911907196,0.2935876548290252,0.0,0.0,0.0018397006206214,0.001877213595435,777
base_model.model.model.layers.8.mlp.down_proj.lora_A.weight,"(16, 9728)",0.8191609089786821,0.1525043696165084,2.5409154891967773,2.607077121734619,0.0,0.0,0.005433096550405,0.0055459816940128,777
base_model.model.model.layers.8.mlp.down_proj.lora_B.weight,"(2560, 16)",0.0086801038463166,0.493823230266571,0.4117080867290497,0.4804758727550506,0.0,0.0,0.0015999488532543,0.0019385281484574,777
base_model.model.model.layers.8.mlp.gate_proj.lora_A.weight,"(16, 2560)",0.94775781552807,0.0779540985822677,2.3821451663970947,2.403545618057251,0.0,0.0,0.0101027777418494,0.0101792030036449,777
base_model.model.model.layers.8.mlp.gate_proj.lora_B.weight,"(9728, 16)",0.00593515595959,0.4970317780971527,1.0145559310913086,0.926779806613922,0.0,0.0,0.0019661977421492,0.0019086966058239,777
base_model.model.model.layers.8.mlp.up_proj.lora_A.weight,"(16, 2560)",0.9556922297437572,0.0688720718026161,2.3647985458374023,2.398986339569092,0.0,0.0,0.0100426347926259,0.0101536465808749,777
base_model.model.model.layers.8.mlp.up_proj.lora_B.weight,"(9728, 16)",0.0037858218858536,0.4970253407955169,0.8154531717300415,0.9117224812507628,0.0,0.0,0.0016199987148866,0.0018892185762524,777
base_model.model.model.layers.8.self_attn.k_proj.lora_A.weight,"(16, 2560)",0.926036811598833,0.0912109389901161,2.447867155075073,2.4023706912994385,0.0,0.0,0.0103351976722478,0.0101982383057475,777
base_model.model.model.layers.8.self_attn.k_proj.lora_B.weight,"(1024, 16)",0.0271327480295686,0.4906005859375,0.2985135316848755,0.2942609786987304,0.0,0.0,0.0017944920109584,0.001877372036688,777
base_model.model.model.layers.8.self_attn.o_proj.lora_A.weight,"(16, 4096)",0.926972255522012,0.0904541015625,2.396761894226074,2.425493001937866,0.0,0.0,0.0080123618245124,0.0080928169190883,777
base_model.model.model.layers.8.self_attn.o_proj.lora_B.weight,"(2560, 16)",0.0106881702798762,0.4943603575229645,0.389067679643631,0.4694713652133941,0.0,0.0,0.0015127531951293,0.0018865000456571,777
base_model.model.model.layers.8.self_attn.q_proj.lora_A.weight,"(16, 2560)",0.9331719744500648,0.0875732451677322,2.4063832759857178,2.376502513885498,0.0,0.0,0.0101596796885132,0.0100688161328434,777
base_model.model.model.layers.8.self_attn.q_proj.lora_B.weight,"(4096, 16)",0.0178140461244469,0.48992919921875,0.5805023908615112,0.5742261409759521,0.0,0.0,0.0017234431579709,0.0018351054750382,777
base_model.model.model.layers.8.self_attn.v_proj.lora_A.weight,"(16, 2560)",0.9380307658477618,0.0821044892072677,2.402841806411743,2.3788881301879883,0.0,0.0,0.0101581243798136,0.0101005118340253,777
base_model.model.model.layers.8.self_attn.v_proj.lora_B.weight,"(1024, 16)",0.0545827940718806,0.46856689453125,0.258827805519104,0.2757307291030884,0.0,0.0,0.0015981746837496,0.0017786981770768,777
base_model.model.model.layers.9.mlp.down_proj.lora_A.weight,"(16, 9728)",0.8219992893674044,0.1512836664915084,2.5379323959350586,2.5926077365875244,0.0,0.0,0.0054244268685579,0.0055176564492285,777
base_model.model.model.layers.9.mlp.down_proj.lora_B.weight,"(2560, 16)",0.0099429896718273,0.4939697384834289,0.4433319270610809,0.4691246747970581,0.0,0.0,0.0017353743314743,0.0018919908907264,777
base_model.model.model.layers.9.mlp.gate_proj.lora_A.weight,"(16, 2560)",0.9482972054504716,0.0763427764177322,2.3902342319488525,2.4110100269317627,0.0,0.0,0.0101523539051413,0.0102145988494157,777
base_model.model.model.layers.9.mlp.gate_proj.lora_B.weight,"(9728, 16)",0.0037101010700529,0.4954898357391357,1.011084794998169,0.934142768383026,0.0,0.0,0.0019585811533033,0.0019202899420633,777
base_model.model.model.layers.9.mlp.up_proj.lora_A.weight,"(16, 2560)",0.9504107874532984,0.0741210952401161,2.377375602722168,2.399648904800415,0.0,0.0,0.0101076867431402,0.010179997421801,777
base_model.model.model.layers.9.mlp.up_proj.lora_B.weight,"(9728, 16)",0.0116216355437715,0.494140625,0.8353359699249268,0.8905937671661377,0.0,0.0,0.0016657990636304,0.0018443443113937,777
base_model.model.model.layers.9.self_attn.k_proj.lora_A.weight,"(16, 2560)",0.937100558883303,0.0846679657697677,2.4123876094818115,2.365364789962769,0.0,0.0,0.010177930817008,0.0100405635312199,777
base_model.model.model.layers.9.self_attn.k_proj.lora_B.weight,"(1024, 16)",0.0024157190493838,0.49884033203125,0.2843415141105652,0.2795589566230774,0.0,0.0,0.0016503337537869,0.0017709897365421,777
base_model.model.model.layers.9.self_attn.o_proj.lora_A.weight,"(16, 4096)",0.9241475144891064,0.0927734375,2.3929691314697266,2.4265799522399902,0.0,0.0,0.0080018118023872,0.0080962730571627,777
base_model.model.model.layers.9.self_attn.o_proj.lora_B.weight,"(2560, 16)",0.0064962799097101,0.498046875,0.3640632927417755,0.4644165337085724,0.0,0.0,0.0014175499090924,0.0018765447894111,777
base_model.model.model.layers.9.self_attn.q_proj.lora_A.weight,"(16, 2560)",0.9424531769003708,0.0778564438223838,2.3985536098480225,2.3866119384765625,0.0,0.0,0.0101795895025134,0.010140337049961,777
base_model.model.model.layers.9.self_attn.q_proj.lora_B.weight,"(4096, 16)",0.000175066627344,0.4976348876953125,0.6031798720359802,0.5645229816436768,0.0,0.0,0.0017502638511359,0.0017752497224137,777
base_model.model.model.layers.9.self_attn.v_proj.lora_A.weight,"(16, 2560)",0.9336487407038802,0.0864013656973838,2.38249135017395,2.405965805053711,0.0,0.0,0.0100925210863351,0.0101726306602358,777
base_model.model.model.layers.9.self_attn.v_proj.lora_B.weight,"(1024, 16)",0.0231265975063549,0.48846435546875,0.2294729650020599,0.2982085645198822,0.0,0.0,0.0014089208561927,0.0019253171049058,777
