key,shape,cosine,conflict_frac,a_l2,b_l2,a_zero_frac,b_zero_frac,a_abs_mean,b_abs_mean,seed
base_model.model.model.layers.0.mlp.down_proj.lora_A.weight,"(16, 9728)",0.7464408134999132,0.18816816806793213,2.5347588062286377,2.9114818572998047,0.0,0.0,0.005422052461653948,0.006079401820898056,42
base_model.model.model.layers.0.mlp.down_proj.lora_B.weight,"(2560, 16)",-0.003986520184828019,0.5008789300918579,0.41432300209999084,0.6175988912582397,0.0,0.0,0.0016343332827091217,0.0023997563403099775,42
base_model.model.model.layers.0.mlp.gate_proj.lora_A.weight,"(16, 2560)",0.9148729342404245,0.09521484375,2.3451688289642334,2.661834955215454,0.0,0.0,0.009981043636798859,0.011086736805737019,42
base_model.model.model.layers.0.mlp.gate_proj.lora_B.weight,"(9728, 16)",8.004196503654193e-05,0.4994731843471527,0.7524095773696899,1.3195098638534546,0.0,0.0,0.001511546317487955,0.0025953883305191994,42
base_model.model.model.layers.0.mlp.up_proj.lora_A.weight,"(16, 2560)",0.9382022107974248,0.07888183742761612,2.3570830821990967,2.591960906982422,0.0,0.0,0.010045227594673634,0.01090254820883274,42
base_model.model.model.layers.0.mlp.up_proj.lora_B.weight,"(9728, 16)",0.00465177319525586,0.4990362823009491,0.7585815787315369,1.2690554857254028,0.0,0.0,0.0015209268312901258,0.002490558195859194,42
base_model.model.model.layers.0.self_attn.k_proj.lora_A.weight,"(16, 2560)",0.915829856720656,0.09858398139476776,2.42850661277771,2.450082540512085,0.0,0.0,0.010259771719574928,0.010351487435400486,42
base_model.model.model.layers.0.self_attn.k_proj.lora_B.weight,"(1024, 16)",-0.010727549756201127,0.50628662109375,0.3622229993343353,0.36795809864997864,0.0,0.0,0.0022076130844652653,0.0022262493148446083,42
base_model.model.model.layers.0.self_attn.o_proj.lora_A.weight,"(16, 4096)",0.9141960861471818,0.0957183837890625,2.3919405937194824,2.4681713581085205,0.0,0.0,0.00800757110118866,0.008214954286813736,42
base_model.model.model.layers.0.self_attn.o_proj.lora_B.weight,"(2560, 16)",0.005541091869345311,0.4971679747104645,0.409332811832428,0.5386192202568054,0.0,0.0,0.0016147404676303267,0.0020708884112536907,42
base_model.model.model.layers.0.self_attn.q_proj.lora_A.weight,"(16, 2560)",0.9394377547982344,0.0794677734375,2.388511896133423,2.4427490234375,0.0,0.0,0.010156163945794106,0.010346656665205956,42
base_model.model.model.layers.0.self_attn.q_proj.lora_B.weight,"(4096, 16)",0.002766233524196653,0.502410888671875,0.6633296608924866,0.7660084366798401,0.0,0.0,0.0019614649936556816,0.00230451044626534,42
base_model.model.model.layers.0.self_attn.v_proj.lora_A.weight,"(16, 2560)",0.924315651109001,0.0902099609375,2.3938026428222656,2.461799144744873,0.0,0.0,0.010155022144317627,0.010384131222963333,42
base_model.model.model.layers.0.self_attn.v_proj.lora_B.weight,"(1024, 16)",0.00163555492336328,0.49261474609375,0.2835318446159363,0.35670047998428345,0.0,0.0,0.001775293960236013,0.002145268488675356,42
base_model.model.model.layers.1.mlp.down_proj.lora_A.weight,"(16, 9728)",0.47009273600934853,0.1296129673719406,2.952458143234253,3.9958655834198,0.0,0.0,0.005516705568879843,0.0062268697656691074,42
base_model.model.model.layers.1.mlp.down_proj.lora_B.weight,"(2560, 16)",0.020277907981080277,0.4952148497104645,0.3658483028411865,0.5601248741149902,0.0,0.0,0.0014512889320030808,0.002072900766506791,42
base_model.model.model.layers.1.mlp.gate_proj.lora_A.weight,"(16, 2560)",0.8995948909228486,0.10812988132238388,2.412137269973755,2.560786485671997,0.0,0.0,0.010213060304522514,0.010688325390219688,42
base_model.model.model.layers.1.mlp.gate_proj.lora_B.weight,"(9728, 16)",0.09468420744036564,0.41742265224456787,1.108922004699707,1.4649181365966797,0.0,0.0,0.001739639788866043,0.002176925539970398,42
base_model.model.model.layers.1.mlp.up_proj.lora_A.weight,"(16, 2560)",0.9247697705492347,0.09196777641773224,2.3748388290405273,2.4844233989715576,0.0,0.0,0.010076809674501419,0.01045846939086914,42
base_model.model.model.layers.1.mlp.up_proj.lora_B.weight,"(9728, 16)",0.15006631181127797,0.3707982003688812,1.037185549736023,1.0731455087661743,0.0,0.0,0.0016897646710276604,0.0020493764895945787,42
base_model.model.model.layers.1.self_attn.k_proj.lora_A.weight,"(16, 2560)",0.9214000497709954,0.09519042819738388,2.4411890506744385,2.391634464263916,0.0,0.0,0.010276762768626213,0.010136144235730171,42
base_model.model.model.layers.1.self_attn.k_proj.lora_B.weight,"(1024, 16)",-0.011266664443408183,0.50439453125,0.3408607244491577,0.31846117973327637,0.0,0.0,0.0020983307622373104,0.001856641611084342,42
base_model.model.model.layers.1.self_attn.o_proj.lora_A.weight,"(16, 4096)",0.9174289129378755,0.095184326171875,2.3840136528015137,2.480764150619507,0.0,0.0,0.007989948615431786,0.00824093259871006,42
base_model.model.model.layers.1.self_attn.o_proj.lora_B.weight,"(2560, 16)",0.027052141272757464,0.4913574159145355,0.40439844131469727,0.5099549889564514,0.0,0.0,0.0016012785490602255,0.0019919355399906635,42
base_model.model.model.layers.1.self_attn.q_proj.lora_A.weight,"(16, 2560)",0.9333191411933571,0.08474121242761612,2.3919382095336914,2.4366226196289062,0.0,0.0,0.010149290785193443,0.010290391743183136,42
base_model.model.model.layers.1.self_attn.q_proj.lora_B.weight,"(4096, 16)",0.011094755821266166,0.495025634765625,0.6298116445541382,0.7336166501045227,0.0,0.0,0.001917385496199131,0.0021818652749061584,42
base_model.model.model.layers.1.self_attn.v_proj.lora_A.weight,"(16, 2560)",0.9409479308864097,0.08037109673023224,2.3840858936309814,2.3940722942352295,0.0,0.0,0.010089457035064697,0.010131248272955418,42
base_model.model.model.layers.1.self_attn.v_proj.lora_B.weight,"(1024, 16)",0.03380992709629031,0.4862060546875,0.26601773500442505,0.2971752882003784,0.0,0.0,0.0016565013211220503,0.001782086445018649,42
base_model.model.model.layers.10.mlp.down_proj.lora_A.weight,"(16, 9728)",0.7706041766193815,0.1771368682384491,2.4901905059814453,2.8743155002593994,0.0,0.0,0.005350796971470118,0.006022154353559017,42
base_model.model.model.layers.10.mlp.down_proj.lora_B.weight,"(2560, 16)",0.010323344381005604,0.49506837129592896,0.36485302448272705,0.5925551652908325,0.0,0.0,0.0014318840112537146,0.0023291066754609346,42
base_model.model.model.layers.10.mlp.gate_proj.lora_A.weight,"(16, 2560)",0.8763026552694801,0.12456054985523224,2.382331609725952,2.7796425819396973,0.0,0.0,0.010129119269549847,0.011519966647028923,42
base_model.model.model.layers.10.mlp.gate_proj.lora_B.weight,"(9728, 16)",-0.0009840317681542533,0.4994153380393982,0.9295015931129456,1.5234758853912354,0.0,0.0,0.0018204846419394016,0.003049128456041217,42
base_model.model.model.layers.10.mlp.up_proj.lora_A.weight,"(16, 2560)",0.9247832809837258,0.0908203125,2.37151837348938,2.597839832305908,0.0,0.0,0.010092360898852348,0.010916844010353088,42
base_model.model.model.layers.10.mlp.up_proj.lora_B.weight,"(9728, 16)",0.003982967839928415,0.49825888872146606,0.7510831952095032,1.2475595474243164,0.0,0.0,0.0015055709518492222,0.0025149404536932707,42
base_model.model.model.layers.10.self_attn.k_proj.lora_A.weight,"(16, 2560)",0.9060627168055199,0.1080322265625,2.3979265689849854,2.471165180206299,0.0,0.0,0.010124599561095238,0.01037355326116085,42
base_model.model.model.layers.10.self_attn.k_proj.lora_B.weight,"(1024, 16)",0.015118202107681488,0.49810791015625,0.27156609296798706,0.3905973434448242,0.0,0.0,0.0016444758512079716,0.002420746721327305,42
base_model.model.model.layers.10.self_attn.o_proj.lora_A.weight,"(16, 4096)",0.8960819620203019,0.109832763671875,2.3836007118225098,2.5501773357391357,0.0,0.0,0.007974537089467049,0.008417081087827682,42
base_model.model.model.layers.10.self_attn.o_proj.lora_B.weight,"(2560, 16)",-0.00043493046337450975,0.49992674589157104,0.3706924617290497,0.5777435302734375,0.0,0.0,0.0014474533963948488,0.0022807996720075607,42
base_model.model.model.layers.10.self_attn.q_proj.lora_A.weight,"(16, 2560)",0.9192526408150202,0.09663085639476776,2.382739782333374,2.468027114868164,0.0,0.0,0.010094346478581429,0.010380574502050877,42
base_model.model.model.layers.10.self_attn.q_proj.lora_B.weight,"(4096, 16)",0.004916121278005749,0.4967498779296875,0.5170283317565918,0.8283064961433411,0.0,0.0,0.0015553680714219809,0.002558301668614149,42
base_model.model.model.layers.10.self_attn.v_proj.lora_A.weight,"(16, 2560)",0.918984775390738,0.0982666015625,2.386993885040283,2.4865145683288574,0.0,0.0,0.010123370215296745,0.010446911677718163,42
base_model.model.model.layers.10.self_attn.v_proj.lora_B.weight,"(1024, 16)",0.0017777110744875498,0.49853515625,0.2324834018945694,0.32354840636253357,0.0,0.0,0.001445988891646266,0.0020126663148403168,42
base_model.model.model.layers.11.mlp.down_proj.lora_A.weight,"(16, 9728)",0.7641468939775967,0.18194258213043213,2.49100661277771,2.918367385864258,0.0,0.0,0.0053551155142486095,0.006096796132624149,42
base_model.model.model.layers.11.mlp.down_proj.lora_B.weight,"(2560, 16)",0.004029196747103669,0.4964599609375,0.37346893548965454,0.6168605089187622,0.0,0.0,0.0014608517521992326,0.0024134765844792128,42
base_model.model.model.layers.11.mlp.gate_proj.lora_A.weight,"(16, 2560)",0.8804180783685056,0.12092284858226776,2.3753581047058105,2.809091567993164,0.0,0.0,0.0101009551435709,0.011657064780592918,42
base_model.model.model.layers.11.mlp.gate_proj.lora_B.weight,"(9728, 16)",0.002670904559074997,0.49741724133491516,0.8583235740661621,1.4957672357559204,0.0,0.0,0.0016891434788703918,0.0029819675255566835,42
base_model.model.model.layers.11.mlp.up_proj.lora_A.weight,"(16, 2560)",0.9244310359386159,0.09174804389476776,2.3660900592803955,2.594308376312256,0.0,0.0,0.010065270587801933,0.010894665494561195,42
base_model.model.model.layers.11.mlp.up_proj.lora_B.weight,"(9728, 16)",-0.0006917143416648486,0.5015997886657715,0.78709876537323,1.2106727361679077,0.0,0.0,0.001570340828038752,0.0024251798167824745,42
base_model.model.model.layers.11.self_attn.k_proj.lora_A.weight,"(16, 2560)",0.91275564598234,0.10014648735523224,2.3943216800689697,2.488189935684204,0.0,0.0,0.010173792019486427,0.010463688522577286,42
base_model.model.model.layers.11.self_attn.k_proj.lora_B.weight,"(1024, 16)",0.00030322195067261827,0.4996337890625,0.2880263924598694,0.4010057747364044,0.0,0.0,0.0017663059988990426,0.0024682702496647835,42
base_model.model.model.layers.11.self_attn.o_proj.lora_A.weight,"(16, 4096)",0.879618512476882,0.118499755859375,2.407958745956421,2.599321126937866,0.0,0.0,0.00805087573826313,0.008553750813007355,42
base_model.model.model.layers.11.self_attn.o_proj.lora_B.weight,"(2560, 16)",-0.0012714473705039125,0.5029541254043579,0.41466808319091797,0.6083880066871643,0.0,0.0,0.001603935263119638,0.0023918631486594677,42
base_model.model.model.layers.11.self_attn.q_proj.lora_A.weight,"(16, 2560)",0.9179773845336056,0.0963134765625,2.399336338043213,2.4716708660125732,0.0,0.0,0.01015151385217905,0.010403257794678211,42
base_model.model.model.layers.11.self_attn.q_proj.lora_B.weight,"(4096, 16)",0.024640095669148897,0.4922943115234375,0.5798143744468689,0.8029652833938599,0.0,0.0,0.0017619372811168432,0.002471462357789278,42
base_model.model.model.layers.11.self_attn.v_proj.lora_A.weight,"(16, 2560)",0.9046759157098035,0.10786132514476776,2.374725341796875,2.533296823501587,0.0,0.0,0.010066966526210308,0.010590948164463043,42
base_model.model.model.layers.11.self_attn.v_proj.lora_B.weight,"(1024, 16)",0.004276505095790329,0.49737548828125,0.25298237800598145,0.3636011481285095,0.0,0.0,0.0015616435557603836,0.002262976486235857,42
base_model.model.model.layers.12.mlp.down_proj.lora_A.weight,"(16, 9728)",0.7636655212033233,0.18212248384952545,2.482668399810791,2.9263885021209717,0.0,0.0,0.00534411147236824,0.00611223466694355,42
base_model.model.model.layers.12.mlp.down_proj.lora_B.weight,"(2560, 16)",0.005694029626220263,0.49763184785842896,0.36379238963127136,0.6109413504600525,0.0,0.0,0.0014356698375195265,0.002393303904682398,42
base_model.model.model.layers.12.mlp.gate_proj.lora_A.weight,"(16, 2560)",0.888782807011196,0.11640624701976776,2.378736734390259,2.7922801971435547,0.0,0.0,0.010117711499333382,0.011615348048508167,42
base_model.model.model.layers.12.mlp.gate_proj.lora_B.weight,"(9728, 16)",0.001339211166736531,0.4991711974143982,0.903416633605957,1.5160112380981445,0.0,0.0,0.0017669303342700005,0.003003289457410574,42
base_model.model.model.layers.12.mlp.up_proj.lora_A.weight,"(16, 2560)",0.9242230681958411,0.0943603515625,2.3696906566619873,2.6237027645111084,0.0,0.0,0.010083155706524849,0.011016659438610077,42
base_model.model.model.layers.12.mlp.up_proj.lora_B.weight,"(9728, 16)",0.003408372480630618,0.4988628327846527,0.7549829483032227,1.2809948921203613,0.0,0.0,0.0015107729705050588,0.002565262373536825,42
base_model.model.model.layers.12.self_attn.k_proj.lora_A.weight,"(16, 2560)",0.9097331152740576,0.10407714545726776,2.381758451461792,2.479893922805786,0.0,0.0,0.010084968991577625,0.01040060818195343,42
base_model.model.model.layers.12.self_attn.k_proj.lora_B.weight,"(1024, 16)",0.03391747144940741,0.48858642578125,0.22500477731227875,0.3956253230571747,0.0,0.0,0.0013653601054102182,0.0024608089588582516,42
base_model.model.model.layers.12.self_attn.o_proj.lora_A.weight,"(16, 4096)",0.9003181074291666,0.10760498046875,2.386091709136963,2.581528902053833,0.0,0.0,0.008011870086193085,0.008522754535079002,42
base_model.model.model.layers.12.self_attn.o_proj.lora_B.weight,"(2560, 16)",-0.000178967823342476,0.49812012910842896,0.3650986850261688,0.6038485765457153,0.0,0.0,0.00143184675835073,0.002371471840888262,42
base_model.model.model.layers.12.self_attn.q_proj.lora_A.weight,"(16, 2560)",0.9278152687389495,0.09033203125,2.368013620376587,2.4708328247070312,0.0,0.0,0.010058782994747162,0.010409940965473652,42
base_model.model.model.layers.12.self_attn.q_proj.lora_B.weight,"(4096, 16)",-0.013157858532244503,0.5042572021484375,0.5015187859535217,0.8044736981391907,0.0,0.0,0.0014952002093195915,0.0024669338017702103,42
base_model.model.model.layers.12.self_attn.v_proj.lora_A.weight,"(16, 2560)",0.9332363354499428,0.08708496391773224,2.3620071411132812,2.4513096809387207,0.0,0.0,0.010033300146460533,0.01032201573252678,42
base_model.model.model.layers.12.self_attn.v_proj.lora_B.weight,"(1024, 16)",-0.0040499947960810885,0.501708984375,0.2293054461479187,0.35444965958595276,0.0,0.0,0.0014173865783959627,0.0022057746537029743,42
base_model.model.model.layers.13.mlp.down_proj.lora_A.weight,"(16, 9728)",0.7699619590852884,0.1768798828125,2.486802577972412,2.900029420852661,0.0,0.0,0.005353804677724838,0.006071973592042923,42
base_model.model.model.layers.13.mlp.down_proj.lora_B.weight,"(2560, 16)",0.005590202203328658,0.5005859136581421,0.3612480163574219,0.5983037948608398,0.0,0.0,0.0014199379365891218,0.002346199471503496,42
base_model.model.model.layers.13.mlp.gate_proj.lora_A.weight,"(16, 2560)",0.8874732774551053,0.11691894382238388,2.3912575244903564,2.7791037559509277,0.0,0.0,0.010161545127630234,0.011533468030393124,42
base_model.model.model.layers.13.mlp.gate_proj.lora_B.weight,"(9728, 16)",-0.0002836985465818593,0.5008288025856018,0.9354774355888367,1.4425952434539795,0.0,0.0,0.00181551871355623,0.002854428719729185,42
base_model.model.model.layers.13.mlp.up_proj.lora_A.weight,"(16, 2560)",0.9219390592274476,0.097412109375,2.3843531608581543,2.6447298526763916,0.0,0.0,0.010154815390706062,0.011109722778201103,42
base_model.model.model.layers.13.mlp.up_proj.lora_B.weight,"(9728, 16)",0.007724686129937598,0.49768710136413574,0.8000299334526062,1.248038649559021,0.0,0.0,0.0015859283739700913,0.002496232045814395,42
base_model.model.model.layers.13.self_attn.k_proj.lora_A.weight,"(16, 2560)",0.9101720728359997,0.10187987983226776,2.3815083503723145,2.4833314418792725,0.0,0.0,0.010074140504002571,0.01039646752178669,42
base_model.model.model.layers.13.self_attn.k_proj.lora_B.weight,"(1024, 16)",-0.004077148298652706,0.50714111328125,0.2897886037826538,0.3978268802165985,0.0,0.0,0.0017356524476781487,0.0024396332446485758,42
base_model.model.model.layers.13.self_attn.o_proj.lora_A.weight,"(16, 4096)",0.8867905919992085,0.1166229248046875,2.4026854038238525,2.5998775959014893,0.0,0.0,0.00804042350500822,0.008566787466406822,42
base_model.model.model.layers.13.self_attn.o_proj.lora_B.weight,"(2560, 16)",0.016454647430106745,0.49345701932907104,0.3642024099826813,0.6408830881118774,0.0,0.0,0.0014247874496504664,0.002515125321224332,42
base_model.model.model.layers.13.self_attn.q_proj.lora_A.weight,"(16, 2560)",0.9136890593282041,0.09982910007238388,2.383085250854492,2.4898812770843506,0.0,0.0,0.010106345638632774,0.010455683805048466,42
base_model.model.model.layers.13.self_attn.q_proj.lora_B.weight,"(4096, 16)",-0.0038510480302666595,0.492889404296875,0.5246988534927368,0.8716958165168762,0.0,0.0,0.0015549921663478017,0.0026863000821322203,42
base_model.model.model.layers.13.self_attn.v_proj.lora_A.weight,"(16, 2560)",0.9102673740290842,0.10065917670726776,2.3813419342041016,2.5016560554504395,0.0,0.0,0.010102041065692902,0.010496584698557854,42
base_model.model.model.layers.13.self_attn.v_proj.lora_B.weight,"(1024, 16)",0.004226656333153131,0.4921875,0.2588995099067688,0.35782819986343384,0.0,0.0,0.0015753748593851924,0.0022219251841306686,42
base_model.model.model.layers.14.mlp.down_proj.lora_A.weight,"(16, 9728)",0.764874031304677,0.18086323142051697,2.5111169815063477,2.881572723388672,0.0,0.0,0.005383922252804041,0.006026257295161486,42
base_model.model.model.layers.14.mlp.down_proj.lora_B.weight,"(2560, 16)",0.015013691123049193,0.4935302734375,0.38145631551742554,0.6239952445030212,0.0,0.0,0.0014840156072750688,0.002458264585584402,42
base_model.model.model.layers.14.mlp.gate_proj.lora_A.weight,"(16, 2560)",0.8804999406097018,0.12094726413488388,2.410346508026123,2.8013739585876465,0.0,0.0,0.010236171074211597,0.011640588752925396,42
base_model.model.model.layers.14.mlp.gate_proj.lora_B.weight,"(9728, 16)",0.002855819111548218,0.4984644949436188,0.9449180960655212,1.5038448572158813,0.0,0.0,0.0018132295226678252,0.0030013294890522957,42
base_model.model.model.layers.14.mlp.up_proj.lora_A.weight,"(16, 2560)",0.9241661966317479,0.09467773139476776,2.364439010620117,2.5789713859558105,0.0,0.0,0.010039390996098518,0.010822484269738197,42
base_model.model.model.layers.14.mlp.up_proj.lora_B.weight,"(9728, 16)",0.0022905563055321894,0.49957597255706787,0.8025871515274048,1.2316101789474487,0.0,0.0,0.0015899568097665906,0.0024729326833039522,42
base_model.model.model.layers.14.self_attn.k_proj.lora_A.weight,"(16, 2560)",0.8984174932004654,0.10849609225988388,2.397381544113159,2.517782211303711,0.0,0.0,0.010129081085324287,0.010545658878982067,42
base_model.model.model.layers.14.self_attn.k_proj.lora_B.weight,"(1024, 16)",0.017840690720104455,0.4898681640625,0.2548608183860779,0.4217298626899719,0.0,0.0,0.0015506009804084897,0.0026216732803732157,42
base_model.model.model.layers.14.self_attn.o_proj.lora_A.weight,"(16, 4096)",0.8857847558137534,0.116790771484375,2.3985657691955566,2.62294864654541,0.0,0.0,0.008033422753214836,0.008643717505037785,42
base_model.model.model.layers.14.self_attn.o_proj.lora_B.weight,"(2560, 16)",0.004070943681889799,0.49992674589157104,0.4096352159976959,0.6649362444877625,0.0,0.0,0.001575091271661222,0.0026211035437881947,42
base_model.model.model.layers.14.self_attn.q_proj.lora_A.weight,"(16, 2560)",0.9088882271982527,0.10263671725988388,2.404155969619751,2.4892187118530273,0.0,0.0,0.010160962119698524,0.010454416275024414,42
base_model.model.model.layers.14.self_attn.q_proj.lora_B.weight,"(4096, 16)",0.014763535675130257,0.4979248046875,0.5409955978393555,0.8137425184249878,0.0,0.0,0.0016086841933429241,0.002497105160728097,42
base_model.model.model.layers.14.self_attn.v_proj.lora_A.weight,"(16, 2560)",0.9201479170742758,0.09458007663488388,2.3772363662719727,2.4933090209960938,0.0,0.0,0.010084262117743492,0.010463503189384937,42
base_model.model.model.layers.14.self_attn.v_proj.lora_B.weight,"(1024, 16)",0.015812909896087433,0.4932861328125,0.2644224464893341,0.3699745237827301,0.0,0.0,0.0016048222314566374,0.002308240160346031,42
base_model.model.model.layers.15.mlp.down_proj.lora_A.weight,"(16, 9728)",0.7591641582395974,0.18415270745754242,2.5325405597686768,2.861811637878418,0.0,0.0,0.005419133231043816,0.005986847449094057,42
base_model.model.model.layers.15.mlp.down_proj.lora_B.weight,"(2560, 16)",0.0029184191592096574,0.4980224668979645,0.40631920099258423,0.619085431098938,0.0,0.0,0.0015835913363844156,0.002432418754324317,42
base_model.model.model.layers.15.mlp.gate_proj.lora_A.weight,"(16, 2560)",0.8923093947606802,0.11301269382238388,2.405283212661743,2.7176966667175293,0.0,0.0,0.010201471857726574,0.011348755098879337,42
base_model.model.model.layers.15.mlp.gate_proj.lora_B.weight,"(9728, 16)",0.006362556276859433,0.49874716997146606,1.02242910861969,1.4243857860565186,0.0,0.0,0.001961640315130353,0.0028354765381664038,42
base_model.model.model.layers.15.mlp.up_proj.lora_A.weight,"(16, 2560)",0.9283534822145654,0.08991698920726776,2.3726203441619873,2.5819644927978516,0.0,0.0,0.010085414163768291,0.010865527205169201,42
base_model.model.model.layers.15.mlp.up_proj.lora_B.weight,"(9728, 16)",0.002720311648238084,0.49974942207336426,0.7977848649024963,1.2768080234527588,0.0,0.0,0.0015748892910778522,0.0025540287606418133,42
base_model.model.model.layers.15.self_attn.k_proj.lora_A.weight,"(16, 2560)",0.9049789982619939,0.10637207329273224,2.4081509113311768,2.480808734893799,0.0,0.0,0.010173438116908073,0.010422630235552788,42
base_model.model.model.layers.15.self_attn.k_proj.lora_B.weight,"(1024, 16)",0.04816962787276891,0.48309326171875,0.22603736817836761,0.41402241587638855,0.0,0.0,0.0013686089077964425,0.002542782574892044,42
base_model.model.model.layers.15.self_attn.o_proj.lora_A.weight,"(16, 4096)",0.896921894173251,0.1091461181640625,2.386612892150879,2.5817015171051025,0.0,0.0,0.008006520569324493,0.008513318374752998,42
base_model.model.model.layers.15.self_attn.o_proj.lora_B.weight,"(2560, 16)",-0.004974061271545581,0.5022217035293579,0.3702845573425293,0.6505860090255737,0.0,0.0,0.0014237113064154983,0.0025626257993280888,42
base_model.model.model.layers.15.self_attn.q_proj.lora_A.weight,"(16, 2560)",0.9083716140000981,0.09968261420726776,2.4007110595703125,2.4907472133636475,0.0,0.0,0.010167717933654785,0.010460498742759228,42
base_model.model.model.layers.15.self_attn.q_proj.lora_B.weight,"(4096, 16)",-0.01291839049279127,0.500030517578125,0.5906822085380554,0.8456079959869385,0.0,0.0,0.001743645640090108,0.002607188653200865,42
base_model.model.model.layers.15.self_attn.v_proj.lora_A.weight,"(16, 2560)",0.9225190459362715,0.09340820461511612,2.363224506378174,2.4683384895324707,0.0,0.0,0.010028645396232605,0.01036723144352436,42
base_model.model.model.layers.15.self_attn.v_proj.lora_B.weight,"(1024, 16)",0.018282014556296435,0.48382568359375,0.22892418503761292,0.35667797923088074,0.0,0.0,0.0013785946648567915,0.002215371932834387,42
base_model.model.model.layers.16.mlp.down_proj.lora_A.weight,"(16, 9728)",0.7730706859762286,0.17612819373607635,2.5041821002960205,2.833148956298828,0.0,0.0,0.005370716564357281,0.005936902016401291,42
base_model.model.model.layers.16.mlp.down_proj.lora_B.weight,"(2560, 16)",0.014349348826335227,0.49560546875,0.381229430437088,0.6068893074989319,0.0,0.0,0.0014810011489316821,0.002395294839516282,42
base_model.model.model.layers.16.mlp.gate_proj.lora_A.weight,"(16, 2560)",0.888817772211067,0.11525879055261612,2.390738010406494,2.732588291168213,0.0,0.0,0.01014642883092165,0.011365002952516079,42
base_model.model.model.layers.16.mlp.gate_proj.lora_B.weight,"(9728, 16)",0.0005712238481722393,0.5011115074157715,0.9342346787452698,1.4299432039260864,0.0,0.0,0.0017975285882130265,0.002842313377186656,42
base_model.model.model.layers.16.mlp.up_proj.lora_A.weight,"(16, 2560)",0.9246337114018927,0.09294433891773224,2.3777883052825928,2.5779502391815186,0.0,0.0,0.010102292522788048,0.01083320565521717,42
base_model.model.model.layers.16.mlp.up_proj.lora_B.weight,"(9728, 16)",-0.002467665072677989,0.5003469586372375,0.7986023426055908,1.2743651866912842,0.0,0.0,0.0015801300760358572,0.002565555041655898,42
base_model.model.model.layers.16.self_attn.k_proj.lora_A.weight,"(16, 2560)",0.9005293556609438,0.1083984375,2.400189161300659,2.503317356109619,0.0,0.0,0.010150042362511158,0.010486304759979248,42
base_model.model.model.layers.16.self_attn.k_proj.lora_B.weight,"(1024, 16)",0.014779216703219692,0.48583984375,0.2535977065563202,0.42325520515441895,0.0,0.0,0.0015343911945819855,0.002609970746561885,42
base_model.model.model.layers.16.self_attn.o_proj.lora_A.weight,"(16, 4096)",0.8888226534242736,0.1161346435546875,2.370133638381958,2.606454849243164,0.0,0.0,0.007949106395244598,0.008570118807256222,42
base_model.model.model.layers.16.self_attn.o_proj.lora_B.weight,"(2560, 16)",0.0014835991012422723,0.4991210997104645,0.35019221901893616,0.6834781169891357,0.0,0.0,0.001372929778881371,0.002691206056624651,42
base_model.model.model.layers.16.self_attn.q_proj.lora_A.weight,"(16, 2560)",0.9192144001343694,0.09409179538488388,2.371699571609497,2.5113399028778076,0.0,0.0,0.010079014115035534,0.010563893243670464,42
base_model.model.model.layers.16.self_attn.q_proj.lora_B.weight,"(4096, 16)",0.01812142225674789,0.4937286376953125,0.4316145181655884,0.8422761559486389,0.0,0.0,0.0013013880234211683,0.002583893947303295,42
base_model.model.model.layers.16.self_attn.v_proj.lora_A.weight,"(16, 2560)",0.919305354237521,0.09345702826976776,2.3822784423828125,2.4899017810821533,0.0,0.0,0.010092921555042267,0.010468238964676857,42
base_model.model.model.layers.16.self_attn.v_proj.lora_B.weight,"(1024, 16)",-0.006508726328141319,0.4901123046875,0.21145810186862946,0.3660277724266052,0.0,0.0,0.001287606661207974,0.002255608793348074,42
base_model.model.model.layers.17.mlp.down_proj.lora_A.weight,"(16, 9728)",0.7694453705944735,0.17828047275543213,2.53092622756958,2.8451569080352783,0.0,0.0,0.005412459839135408,0.005966573022305965,42
base_model.model.model.layers.17.mlp.down_proj.lora_B.weight,"(2560, 16)",-0.002647253375358435,0.49785155057907104,0.3933178186416626,0.6420091986656189,0.0,0.0,0.0015285437693819404,0.002531231613829732,42
base_model.model.model.layers.17.mlp.gate_proj.lora_A.weight,"(16, 2560)",0.8789717140553364,0.11997070163488388,2.41410493850708,2.7497384548187256,0.0,0.0,0.010231921449303627,0.01141966413706541,42
base_model.model.model.layers.17.mlp.gate_proj.lora_B.weight,"(9728, 16)",0.002825870477237801,0.49821391701698303,1.1158154010772705,1.4959306716918945,0.0,0.0,0.002113127615302801,0.002989215776324272,42
base_model.model.model.layers.17.mlp.up_proj.lora_A.weight,"(16, 2560)",0.9247981294837209,0.09172363579273224,2.4000003337860107,2.57200026512146,0.0,0.0,0.010181764140725136,0.010827315971255302,42
base_model.model.model.layers.17.mlp.up_proj.lora_B.weight,"(9728, 16)",0.006833072307478708,0.49786055088043213,0.9026883840560913,1.2897896766662598,0.0,0.0,0.0017610323848202825,0.00258461432531476,42
base_model.model.model.layers.17.self_attn.k_proj.lora_A.weight,"(16, 2560)",0.9017218129952175,0.105712890625,2.407426357269287,2.49455189704895,0.0,0.0,0.010180744342505932,0.010451665148139,42
base_model.model.model.layers.17.self_attn.k_proj.lora_B.weight,"(1024, 16)",0.0026844494423148052,0.4954833984375,0.2650241255760193,0.4194832146167755,0.0,0.0,0.0015950013184919953,0.0025761716533452272,42
base_model.model.model.layers.17.self_attn.o_proj.lora_A.weight,"(16, 4096)",0.9055325826504502,0.1061859130859375,2.366978168487549,2.556513786315918,0.0,0.0,0.00795671995729208,0.008451011031866074,42
base_model.model.model.layers.17.self_attn.o_proj.lora_B.weight,"(2560, 16)",0.009537990457561799,0.4977050721645355,0.3519098460674286,0.611230731010437,0.0,0.0,0.0013540741056203842,0.0024134847335517406,42
base_model.model.model.layers.17.self_attn.q_proj.lora_A.weight,"(16, 2560)",0.9087398661204293,0.1009521484375,2.3770649433135986,2.5012340545654297,0.0,0.0,0.010064997710287571,0.010493306443095207,42
base_model.model.model.layers.17.self_attn.q_proj.lora_B.weight,"(4096, 16)",-0.0015717535393822263,0.502044677734375,0.4872157871723175,0.8812995553016663,0.0,0.0,0.0014406549744307995,0.0027169352397322655,42
base_model.model.model.layers.17.self_attn.v_proj.lora_A.weight,"(16, 2560)",0.925514364163624,0.08737792819738388,2.377836227416992,2.4760313034057617,0.0,0.0,0.010076875798404217,0.010441534221172333,42
base_model.model.model.layers.17.self_attn.v_proj.lora_B.weight,"(1024, 16)",0.019291851857437446,0.4857177734375,0.22416721284389496,0.35922980308532715,0.0,0.0,0.001361536793410778,0.00223365006968379,42
base_model.model.model.layers.18.mlp.down_proj.lora_A.weight,"(16, 9728)",0.7558619230197126,0.18455104529857635,2.5592124462127686,2.8596978187561035,0.0,0.0,0.005464497953653336,0.00599196320399642,42
base_model.model.model.layers.18.mlp.down_proj.lora_B.weight,"(2560, 16)",0.004398711716476386,0.5013427734375,0.4335537254810333,0.6602271199226379,0.0,0.0,0.0016861774493008852,0.002610907657071948,42
base_model.model.model.layers.18.mlp.gate_proj.lora_A.weight,"(16, 2560)",0.8786523032730968,0.1217041015625,2.4080090522766113,2.754732131958008,0.0,0.0,0.010202514007687569,0.011442451737821102,42
base_model.model.model.layers.18.mlp.gate_proj.lora_B.weight,"(9728, 16)",0.0014587009860189517,0.49920332431793213,1.0229698419570923,1.5050493478775024,0.0,0.0,0.0019319957355037332,0.0030073081143200397,42
base_model.model.model.layers.18.mlp.up_proj.lora_A.weight,"(16, 2560)",0.9210590735921497,0.0963134765625,2.394087076187134,2.5962812900543213,0.0,0.0,0.010140272788703442,0.01090989075601101,42
base_model.model.model.layers.18.mlp.up_proj.lora_B.weight,"(9728, 16)",-0.0005316457424812998,0.5027176737785339,0.9354674220085144,1.3477634191513062,0.0,0.0,0.0018325693672522902,0.002704364014789462,42
base_model.model.model.layers.18.self_attn.k_proj.lora_A.weight,"(16, 2560)",0.8960483941865445,0.11118163913488388,2.4052469730377197,2.5234031677246094,0.0,0.0,0.010184342041611671,0.010563340969383717,42
base_model.model.model.layers.18.self_attn.k_proj.lora_B.weight,"(1024, 16)",0.015594618331272637,0.49591064453125,0.2618199288845062,0.4407947063446045,0.0,0.0,0.0015916682314127684,0.002744002966210246,42
base_model.model.model.layers.18.self_attn.o_proj.lora_A.weight,"(16, 4096)",0.9004905747622111,0.1071014404296875,2.37088680267334,2.568842887878418,0.0,0.0,0.00795475672930479,0.008489111438393593,42
base_model.model.model.layers.18.self_attn.o_proj.lora_B.weight,"(2560, 16)",0.01275485493740732,0.4923339784145355,0.3368239104747772,0.6469473838806152,0.0,0.0,0.0013124349061399698,0.0025439918972551823,42
base_model.model.model.layers.18.self_attn.q_proj.lora_A.weight,"(16, 2560)",0.9025390097603441,0.10649414360523224,2.3947062492370605,2.5035159587860107,0.0,0.0,0.010106060653924942,0.01047869585454464,42
base_model.model.model.layers.18.self_attn.q_proj.lora_B.weight,"(4096, 16)",0.007544129320505166,0.497833251953125,0.5961037278175354,0.8734105229377747,0.0,0.0,0.001761097926646471,0.0027034590020775795,42
base_model.model.model.layers.18.self_attn.v_proj.lora_A.weight,"(16, 2560)",0.9008314436403997,0.09658203274011612,2.4076974391937256,2.4852468967437744,0.0,0.0,0.010101405903697014,0.010436124168336391,42
base_model.model.model.layers.18.self_attn.v_proj.lora_B.weight,"(1024, 16)",0.014064427156721031,0.48992919921875,0.2657816410064697,0.367676705121994,0.0,0.0,0.0015899486606940627,0.002278640167787671,42
base_model.model.model.layers.19.mlp.down_proj.lora_A.weight,"(16, 9728)",0.7453045688361349,0.18866930902004242,2.575207471847534,2.89707612991333,0.0,0.0,0.005492028314620256,0.006060378160327673,42
base_model.model.model.layers.19.mlp.down_proj.lora_B.weight,"(2560, 16)",-0.0024266355460968426,0.49958497285842896,0.4171076714992523,0.6735455989837646,0.0,0.0,0.0016158539801836014,0.002657384844496846,42
base_model.model.model.layers.19.mlp.gate_proj.lora_A.weight,"(16, 2560)",0.8809135855239724,0.11760254204273224,2.4275217056274414,2.7572824954986572,0.0,0.0,0.010261674411594868,0.011467529460787773,42
base_model.model.model.layers.19.mlp.gate_proj.lora_B.weight,"(9728, 16)",0.005974951291089301,0.49791836738586426,1.0996042490005493,1.5086026191711426,0.0,0.0,0.0020852144807577133,0.0030201436020433903,42
base_model.model.model.layers.19.mlp.up_proj.lora_A.weight,"(16, 2560)",0.917712662853724,0.09663085639476776,2.4037790298461914,2.592771530151367,0.0,0.0,0.010192843154072762,0.010904716327786446,42
base_model.model.model.layers.19.mlp.up_proj.lora_B.weight,"(9728, 16)",0.001350955265500099,0.4999614655971527,0.9437110424041748,1.3370161056518555,0.0,0.0,0.0018365357536822557,0.0026725896168500185,42
base_model.model.model.layers.19.self_attn.k_proj.lora_A.weight,"(16, 2560)",0.8908539499004448,0.11440429836511612,2.428520917892456,2.4938242435455322,0.0,0.0,0.010230312123894691,0.010446279309689999,42
base_model.model.model.layers.19.self_attn.k_proj.lora_B.weight,"(1024, 16)",0.016803196401939485,0.4915771484375,0.26246628165245056,0.4256340563297272,0.0,0.0,0.0015650626737624407,0.002641540952026844,42
base_model.model.model.layers.19.self_attn.o_proj.lora_A.weight,"(16, 4096)",0.8976323033014216,0.109039306640625,2.3911585807800293,2.5769078731536865,0.0,0.0,0.008015804924070835,0.008518863469362259,42
base_model.model.model.layers.19.self_attn.o_proj.lora_B.weight,"(2560, 16)",-0.004252683596787305,0.5024169683456421,0.3861020803451538,0.6551844477653503,0.0,0.0,0.001506124041043222,0.002583553548902273,42
base_model.model.model.layers.19.self_attn.q_proj.lora_A.weight,"(16, 2560)",0.9036826850283451,0.10820312798023224,2.4023330211639404,2.5086050033569336,0.0,0.0,0.010158904828131199,0.010521396063268185,42
base_model.model.model.layers.19.self_attn.q_proj.lora_B.weight,"(4096, 16)",0.011197152731053428,0.4941253662109375,0.552707314491272,0.8970065712928772,0.0,0.0,0.001640535076148808,0.0027790958993136883,42
base_model.model.model.layers.19.self_attn.v_proj.lora_A.weight,"(16, 2560)",0.9130921733004149,0.09702148288488388,2.4026005268096924,2.4744906425476074,0.0,0.0,0.010171683505177498,0.010431362316012383,42
base_model.model.model.layers.19.self_attn.v_proj.lora_B.weight,"(1024, 16)",0.03568528547398845,0.47821044921875,0.2581822872161865,0.3774498403072357,0.0,0.0,0.0015845231246203184,0.0023319749161601067,42
base_model.model.model.layers.2.mlp.down_proj.lora_A.weight,"(16, 9728)",0.8289316690008697,0.13521535694599152,2.4432296752929688,2.676689863204956,0.0,0.0,0.005266387015581131,0.005657728761434555,42
base_model.model.model.layers.2.mlp.down_proj.lora_B.weight,"(2560, 16)",0.005045243696356363,0.49943846464157104,0.44378966093063354,0.6015798449516296,0.0,0.0,0.0017488807206973433,0.0023548738099634647,42
base_model.model.model.layers.2.mlp.gate_proj.lora_A.weight,"(16, 2560)",0.893378797764726,0.11428222805261612,2.3935794830322266,2.5625813007354736,0.0,0.0,0.010132098570466042,0.01069958321750164,42
base_model.model.model.layers.2.mlp.gate_proj.lora_B.weight,"(9728, 16)",0.2048947315154498,0.4429803192615509,1.2594926357269287,2.130394220352173,0.0,0.0,0.002079020719975233,0.003579192329198122,42
base_model.model.model.layers.2.mlp.up_proj.lora_A.weight,"(16, 2560)",0.9197882347333365,0.09426269680261612,2.3869733810424805,2.4642655849456787,0.0,0.0,0.010107641108334064,0.010379920713603497,42
base_model.model.model.layers.2.mlp.up_proj.lora_B.weight,"(9728, 16)",0.22924865972600697,0.44360995292663574,1.7473512887954712,2.124274730682373,0.0,0.0,0.0025068556424230337,0.002929381327703595,42
base_model.model.model.layers.2.self_attn.k_proj.lora_A.weight,"(16, 2560)",0.9020381187077996,0.10764160007238388,2.4023492336273193,2.4989802837371826,0.0,0.0,0.010158427059650421,0.010489349253475666,42
base_model.model.model.layers.2.self_attn.k_proj.lora_B.weight,"(1024, 16)",0.024473963116188803,0.486572265625,0.29147616028785706,0.41241034865379333,0.0,0.0,0.001810910296626389,0.0025589026045054197,42
base_model.model.model.layers.2.self_attn.o_proj.lora_A.weight,"(16, 4096)",0.888968681128279,0.1156005859375,2.423696994781494,2.51167368888855,0.0,0.0,0.008083601482212543,0.00830681249499321,42
base_model.model.model.layers.2.self_attn.o_proj.lora_B.weight,"(2560, 16)",0.01696849455319919,0.4937988221645355,0.4427364766597748,0.5669182538986206,0.0,0.0,0.001746410853229463,0.002220850670710206,42
base_model.model.model.layers.2.self_attn.q_proj.lora_A.weight,"(16, 2560)",0.9157649485069095,0.09951172024011612,2.3730645179748535,2.5028634071350098,0.0,0.0,0.010057213716208935,0.010505864396691322,42
base_model.model.model.layers.2.self_attn.q_proj.lora_B.weight,"(4096, 16)",-0.009186293456656662,0.5008087158203125,0.5587751269340515,0.8115434050559998,0.0,0.0,0.001697569154202938,0.002499733120203018,42
base_model.model.model.layers.2.self_attn.v_proj.lora_A.weight,"(16, 2560)",0.9212942600414474,0.09577636420726776,2.392134428024292,2.440077781677246,0.0,0.0,0.010115161538124084,0.010273927822709084,42
base_model.model.model.layers.2.self_attn.v_proj.lora_B.weight,"(1024, 16)",0.06358018297596871,0.47015380859375,0.3036678731441498,0.3246968686580658,0.0,0.0,0.0018820436671376228,0.0020166458562016487,42
base_model.model.model.layers.20.mlp.down_proj.lora_A.weight,"(16, 9728)",0.7337770926477991,0.19075734913349152,2.607431411743164,2.9153804779052734,0.0,0.0,0.005545531399548054,0.006101664155721664,42
base_model.model.model.layers.20.mlp.down_proj.lora_B.weight,"(2560, 16)",0.0031732039999773417,0.4989990293979645,0.4786660671234131,0.703441858291626,0.0,0.0,0.001851201057434082,0.0027717985212802887,42
base_model.model.model.layers.20.mlp.gate_proj.lora_A.weight,"(16, 2560)",0.8813462322677542,0.11762695014476776,2.437274932861328,2.7365667819976807,0.0,0.0,0.010300634428858757,0.011388254351913929,42
base_model.model.model.layers.20.mlp.gate_proj.lora_B.weight,"(9728, 16)",0.0035892307664528067,0.4992290437221527,1.0592707395553589,1.4919085502624512,0.0,0.0,0.002008475363254547,0.0029829933773726225,42
base_model.model.model.layers.20.mlp.up_proj.lora_A.weight,"(16, 2560)",0.9124670812739188,0.09909667819738388,2.430021286010742,2.567762613296509,0.0,0.0,0.01027000043541193,0.010805281810462475,42
base_model.model.model.layers.20.mlp.up_proj.lora_B.weight,"(9728, 16)",0.007182239573052964,0.4958752989768982,1.000744342803955,1.2914891242980957,0.0,0.0,0.0019402543548494577,0.002577217761427164,42
base_model.model.model.layers.20.self_attn.k_proj.lora_A.weight,"(16, 2560)",0.8958834433211611,0.11064453423023224,2.415734052658081,2.5047733783721924,0.0,0.0,0.010197768919169903,0.010486949235200882,42
base_model.model.model.layers.20.self_attn.k_proj.lora_B.weight,"(1024, 16)",-0.009375567634357885,0.51483154296875,0.2524222433567047,0.43435296416282654,0.0,0.0,0.001540272613056004,0.002687170635908842,42
base_model.model.model.layers.20.self_attn.o_proj.lora_A.weight,"(16, 4096)",0.8839554107302426,0.1157073974609375,2.4014105796813965,2.584982395172119,0.0,0.0,0.008017225190997124,0.008518969640135765,42
base_model.model.model.layers.20.self_attn.o_proj.lora_B.weight,"(2560, 16)",0.005496724026420154,0.49553221464157104,0.3664470613002777,0.6729602813720703,0.0,0.0,0.001420383108779788,0.002641033846884966,42
base_model.model.model.layers.20.self_attn.q_proj.lora_A.weight,"(16, 2560)",0.9062083425477332,0.1044921875,2.4017462730407715,2.511958122253418,0.0,0.0,0.0101779755204916,0.010526647791266441,42
base_model.model.model.layers.20.self_attn.q_proj.lora_B.weight,"(4096, 16)",-0.010349617404774067,0.5040283203125,0.4969901144504547,0.8880540132522583,0.0,0.0,0.001483449712395668,0.0027513636741787195,42
base_model.model.model.layers.20.self_attn.v_proj.lora_A.weight,"(16, 2560)",0.8908352607468831,0.10769043117761612,2.453038454055786,2.4909965991973877,0.0,0.0,0.010306675918400288,0.010467469692230225,42
base_model.model.model.layers.20.self_attn.v_proj.lora_B.weight,"(1024, 16)",0.008397068741793622,0.4937744140625,0.2732311487197876,0.36420315504074097,0.0,0.0,0.001667151926085353,0.0022423178888857365,42
base_model.model.model.layers.21.mlp.down_proj.lora_A.weight,"(16, 9728)",0.7408827308822145,0.18931178748607635,2.6165719032287598,2.879493236541748,0.0,0.0,0.0055625890381634235,0.006036319304257631,42
base_model.model.model.layers.21.mlp.down_proj.lora_B.weight,"(2560, 16)",-0.006372707346778411,0.500805675983429,0.4951545000076294,0.7172402143478394,0.0,0.0,0.0019133791793137789,0.0028210997115820646,42
base_model.model.model.layers.21.mlp.gate_proj.lora_A.weight,"(16, 2560)",0.8737266837067632,0.12104491889476776,2.475400924682617,2.746171712875366,0.0,0.0,0.010433179326355457,0.01142384484410286,42
base_model.model.model.layers.21.mlp.gate_proj.lora_B.weight,"(9728, 16)",-0.0021645775865853866,0.5001927614212036,1.191881775856018,1.5331312417984009,0.0,0.0,0.0022366016637533903,0.003064728807657957,42
base_model.model.model.layers.21.mlp.up_proj.lora_A.weight,"(16, 2560)",0.9203640504917431,0.09453125298023224,2.4189889430999756,2.578502893447876,0.0,0.0,0.0102474894374609,0.010850034654140472,42
base_model.model.model.layers.21.mlp.up_proj.lora_B.weight,"(9728, 16)",0.010198310809129772,0.49397358298301697,0.9406631588935852,1.3498404026031494,0.0,0.0,0.0018391191260889173,0.0026862735394388437,42
base_model.model.model.layers.21.self_attn.k_proj.lora_A.weight,"(16, 2560)",0.889801177290901,0.11284179985523224,2.4440205097198486,2.488091230392456,0.0,0.0,0.010280447080731392,0.010440899059176445,42
base_model.model.model.layers.21.self_attn.k_proj.lora_B.weight,"(1024, 16)",0.04210113057878343,0.47979736328125,0.31138479709625244,0.4237525761127472,0.0,0.0,0.0018837905954569578,0.0025956081226468086,42
base_model.model.model.layers.21.self_attn.o_proj.lora_A.weight,"(16, 4096)",0.9088401528619711,0.1008453369140625,2.377727746963501,2.5457613468170166,0.0,0.0,0.007975613698363304,0.008435547351837158,42
base_model.model.model.layers.21.self_attn.o_proj.lora_B.weight,"(2560, 16)",-0.004485643543146947,0.5054931640625,0.37262091040611267,0.6342504620552063,0.0,0.0,0.0014510828768834472,0.0024905740283429623,42
base_model.model.model.layers.21.self_attn.q_proj.lora_A.weight,"(16, 2560)",0.8990263102561094,0.10988769680261612,2.4356136322021484,2.4859941005706787,0.0,0.0,0.010257442481815815,0.010438966564834118,42
base_model.model.model.layers.21.self_attn.q_proj.lora_B.weight,"(4096, 16)",0.017012570235213083,0.4913177490234375,0.5496299266815186,0.8712074756622314,0.0,0.0,0.001619797432795167,0.002679718192666769,42
base_model.model.model.layers.21.self_attn.v_proj.lora_A.weight,"(16, 2560)",0.9189644293901671,0.09426269680261612,2.392038345336914,2.471597671508789,0.0,0.0,0.010136897675693035,0.010399503633379936,42
base_model.model.model.layers.21.self_attn.v_proj.lora_B.weight,"(1024, 16)",0.0243582149084827,0.48388671875,0.22669510543346405,0.34910112619400024,0.0,0.0,0.0013792699901387095,0.00214957632124424,42
base_model.model.model.layers.22.mlp.down_proj.lora_A.weight,"(16, 9728)",0.7370473993545733,0.19142551720142365,2.619809150695801,2.9067163467407227,0.0,0.0,0.005561375059187412,0.0060807764530181885,42
base_model.model.model.layers.22.mlp.down_proj.lora_B.weight,"(2560, 16)",-0.0013609773693636885,0.5003906488418579,0.5660466551780701,0.6853280067443848,0.0,0.0,0.0021880059503018856,0.0026961416006088257,42
base_model.model.model.layers.22.mlp.gate_proj.lora_A.weight,"(16, 2560)",0.8838556641832281,0.11882324516773224,2.4264047145843506,2.6858534812927246,0.0,0.0,0.010253779590129852,0.01117637474089861,42
base_model.model.model.layers.22.mlp.gate_proj.lora_B.weight,"(9728, 16)",-0.0006945433802772698,0.5019274353981018,1.120911955833435,1.5240240097045898,0.0,0.0,0.0021305386908352375,0.0030485347378998995,42
base_model.model.model.layers.22.mlp.up_proj.lora_A.weight,"(16, 2560)",0.918418003198846,0.09450683742761612,2.4108989238739014,2.580033302307129,0.0,0.0,0.010204103775322437,0.010839469730854034,42
base_model.model.model.layers.22.mlp.up_proj.lora_B.weight,"(9728, 16)",-0.00481784344970065,0.5009058713912964,0.9847834706306458,1.3200583457946777,0.0,0.0,0.0019246359588578343,0.0026492378674447536,42
base_model.model.model.layers.22.self_attn.k_proj.lora_A.weight,"(16, 2560)",0.894685917880547,0.11020507663488388,2.410902500152588,2.5001978874206543,0.0,0.0,0.010170894674956799,0.010468860156834126,42
base_model.model.model.layers.22.self_attn.k_proj.lora_B.weight,"(1024, 16)",-0.002659603637098485,0.49951171875,0.2924060523509979,0.4496922492980957,0.0,0.0,0.0017357291653752327,0.002787826582789421,42
base_model.model.model.layers.22.self_attn.o_proj.lora_A.weight,"(16, 4096)",0.8950311406171213,0.1113128662109375,2.400750160217285,2.56587290763855,0.0,0.0,0.008031807839870453,0.008473331108689308,42
base_model.model.model.layers.22.self_attn.o_proj.lora_B.weight,"(2560, 16)",0.005285016564681338,0.49616700410842896,0.39520463347435,0.6514154672622681,0.0,0.0,0.0015510686207562685,0.0025489889085292816,42
base_model.model.model.layers.22.self_attn.q_proj.lora_A.weight,"(16, 2560)",0.9077231345462023,0.10356445610523224,2.4056003093719482,2.490722179412842,0.0,0.0,0.01019194908440113,0.010455342009663582,42
base_model.model.model.layers.22.self_attn.q_proj.lora_B.weight,"(4096, 16)",-0.008361716001059935,0.501800537109375,0.5474022030830383,0.8551186323165894,0.0,0.0,0.0016185867134481668,0.0026442166417837143,42
base_model.model.model.layers.22.self_attn.v_proj.lora_A.weight,"(16, 2560)",0.9095875643184022,0.1009521484375,2.41402006149292,2.490431785583496,0.0,0.0,0.010195920243859291,0.010457710362970829,42
base_model.model.model.layers.22.self_attn.v_proj.lora_B.weight,"(1024, 16)",0.025547443006349188,0.4891357421875,0.3000248968601227,0.3928920328617096,0.0,0.0,0.0018409823533147573,0.0024269730783998966,42
base_model.model.model.layers.23.mlp.down_proj.lora_A.weight,"(16, 9728)",0.7182019524466426,0.19927656650543213,2.662487030029297,2.9258947372436523,0.0,0.0,0.005635650362819433,0.006120643112808466,42
base_model.model.model.layers.23.mlp.down_proj.lora_B.weight,"(2560, 16)",9.954179955254101e-05,0.5020996332168579,0.6230729222297668,0.711665153503418,0.0,0.0,0.0024185783695429564,0.00281098997220397,42
base_model.model.model.layers.23.mlp.gate_proj.lora_A.weight,"(16, 2560)",0.866879724039258,0.12751464545726776,2.4736249446868896,2.7328972816467285,0.0,0.0,0.010411115363240242,0.011394623667001724,42
base_model.model.model.layers.23.mlp.gate_proj.lora_B.weight,"(9728, 16)",0.00523913913119585,0.4981561005115509,1.485141634941101,1.5659661293029785,0.0,0.0,0.002831283025443554,0.0031381219159811735,42
base_model.model.model.layers.23.mlp.up_proj.lora_A.weight,"(16, 2560)",0.9114431081119847,0.09821777045726776,2.4246609210968018,2.5982308387756348,0.0,0.0,0.010251885280013084,0.010919271036982536,42
base_model.model.model.layers.23.mlp.up_proj.lora_B.weight,"(9728, 16)",-0.00033615463498670804,0.49946674704551697,1.1096094846725464,1.3182308673858643,0.0,0.0,0.0021791961044073105,0.002647971734404564,42
base_model.model.model.layers.23.self_attn.k_proj.lora_A.weight,"(16, 2560)",0.8986282696179447,0.108642578125,2.4102492332458496,2.5031912326812744,0.0,0.0,0.010185827501118183,0.010492189787328243,42
base_model.model.model.layers.23.self_attn.k_proj.lora_B.weight,"(1024, 16)",0.015098284306856584,0.49127197265625,0.2867734432220459,0.4449842572212219,0.0,0.0,0.0017428073333576322,0.0027561504393815994,42
base_model.model.model.layers.23.self_attn.o_proj.lora_A.weight,"(16, 4096)",0.8809774191870967,0.1171722412109375,2.418562173843384,2.6161253452301025,0.0,0.0,0.008081838488578796,0.008632201701402664,42
base_model.model.model.layers.23.self_attn.o_proj.lora_B.weight,"(2560, 16)",0.005933450363905061,0.49809569120407104,0.46113285422325134,0.6690971851348877,0.0,0.0,0.0017922676634043455,0.002635372569784522,42
base_model.model.model.layers.23.self_attn.q_proj.lora_A.weight,"(16, 2560)",0.8934937943802937,0.1104736328125,2.4372923374176025,2.5284974575042725,0.0,0.0,0.010271674022078514,0.010598915629088879,42
base_model.model.model.layers.23.self_attn.q_proj.lora_B.weight,"(4096, 16)",0.025475067742278826,0.4861297607421875,0.6375335454940796,0.8854168057441711,0.0,0.0,0.0018849859479814768,0.0027363356202840805,42
base_model.model.model.layers.23.self_attn.v_proj.lora_A.weight,"(16, 2560)",0.9142055954728198,0.09633789211511612,2.3973138332366943,2.49326229095459,0.0,0.0,0.01015335600823164,0.01048376876860857,42
base_model.model.model.layers.23.self_attn.v_proj.lora_B.weight,"(1024, 16)",0.009838049113343787,0.495849609375,0.26038649678230286,0.381532222032547,0.0,0.0,0.0016022685449570417,0.002364818472415209,42
base_model.model.model.layers.24.mlp.down_proj.lora_A.weight,"(16, 9728)",0.7030327042364702,0.20577199757099152,2.7251555919647217,2.9068543910980225,0.0,0.0,0.005730633158236742,0.0060739158652722836,42
base_model.model.model.layers.24.mlp.down_proj.lora_B.weight,"(2560, 16)",0.003957534004049453,0.494140625,0.6110135316848755,0.6726109385490417,0.0,0.0,0.002350111026316881,0.0026628312189131975,42
base_model.model.model.layers.24.mlp.gate_proj.lora_A.weight,"(16, 2560)",0.8591226809147783,0.13181152939796448,2.5267133712768555,2.695617198944092,0.0,0.0,0.010590810328722,0.011218884959816933,42
base_model.model.model.layers.24.mlp.gate_proj.lora_B.weight,"(9728, 16)",0.003563194789616246,0.5007067322731018,1.7313199043273926,1.545132040977478,0.0,0.0,0.0033240255434066057,0.0031024932395666838,42
base_model.model.model.layers.24.mlp.up_proj.lora_A.weight,"(16, 2560)",0.9004401862679966,0.10627441108226776,2.4536445140838623,2.609609842300415,0.0,0.0,0.010342715308070183,0.010959630832076073,42
base_model.model.model.layers.24.mlp.up_proj.lora_B.weight,"(9728, 16)",0.0017061060348161894,0.49938321113586426,1.2930567264556885,1.3500566482543945,0.0,0.0,0.0025266287848353386,0.0027123650070279837,42
base_model.model.model.layers.24.self_attn.k_proj.lora_A.weight,"(16, 2560)",0.8414414135374694,0.1356201171875,2.5856335163116455,2.488802194595337,0.0,0.0,0.010716220363974571,0.010445235297083855,42
base_model.model.model.layers.24.self_attn.k_proj.lora_B.weight,"(1024, 16)",0.01701698092945489,0.496337890625,0.3927604854106903,0.4266875386238098,0.0,0.0,0.0021652316208928823,0.002665143460035324,42
base_model.model.model.layers.24.self_attn.o_proj.lora_A.weight,"(16, 4096)",0.8587560810209693,0.131622314453125,2.466296672821045,2.6252493858337402,0.0,0.0,0.008186683058738708,0.008622990921139717,42
base_model.model.model.layers.24.self_attn.o_proj.lora_B.weight,"(2560, 16)",0.0015667716502062042,0.4996093809604645,0.691687822341919,0.7027515172958374,0.0,0.0,0.002645732369273901,0.0027569052763283253,42
base_model.model.model.layers.24.self_attn.q_proj.lora_A.weight,"(16, 2560)",0.8885664240943149,0.11384277045726776,2.446101427078247,2.5048775672912598,0.0,0.0,0.01027764193713665,0.010502302087843418,42
base_model.model.model.layers.24.self_attn.q_proj.lora_B.weight,"(4096, 16)",0.02214252553697024,0.4928741455078125,0.8106397986412048,0.8866936564445496,0.0,0.0,0.0023024422116577625,0.002738513518124819,42
base_model.model.model.layers.24.self_attn.v_proj.lora_A.weight,"(16, 2560)",0.8982912859203094,0.10915527492761612,2.4239490032196045,2.4989469051361084,0.0,0.0,0.010228331200778484,0.01047450304031372,42
base_model.model.model.layers.24.self_attn.v_proj.lora_B.weight,"(1024, 16)",0.0170255477422723,0.487060546875,0.3328230679035187,0.4050423204898834,0.0,0.0,0.0020024545956403017,0.0025032474659383297,42
base_model.model.model.layers.25.mlp.down_proj.lora_A.weight,"(16, 9728)",0.6825762316889389,0.21609658002853394,2.8115007877349854,2.902454376220703,0.0,0.0,0.0058805858716368675,0.006063949316740036,42
base_model.model.model.layers.25.mlp.down_proj.lora_B.weight,"(2560, 16)",-0.0026599829066004752,0.501879870891571,0.6298156380653381,0.6972888112068176,0.0,0.0,0.002449332270771265,0.0027547148056328297,42
base_model.model.model.layers.25.mlp.gate_proj.lora_A.weight,"(16, 2560)",0.8477205616767614,0.13908691704273224,2.546180486679077,2.713242769241333,0.0,0.0,0.010654767975211143,0.011272714473307133,42
base_model.model.model.layers.25.mlp.gate_proj.lora_B.weight,"(9728, 16)",0.0026190085101545505,0.49737870693206787,1.7632482051849365,1.5441820621490479,0.0,0.0,0.003407426178455353,0.0030983849428594112,42
base_model.model.model.layers.25.mlp.up_proj.lora_A.weight,"(16, 2560)",0.8958320099351617,0.10983886569738388,2.480764865875244,2.6173923015594482,0.0,0.0,0.010461137630045414,0.010989895090460777,42
base_model.model.model.layers.25.mlp.up_proj.lora_B.weight,"(9728, 16)",0.0013036301377711567,0.49933183193206787,1.3574697971343994,1.3363544940948486,0.0,0.0,0.0026387572288513184,0.002686671447008848,42
base_model.model.model.layers.25.self_attn.k_proj.lora_A.weight,"(16, 2560)",0.9031252143301662,0.10791015625,2.3952081203460693,2.519493818283081,0.0,0.0,0.010141669772565365,0.010561247356235981,42
base_model.model.model.layers.25.self_attn.k_proj.lora_B.weight,"(1024, 16)",-0.004575283351971197,0.503173828125,0.2967382073402405,0.4489648938179016,0.0,0.0,0.0017809916753321886,0.0027664476074278355,42
base_model.model.model.layers.25.self_attn.o_proj.lora_A.weight,"(16, 4096)",0.8575001700634517,0.131500244140625,2.4597327709198,2.658843755722046,0.0,0.0,0.008182159624993801,0.008729368448257446,42
base_model.model.model.layers.25.self_attn.o_proj.lora_B.weight,"(2560, 16)",-0.0006296288049652233,0.5024169683456421,0.6319177150726318,0.725353479385376,0.0,0.0,0.0024520065635442734,0.0028650485910475254,42
base_model.model.model.layers.25.self_attn.q_proj.lora_A.weight,"(16, 2560)",0.8962463219553987,0.10800781100988388,2.4524717330932617,2.4836864471435547,0.0,0.0,0.010318450629711151,0.010458358563482761,42
base_model.model.model.layers.25.self_attn.q_proj.lora_B.weight,"(4096, 16)",0.008213738336454408,0.49810791015625,0.6685245633125305,0.902894914150238,0.0,0.0,0.0019751458894461393,0.002794699976220727,42
base_model.model.model.layers.25.self_attn.v_proj.lora_A.weight,"(16, 2560)",0.9009143891684495,0.10700683295726776,2.406447649002075,2.5251832008361816,0.0,0.0,0.010172643698751926,0.010601287707686424,42
base_model.model.model.layers.25.self_attn.v_proj.lora_B.weight,"(1024, 16)",0.011442676858145583,0.49053955078125,0.31444746255874634,0.390674352645874,0.0,0.0,0.001920514041557908,0.002405875828117132,42
base_model.model.model.layers.26.mlp.down_proj.lora_A.weight,"(16, 9728)",0.6694192461410665,0.2234143763780594,2.8702335357666016,2.917538642883301,0.0,0.0,0.005989492870867252,0.006092284340411425,42
base_model.model.model.layers.26.mlp.down_proj.lora_B.weight,"(2560, 16)",0.0030233557761706106,0.501391589641571,0.6825945973396301,0.7071619629859924,0.0,0.0,0.0026372596621513367,0.0027981726452708244,42
base_model.model.model.layers.26.mlp.gate_proj.lora_A.weight,"(16, 2560)",0.839192996230658,0.14101561903953552,2.58205509185791,2.7382993698120117,0.0,0.0,0.010781882330775261,0.011387516744434834,42
base_model.model.model.layers.26.mlp.gate_proj.lora_B.weight,"(9728, 16)",0.002935695126996674,0.4990619719028473,1.82986581325531,1.5991874933242798,0.0,0.0,0.0035233497619628906,0.0031926094088703394,42
base_model.model.model.layers.26.mlp.up_proj.lora_A.weight,"(16, 2560)",0.8874166231686343,0.11215820163488388,2.4821643829345703,2.666779041290283,0.0,0.0,0.010477776639163494,0.011168355122208595,42
base_model.model.model.layers.26.mlp.up_proj.lora_B.weight,"(9728, 16)",0.0005974387732163276,0.4989270567893982,1.4074567556381226,1.3850619792938232,0.0,0.0,0.002727299928665161,0.002784821903333068,42
base_model.model.model.layers.26.self_attn.k_proj.lora_A.weight,"(16, 2560)",0.8969536341561611,0.11049804836511612,2.4117679595947266,2.514336109161377,0.0,0.0,0.01019403524696827,0.010535764507949352,42
base_model.model.model.layers.26.self_attn.k_proj.lora_B.weight,"(1024, 16)",0.012975113973772656,0.49188232421875,0.32525065541267395,0.44441142678260803,0.0,0.0,0.001957482425495982,0.002754712477326393,42
base_model.model.model.layers.26.self_attn.o_proj.lora_A.weight,"(16, 4096)",0.856642581719756,0.1334686279296875,2.4337520599365234,2.6998391151428223,0.0,0.0,0.008110311813652515,0.00884554348886013,42
base_model.model.model.layers.26.self_attn.o_proj.lora_B.weight,"(2560, 16)",-0.003648805741021608,0.4986328184604645,0.49769675731658936,0.7561048269271851,0.0,0.0,0.0019520942587405443,0.0029740820173174143,42
base_model.model.model.layers.26.self_attn.q_proj.lora_A.weight,"(16, 2560)",0.8872630393531543,0.11335448920726776,2.452960729598999,2.524015188217163,0.0,0.0,0.01033434085547924,0.010588539764285088,42
base_model.model.model.layers.26.self_attn.q_proj.lora_B.weight,"(4096, 16)",0.008087356173745903,0.497833251953125,0.7073848247528076,0.9674941301345825,0.0,0.0,0.0020917796064168215,0.0030039497651159763,42
base_model.model.model.layers.26.self_attn.v_proj.lora_A.weight,"(16, 2560)",0.9049495741225992,0.10371093451976776,2.407562494277954,2.5041093826293945,0.0,0.0,0.010184240527451038,0.010504411533474922,42
base_model.model.model.layers.26.self_attn.v_proj.lora_B.weight,"(1024, 16)",0.008716737214522501,0.498291015625,0.28446105122566223,0.3774399161338806,0.0,0.0,0.0017557606333866715,0.002332948613911867,42
base_model.model.model.layers.27.mlp.down_proj.lora_A.weight,"(16, 9728)",0.6660571827017969,0.22218723595142365,2.8814640045166016,2.9428658485412598,0.0,0.0,0.006005000788718462,0.006152611691504717,42
base_model.model.model.layers.27.mlp.down_proj.lora_B.weight,"(2560, 16)",0.009653202438757863,0.49445801973342896,0.6344035267829895,0.7256583571434021,0.0,0.0,0.0024689999409019947,0.002872597426176071,42
base_model.model.model.layers.27.mlp.gate_proj.lora_A.weight,"(16, 2560)",0.8350708874730347,0.144287109375,2.6081645488739014,2.733185052871704,0.0,0.0,0.010886442847549915,0.011370895430445671,42
base_model.model.model.layers.27.mlp.gate_proj.lora_B.weight,"(9728, 16)",0.0018908774226830466,0.4982781708240509,1.7708814144134521,1.57541024684906,0.0,0.0,0.003408607328310609,0.003152790479362011,42
base_model.model.model.layers.27.mlp.up_proj.lora_A.weight,"(16, 2560)",0.8914130334194809,0.11149902641773224,2.4857473373413086,2.6284470558166504,0.0,0.0,0.010456827469170094,0.011029722169041634,42
base_model.model.model.layers.27.mlp.up_proj.lora_B.weight,"(9728, 16)",0.004567799865471257,0.49817538261413574,1.49468994140625,1.3405495882034302,0.0,0.0,0.0029382575303316116,0.0027006845921278,42
base_model.model.model.layers.27.self_attn.k_proj.lora_A.weight,"(16, 2560)",0.8884283445021904,0.11674804985523224,2.4398703575134277,2.4917798042297363,0.0,0.0,0.01025632955133915,0.010426798835396767,42
base_model.model.model.layers.27.self_attn.k_proj.lora_B.weight,"(1024, 16)",0.010055696415130568,0.49169921875,0.3724992275238037,0.4402174949645996,0.0,0.0,0.002248464385047555,0.002739507704973221,42
base_model.model.model.layers.27.self_attn.o_proj.lora_A.weight,"(16, 4096)",0.8616003990637578,0.131195068359375,2.4446277618408203,2.624562978744507,0.0,0.0,0.008119524456560612,0.008622830733656883,42
base_model.model.model.layers.27.self_attn.o_proj.lora_B.weight,"(2560, 16)",-0.006132167878435606,0.5032714605331421,0.5949956774711609,0.6923176050186157,0.0,0.0,0.002299495041370392,0.0027318750508129597,42
base_model.model.model.layers.27.self_attn.q_proj.lora_A.weight,"(16, 2560)",0.8877090323106255,0.11586914211511612,2.458932876586914,2.5088164806365967,0.0,0.0,0.010338010266423225,0.010514804162085056,42
base_model.model.model.layers.27.self_attn.q_proj.lora_B.weight,"(4096, 16)",0.002557157904201434,0.4931793212890625,0.7358435392379761,0.856741189956665,0.0,0.0,0.0021653121802955866,0.00265324953943491,42
base_model.model.model.layers.27.self_attn.v_proj.lora_A.weight,"(16, 2560)",0.8910887613225068,0.10939941555261612,2.4383316040039062,2.5011343955993652,0.0,0.0,0.01027064211666584,0.010480968281626701,42
base_model.model.model.layers.27.self_attn.v_proj.lora_B.weight,"(1024, 16)",0.008658613787073015,0.493408203125,0.33681780099868774,0.37060919404029846,0.0,0.0,0.0020304452627897263,0.002287633251398802,42
base_model.model.model.layers.28.mlp.down_proj.lora_A.weight,"(16, 9728)",0.6477322162143615,0.22978129982948303,2.9696624279022217,2.938793659210205,0.0,0.0,0.006161400116980076,0.006143126171082258,42
base_model.model.model.layers.28.mlp.down_proj.lora_B.weight,"(2560, 16)",-0.0025063567042525794,0.500683605670929,0.6585602760314941,0.7271006107330322,0.0,0.0,0.0025603638496249914,0.0028710919432342052,42
base_model.model.model.layers.28.mlp.gate_proj.lora_A.weight,"(16, 2560)",0.83739379834697,0.14328613877296448,2.5922393798828125,2.7618179321289062,0.0,0.0,0.01084231398999691,0.011477547697722912,42
base_model.model.model.layers.28.mlp.gate_proj.lora_B.weight,"(9728, 16)",0.001302027798392775,0.5011885762214661,1.9766991138458252,1.5680992603302002,0.0,0.0,0.003860051278024912,0.003150958800688386,42
base_model.model.model.layers.28.mlp.up_proj.lora_A.weight,"(16, 2560)",0.8869694104528346,0.11638183891773224,2.504934787750244,2.6569583415985107,0.0,0.0,0.010538851842284203,0.011132490821182728,42
base_model.model.model.layers.28.mlp.up_proj.lora_B.weight,"(9728, 16)",0.0056722355929876445,0.49866366386413574,1.4895657300949097,1.3879425525665283,0.0,0.0,0.0029040707740932703,0.002792677376419306,42
base_model.model.model.layers.28.self_attn.k_proj.lora_A.weight,"(16, 2560)",0.8843909173356359,0.11640624701976776,2.444196939468384,2.4920742511749268,0.0,0.0,0.010285360738635063,0.010440649464726448,42
base_model.model.model.layers.28.self_attn.k_proj.lora_B.weight,"(1024, 16)",-0.004841575677961918,0.4998779296875,0.3444742262363434,0.42326492071151733,0.0,0.0,0.0020736323203891516,0.0026238104328513145,42
base_model.model.model.layers.28.self_attn.o_proj.lora_A.weight,"(16, 4096)",0.8666674488254974,0.12640380859375,2.449148178100586,2.671743154525757,0.0,0.0,0.008174639195203781,0.00877599697560072,42
base_model.model.model.layers.28.self_attn.o_proj.lora_B.weight,"(2560, 16)",0.004430655426699629,0.49755859375,0.5235824584960938,0.7255821228027344,0.0,0.0,0.0020256198477,0.002860600594431162,42
base_model.model.model.layers.28.self_attn.q_proj.lora_A.weight,"(16, 2560)",0.8969159249900066,0.10983886569738388,2.4501497745513916,2.4902796745300293,0.0,0.0,0.010327199473977089,0.01047968864440918,42
base_model.model.model.layers.28.self_attn.q_proj.lora_B.weight,"(4096, 16)",0.003466412150703534,0.5019989013671875,0.7476339936256409,0.8982805013656616,0.0,0.0,0.002190154977142811,0.0027777492068707943,42
base_model.model.model.layers.28.self_attn.v_proj.lora_A.weight,"(16, 2560)",0.8861165905409867,0.11342773586511612,2.4536077976226807,2.515329599380493,0.0,0.0,0.010310609824955463,0.01055537536740303,42
base_model.model.model.layers.28.self_attn.v_proj.lora_B.weight,"(1024, 16)",0.0076892202666942015,0.49090576171875,0.3178733289241791,0.4054136574268341,0.0,0.0,0.0019520418718457222,0.0025106335524469614,42
base_model.model.model.layers.29.mlp.down_proj.lora_A.weight,"(16, 9728)",0.656537315618379,0.22397975623607635,2.9565610885620117,2.9165337085723877,0.0,0.0,0.006129395216703415,0.006104243453592062,42
base_model.model.model.layers.29.mlp.down_proj.lora_B.weight,"(2560, 16)",0.014109361599942836,0.49604493379592896,0.6211440563201904,0.722490131855011,0.0,0.0,0.0024215453304350376,0.0028472228441387415,42
base_model.model.model.layers.29.mlp.gate_proj.lora_A.weight,"(16, 2560)",0.8156123399450982,0.15537109971046448,2.6253931522369385,2.8150594234466553,0.0,0.0,0.010931764729321003,0.011645941063761711,42
base_model.model.model.layers.29.mlp.gate_proj.lora_B.weight,"(9728, 16)",0.0017843656327288003,0.5002827048301697,1.9274760484695435,1.6393992900848389,0.0,0.0,0.003764543915167451,0.0033022125717252493,42
base_model.model.model.layers.29.mlp.up_proj.lora_A.weight,"(16, 2560)",0.869584057075125,0.12604980170726776,2.514981985092163,2.6944706439971924,0.0,0.0,0.010548044927418232,0.011243682354688644,42
base_model.model.model.layers.29.mlp.up_proj.lora_B.weight,"(9728, 16)",0.0013268953560739319,0.49937036633491516,1.6101534366607666,1.4149746894836426,0.0,0.0,0.0031436700373888016,0.002850685501471162,42
base_model.model.model.layers.29.self_attn.k_proj.lora_A.weight,"(16, 2560)",0.9021944272605116,0.106689453125,2.4130005836486816,2.4887473583221436,0.0,0.0,0.01019512303173542,0.010449673049151897,42
base_model.model.model.layers.29.self_attn.k_proj.lora_B.weight,"(1024, 16)",0.0032642916900017193,0.4945068359375,0.3346562087535858,0.4180437922477722,0.0,0.0,0.002014539437368512,0.002583365887403488,42
base_model.model.model.layers.29.self_attn.o_proj.lora_A.weight,"(16, 4096)",0.856014958577774,0.13214111328125,2.430647373199463,2.696483850479126,0.0,0.0,0.008115721866488457,0.008837439119815826,42
base_model.model.model.layers.29.self_attn.o_proj.lora_B.weight,"(2560, 16)",0.004051068170502991,0.49772948026657104,0.44104495644569397,0.7596402764320374,0.0,0.0,0.0017317387973889709,0.0029938623774796724,42
base_model.model.model.layers.29.self_attn.q_proj.lora_A.weight,"(16, 2560)",0.8885912987881167,0.11481933295726776,2.4620137214660645,2.5130343437194824,0.0,0.0,0.010340875945985317,0.010535841807723045,42
base_model.model.model.layers.29.self_attn.q_proj.lora_B.weight,"(4096, 16)",-0.0008674351233434625,0.50030517578125,0.7020984888076782,0.9051758646965027,0.0,0.0,0.0020409561693668365,0.0027996348217129707,42
base_model.model.model.layers.29.self_attn.v_proj.lora_A.weight,"(16, 2560)",0.9080411166817085,0.1004638671875,2.3898684978485107,2.4970712661743164,0.0,0.0,0.010118195787072182,0.010492080822587013,42
base_model.model.model.layers.29.self_attn.v_proj.lora_B.weight,"(1024, 16)",0.040346621562803116,0.4791259765625,0.30548515915870667,0.3773913085460663,0.0,0.0,0.0018813938368111849,0.0023406753316521645,42
base_model.model.model.layers.3.mlp.down_proj.lora_A.weight,"(16, 9728)",0.7734776049625982,0.1674547642469406,2.5034711360931396,2.8372600078582764,0.0,0.0,0.005367517936974764,0.005944772157818079,42
base_model.model.model.layers.3.mlp.down_proj.lora_B.weight,"(2560, 16)",0.007214096199100296,0.49873048067092896,0.4341752231121063,0.667885422706604,0.0,0.0,0.0017166659235954285,0.0026299874298274517,42
base_model.model.model.layers.3.mlp.gate_proj.lora_A.weight,"(16, 2560)",0.8787819771612647,0.1234130859375,2.3825721740722656,2.665681838989258,0.0,0.0,0.010097801685333252,0.011048790998756886,42
base_model.model.model.layers.3.mlp.gate_proj.lora_B.weight,"(9728, 16)",0.007311483728753431,0.4745129942893982,1.0289695262908936,1.6145848035812378,0.0,0.0,0.0018898277776315808,0.0029512906912714243,42
base_model.model.model.layers.3.mlp.up_proj.lora_A.weight,"(16, 2560)",0.9119784034572321,0.10024414211511612,2.3865420818328857,2.5247981548309326,0.0,0.0,0.010131384246051311,0.010597392916679382,42
base_model.model.model.layers.3.mlp.up_proj.lora_B.weight,"(9728, 16)",-0.06893907148030741,0.5120978355407715,0.9396186470985413,1.2408416271209717,0.0,0.0,0.001751166069880128,0.002156190574169159,42
base_model.model.model.layers.3.self_attn.k_proj.lora_A.weight,"(16, 2560)",0.896590118500552,0.108642578125,2.4320809841156006,2.4740183353424072,0.0,0.0,0.01024557463824749,0.010380784049630165,42
base_model.model.model.layers.3.self_attn.k_proj.lora_B.weight,"(1024, 16)",-0.023134214616617816,0.50811767578125,0.32606765627861023,0.3891911804676056,0.0,0.0,0.0019374602707102895,0.0024120521266013384,42
base_model.model.model.layers.3.self_attn.o_proj.lora_A.weight,"(16, 4096)",0.8884491012632587,0.11370849609375,2.425320863723755,2.5283761024475098,0.0,0.0,0.008091222494840622,0.008364927023649216,42
base_model.model.model.layers.3.self_attn.o_proj.lora_B.weight,"(2560, 16)",0.004639769060362247,0.4988769590854645,0.4857785999774933,0.5420903563499451,0.0,0.0,0.001923881471157074,0.0021250571589916945,42
base_model.model.model.layers.3.self_attn.q_proj.lora_A.weight,"(16, 2560)",0.9128863863085918,0.10085449367761612,2.3992209434509277,2.495943307876587,0.0,0.0,0.01016637496650219,0.010482104495167732,42
base_model.model.model.layers.3.self_attn.q_proj.lora_B.weight,"(4096, 16)",0.00017373430453669216,0.4990081787109375,0.6521110534667969,0.7859001159667969,0.0,0.0,0.0019490448758006096,0.00241465144790709,42
base_model.model.model.layers.3.self_attn.v_proj.lora_A.weight,"(16, 2560)",0.9155501283784505,0.09675292670726776,2.4113965034484863,2.46273136138916,0.0,0.0,0.01021034736186266,0.010393967851996422,42
base_model.model.model.layers.3.self_attn.v_proj.lora_B.weight,"(1024, 16)",0.06296639538040825,0.4697265625,0.25142887234687805,0.2944621443748474,0.0,0.0,0.00158314302098006,0.001832613255828619,42
base_model.model.model.layers.30.mlp.down_proj.lora_A.weight,"(16, 9728)",0.633756566809528,0.23572419583797455,3.0247769355773926,2.91302490234375,0.0,0.0,0.006249856669455767,0.006085841450840235,42
base_model.model.model.layers.30.mlp.down_proj.lora_B.weight,"(2560, 16)",-0.005810903126076531,0.5025634765625,0.669298529624939,0.6996673941612244,0.0,0.0,0.002583413850516081,0.002753114327788353,42
base_model.model.model.layers.30.mlp.gate_proj.lora_A.weight,"(16, 2560)",0.8151225785521103,0.153076171875,2.6191017627716064,2.84184193611145,0.0,0.0,0.01090964861214161,0.011750196106731892,42
base_model.model.model.layers.30.mlp.gate_proj.lora_B.weight,"(9728, 16)",-0.0048857016913231004,0.5017860531806946,1.9435484409332275,1.6343348026275635,0.0,0.0,0.003808883484452963,0.0032980861142277718,42
base_model.model.model.layers.30.mlp.up_proj.lora_A.weight,"(16, 2560)",0.863977583791297,0.1285400390625,2.5277087688446045,2.7160582542419434,0.0,0.0,0.010598905384540558,0.01133044809103012,42
base_model.model.model.layers.30.mlp.up_proj.lora_B.weight,"(9728, 16)",-0.00035335054975177963,0.49992290139198303,1.6566319465637207,1.4578437805175781,0.0,0.0,0.003234526142477989,0.002936149016022682,42
base_model.model.model.layers.30.self_attn.k_proj.lora_A.weight,"(16, 2560)",0.8664824917970928,0.1265869140625,2.5205869674682617,2.502709150314331,0.0,0.0,0.010554728098213673,0.01050136424601078,42
base_model.model.model.layers.30.self_attn.k_proj.lora_B.weight,"(1024, 16)",0.033062305968322075,0.4908447265625,0.3804748058319092,0.41141393780708313,0.0,0.0,0.002193039981648326,0.0025229668244719505,42
base_model.model.model.layers.30.self_attn.o_proj.lora_A.weight,"(16, 4096)",0.8464888232417178,0.1337890625,2.4805757999420166,2.6616737842559814,0.0,0.0,0.008219033479690552,0.008740382269024849,42
base_model.model.model.layers.30.self_attn.o_proj.lora_B.weight,"(2560, 16)",0.003628999274630089,0.500927746295929,0.565334141254425,0.7289671301841736,0.0,0.0,0.002181457122787833,0.0028634320478886366,42
base_model.model.model.layers.30.self_attn.q_proj.lora_A.weight,"(16, 2560)",0.8727632870538358,0.12404785305261612,2.4958317279815674,2.5010323524475098,0.0,0.0,0.010454835370182991,0.010499506257474422,42
base_model.model.model.layers.30.self_attn.q_proj.lora_B.weight,"(4096, 16)",0.00429126368206696,0.4979248046875,0.7932828664779663,0.8910081386566162,0.0,0.0,0.002300685504451394,0.002746544312685728,42
base_model.model.model.layers.30.self_attn.v_proj.lora_A.weight,"(16, 2560)",0.8994972357810641,0.10463867336511612,2.4312844276428223,2.4907541275024414,0.0,0.0,0.010240944102406502,0.010481922887265682,42
base_model.model.model.layers.30.self_attn.v_proj.lora_B.weight,"(1024, 16)",0.01657555609938703,0.49224853515625,0.29805880784988403,0.3832939863204956,0.0,0.0,0.0018460507271811366,0.0023597837425768375,42
base_model.model.model.layers.31.mlp.down_proj.lora_A.weight,"(16, 9728)",0.6284373139944293,0.23748457431793213,3.077949285507202,2.9208076000213623,0.0,0.0,0.0063353716395795345,0.0061113000847399235,42
base_model.model.model.layers.31.mlp.down_proj.lora_B.weight,"(2560, 16)",0.0024876499552457998,0.4964599609375,0.6697794198989868,0.7099260687828064,0.0,0.0,0.0026264875195920467,0.002796466462314129,42
base_model.model.model.layers.31.mlp.gate_proj.lora_A.weight,"(16, 2560)",0.8127982475770806,0.15549317002296448,2.5750644207000732,2.8787317276000977,0.0,0.0,0.010733517818152905,0.011873697862029076,42
base_model.model.model.layers.31.mlp.gate_proj.lora_B.weight,"(9728, 16)",0.0007507927914631023,0.49935752153396606,1.9320605993270874,1.6214650869369507,0.0,0.0,0.0037798576522618532,0.003272692672908306,42
base_model.model.model.layers.31.mlp.up_proj.lora_A.weight,"(16, 2560)",0.8511113643919145,0.1351318359375,2.5147316455841064,2.7982702255249023,0.0,0.0,0.010573330335319042,0.011625843122601509,42
base_model.model.model.layers.31.mlp.up_proj.lora_B.weight,"(9728, 16)",0.00017327624632252408,0.5017475485801697,1.587023377418518,1.5487021207809448,0.0,0.0,0.0030776923522353172,0.0031226836144924164,42
base_model.model.model.layers.31.self_attn.k_proj.lora_A.weight,"(16, 2560)",0.8823718558730776,0.11687012016773224,2.450101137161255,2.5093836784362793,0.0,0.0,0.010300489142537117,0.010523696430027485,42
base_model.model.model.layers.31.self_attn.k_proj.lora_B.weight,"(1024, 16)",0.01314950794782936,0.49444580078125,0.35196223855018616,0.4441792070865631,0.0,0.0,0.0020867318380624056,0.0027483950834721327,42
base_model.model.model.layers.31.self_attn.o_proj.lora_A.weight,"(16, 4096)",0.8456113372384348,0.1361846923828125,2.4956283569335938,2.7054271697998047,0.0,0.0,0.008279387839138508,0.008877984248101711,42
base_model.model.model.layers.31.self_attn.o_proj.lora_B.weight,"(2560, 16)",-0.004915477330589929,0.502368152141571,0.5979353785514832,0.7615038156509399,0.0,0.0,0.0023093372583389282,0.0030009644106030464,42
base_model.model.model.layers.31.self_attn.q_proj.lora_A.weight,"(16, 2560)",0.887746919815275,0.11616210639476776,2.461120843887329,2.4993560314178467,0.0,0.0,0.01035702507942915,0.01048134546726942,42
base_model.model.model.layers.31.self_attn.q_proj.lora_B.weight,"(4096, 16)",0.010688611559944031,0.493438720703125,0.6897684931755066,0.9124184250831604,0.0,0.0,0.0020039842929691076,0.00283079594373703,42
base_model.model.model.layers.31.self_attn.v_proj.lora_A.weight,"(16, 2560)",0.8783842129226811,0.12001953274011612,2.470324754714966,2.524168014526367,0.0,0.0,0.010355566628277302,0.010570443235337734,42
base_model.model.model.layers.31.self_attn.v_proj.lora_B.weight,"(1024, 16)",0.011307751401269123,0.49169921875,0.3518907129764557,0.38907164335250854,0.0,0.0,0.002141954144462943,0.0024020604323595762,42
base_model.model.model.layers.32.mlp.down_proj.lora_A.weight,"(16, 9728)",0.6255649190897251,0.23614823818206787,3.071800470352173,2.9318723678588867,0.0,0.0,0.006332922261208296,0.006124446168541908,42
base_model.model.model.layers.32.mlp.down_proj.lora_B.weight,"(2560, 16)",-0.006492609084031519,0.504467785358429,0.6811666488647461,0.750718355178833,0.0,0.0,0.0026496786158531904,0.002944901818409562,42
base_model.model.model.layers.32.mlp.gate_proj.lora_A.weight,"(16, 2560)",0.8061713069693208,0.16059570014476776,2.5899436473846436,2.8778960704803467,0.0,0.0,0.010808644816279411,0.011878231540322304,42
base_model.model.model.layers.32.mlp.gate_proj.lora_B.weight,"(9728, 16)",0.0005655157882033406,0.5003083944320679,1.9020137786865234,1.6487092971801758,0.0,0.0,0.003685122588649392,0.003331783227622509,42
base_model.model.model.layers.32.mlp.up_proj.lora_A.weight,"(16, 2560)",0.8663728384940843,0.12692871689796448,2.498460531234741,2.74711012840271,0.0,0.0,0.010513079352676868,0.01142883487045765,42
base_model.model.model.layers.32.mlp.up_proj.lora_B.weight,"(9728, 16)",3.093013562020773e-05,0.5010215640068054,1.6318618059158325,1.4987632036209106,0.0,0.0,0.0031665300484746695,0.0030170511454343796,42
base_model.model.model.layers.32.self_attn.k_proj.lora_A.weight,"(16, 2560)",0.8871507787790549,0.11716308444738388,2.455949068069458,2.491398572921753,0.0,0.0,0.010329180397093296,0.010440965183079243,42
base_model.model.model.layers.32.self_attn.k_proj.lora_B.weight,"(1024, 16)",0.026604402555707132,0.4906005859375,0.39330413937568665,0.4058418571949005,0.0,0.0,0.0023092483170330524,0.0025102482177317142,42
base_model.model.model.layers.32.self_attn.o_proj.lora_A.weight,"(16, 4096)",0.8423435988700003,0.138946533203125,2.5174977779388428,2.6671500205993652,0.0,0.0,0.008321663364768028,0.008766544051468372,42
base_model.model.model.layers.32.self_attn.o_proj.lora_B.weight,"(2560, 16)",-0.005346815177627982,0.504101574420929,0.7292354106903076,0.758523166179657,0.0,0.0,0.0027864708099514246,0.002993823727592826,42
base_model.model.model.layers.32.self_attn.q_proj.lora_A.weight,"(16, 2560)",0.879055244211341,0.11909179389476776,2.4969840049743652,2.4869253635406494,0.0,0.0,0.010469825007021427,0.010438417084515095,42
base_model.model.model.layers.32.self_attn.q_proj.lora_B.weight,"(4096, 16)",-0.015159627379060233,0.504364013671875,0.8638002276420593,0.8955491185188293,0.0,0.0,0.0025084223598241806,0.0027663693763315678,42
base_model.model.model.layers.32.self_attn.v_proj.lora_A.weight,"(16, 2560)",0.8388776778611617,0.135498046875,2.6107592582702637,2.5237154960632324,0.0,0.0,0.010827544145286083,0.010584402829408646,42
base_model.model.model.layers.32.self_attn.v_proj.lora_B.weight,"(1024, 16)",-0.0004633944610819882,0.4930419921875,0.4620085060596466,0.4078099727630615,0.0,0.0,0.002700377255678177,0.0025198215153068304,42
base_model.model.model.layers.33.mlp.down_proj.lora_A.weight,"(16, 9728)",0.6669224149975558,0.21702174842357635,2.9157044887542725,2.8724570274353027,0.0,0.0,0.00604192866012454,0.006014606449753046,42
base_model.model.model.layers.33.mlp.down_proj.lora_B.weight,"(2560, 16)",0.016723328355778576,0.4921875,0.6669988036155701,0.684341549873352,0.0,0.0,0.0026137419044971466,0.002696104347705841,42
base_model.model.model.layers.33.mlp.gate_proj.lora_A.weight,"(16, 2560)",0.8085269098921584,0.1583251953125,2.6015706062316895,2.8443565368652344,0.0,0.0,0.010861441493034363,0.011754737235605717,42
base_model.model.model.layers.33.mlp.gate_proj.lora_B.weight,"(9728, 16)",0.005369529111898951,0.49931254982948303,1.9658303260803223,1.644371747970581,0.0,0.0,0.003777703968808055,0.0033164366614073515,42
base_model.model.model.layers.33.mlp.up_proj.lora_A.weight,"(16, 2560)",0.8617627541387165,0.12778320908546448,2.5177063941955566,2.7524569034576416,0.0,0.0,0.010606730356812477,0.011469101533293724,42
base_model.model.model.layers.33.mlp.up_proj.lora_B.weight,"(9728, 16)",-0.0007367548590275402,0.5021330118179321,1.6936454772949219,1.5370596647262573,0.0,0.0,0.003249458270147443,0.003093694569543004,42
base_model.model.model.layers.33.self_attn.k_proj.lora_A.weight,"(16, 2560)",0.8781127120605418,0.1241455078125,2.4778923988342285,2.481961488723755,0.0,0.0,0.010400550439953804,0.010427765548229218,42
base_model.model.model.layers.33.self_attn.k_proj.lora_B.weight,"(1024, 16)",-0.010868258933383102,0.50628662109375,0.349442720413208,0.4185869097709656,0.0,0.0,0.002023715525865555,0.0025901959743350744,42
base_model.model.model.layers.33.self_attn.o_proj.lora_A.weight,"(16, 4096)",0.8368051279888669,0.1380615234375,2.5360960960388184,2.6751129627227783,0.0,0.0,0.008376390673220158,0.008793359622359276,42
base_model.model.model.layers.33.self_attn.o_proj.lora_B.weight,"(2560, 16)",-0.0005769962201850513,0.49543458223342896,0.8164816498756409,0.7582904100418091,0.0,0.0,0.00314607797190547,0.0029880646616220474,42
base_model.model.model.layers.33.self_attn.q_proj.lora_A.weight,"(16, 2560)",0.8662869113444629,0.12714843451976776,2.5077314376831055,2.5052127838134766,0.0,0.0,0.010477744042873383,0.010492635890841484,42
base_model.model.model.layers.33.self_attn.q_proj.lora_B.weight,"(4096, 16)",-0.002266669818760074,0.5005035400390625,0.7212851643562317,0.891687273979187,0.0,0.0,0.0020709186792373657,0.002753020264208317,42
base_model.model.model.layers.33.self_attn.v_proj.lora_A.weight,"(16, 2560)",0.8435817698240843,0.13364258408546448,2.5889618396759033,2.500248432159424,0.0,0.0,0.010736525058746338,0.010487331077456474,42
base_model.model.model.layers.33.self_attn.v_proj.lora_B.weight,"(1024, 16)",-0.017587953042428772,0.5023193359375,0.39128512144088745,0.4100726842880249,0.0,0.0,0.0023612105287611485,0.002526841824874282,42
base_model.model.model.layers.34.mlp.down_proj.lora_A.weight,"(16, 9728)",0.6592144645845145,0.2171502411365509,2.9794397354125977,2.7890360355377197,0.0,0.0,0.006151934154331684,0.005850715562701225,42
base_model.model.model.layers.34.mlp.down_proj.lora_B.weight,"(2560, 16)",-0.0030612613249306267,0.5036865472793579,0.6366803050041199,0.6105037331581116,0.0,0.0,0.0024775555357337,0.002411473309621215,42
base_model.model.model.layers.34.mlp.gate_proj.lora_A.weight,"(16, 2560)",0.8211394511774088,0.15046386420726776,2.670902729034424,2.6762897968292236,0.0,0.0,0.011053460650146008,0.011118889786303043,42
base_model.model.model.layers.34.mlp.gate_proj.lora_B.weight,"(9728, 16)",-0.0006013636595400507,0.5001349449157715,1.9538103342056274,1.5340757369995117,0.0,0.0,0.003697178792208433,0.0030907997861504555,42
base_model.model.model.layers.34.mlp.up_proj.lora_A.weight,"(16, 2560)",0.8330580583250755,0.14431151747703552,2.5749497413635254,2.690096378326416,0.0,0.0,0.01071147806942463,0.011182750575244427,42
base_model.model.model.layers.34.mlp.up_proj.lora_B.weight,"(9728, 16)",0.0021093584573010616,0.49847090244293213,1.7803877592086792,1.5437499284744263,0.0,0.0,0.003207842819392681,0.003110674675554037,42
base_model.model.model.layers.34.self_attn.k_proj.lora_A.weight,"(16, 2560)",0.8617768538088495,0.13083496689796448,2.534728527069092,2.4773342609405518,0.0,0.0,0.010556447319686413,0.010389329865574837,42
base_model.model.model.layers.34.self_attn.k_proj.lora_B.weight,"(1024, 16)",0.02844422623239578,0.490478515625,0.4619339108467102,0.42154446244239807,0.0,0.0,0.0026663870085030794,0.0025807623751461506,42
base_model.model.model.layers.34.self_attn.o_proj.lora_A.weight,"(16, 4096)",0.8318621950117022,0.1402435302734375,2.6018176078796387,2.58270001411438,0.0,0.0,0.008526908233761787,0.008532572537660599,42
base_model.model.model.layers.34.self_attn.o_proj.lora_B.weight,"(2560, 16)",0.014216037498529692,0.49323731660842896,0.7151616811752319,0.6745507121086121,0.0,0.0,0.0027845939621329308,0.0026452119927853346,42
base_model.model.model.layers.34.self_attn.q_proj.lora_A.weight,"(16, 2560)",0.8901416909389798,0.11369629204273224,2.455665349960327,2.4682652950286865,0.0,0.0,0.010320840403437614,0.010374422185122967,42
base_model.model.model.layers.34.self_attn.q_proj.lora_B.weight,"(4096, 16)",-0.007246675282150052,0.4981689453125,1.0428166389465332,0.8876861333847046,0.0,0.0,0.0030344894621521235,0.002719222567975521,42
base_model.model.model.layers.34.self_attn.v_proj.lora_A.weight,"(16, 2560)",0.8616289300900822,0.12485351413488388,2.5411252975463867,2.5095021724700928,0.0,0.0,0.010603058151900768,0.010520060546696186,42
base_model.model.model.layers.34.self_attn.v_proj.lora_B.weight,"(1024, 16)",0.008709377014419935,0.49298095703125,0.42147284746170044,0.400380939245224,0.0,0.0,0.0025594145990908146,0.0024899975396692753,42
base_model.model.model.layers.35.mlp.down_proj.lora_A.weight,"(16, 9728)",0.44180121209484874,0.20479543507099152,4.0016188621521,3.024251937866211,0.0,0.0,0.005970024969428778,0.00588999455794692,42
base_model.model.model.layers.35.mlp.down_proj.lora_B.weight,"(2560, 16)",0.02272891433707188,0.48369139432907104,0.41984251141548157,0.5503374934196472,0.0,0.0,0.001719601801596582,0.0021444736048579216,42
base_model.model.model.layers.35.mlp.gate_proj.lora_A.weight,"(16, 2560)",0.81303461136446,0.15058593451976776,2.6485321521759033,2.660336494445801,0.0,0.0,0.010946356691420078,0.011088193394243717,42
base_model.model.model.layers.35.mlp.gate_proj.lora_B.weight,"(9728, 16)",0.001885796603365385,0.4951428771018982,1.75462007522583,1.6867761611938477,0.0,0.0,0.0031980746425688267,0.0033697171602398157,42
base_model.model.model.layers.35.mlp.up_proj.lora_A.weight,"(16, 2560)",0.8806750898430054,0.12089844048023224,2.4928066730499268,2.5097365379333496,0.0,0.0,0.010424012318253517,0.01054931990802288,42
base_model.model.model.layers.35.mlp.up_proj.lora_B.weight,"(9728, 16)",0.004706661960093238,0.49737870693206787,1.7085371017456055,1.6193201541900635,0.0,0.0,0.002477139700204134,0.002953896066173911,42
base_model.model.model.layers.35.self_attn.k_proj.lora_A.weight,"(16, 2560)",0.8579298833889195,0.128662109375,2.5517940521240234,2.492131233215332,0.0,0.0,0.01063817460089922,0.010465756058692932,42
base_model.model.model.layers.35.self_attn.k_proj.lora_B.weight,"(1024, 16)",0.003200141792827189,0.4970703125,0.5375126004219055,0.43328768014907837,0.0,0.0,0.0032590993214398623,0.0026756052393466234,42
base_model.model.model.layers.35.self_attn.o_proj.lora_A.weight,"(16, 4096)",0.8029463448785729,0.15631103515625,2.7142627239227295,2.5635063648223877,0.0,0.0,0.008816372603178024,0.008484940975904465,42
base_model.model.model.layers.35.self_attn.o_proj.lora_B.weight,"(2560, 16)",0.008795983314746765,0.49958497285842896,0.7587293386459351,0.7108483910560608,0.0,0.0,0.002918666461482644,0.0027917898260056973,42
base_model.model.model.layers.35.self_attn.q_proj.lora_A.weight,"(16, 2560)",0.8777860377072346,0.12104491889476776,2.5105857849121094,2.47468900680542,0.0,0.0,0.010514043271541595,0.010395491495728493,42
base_model.model.model.layers.35.self_attn.q_proj.lora_B.weight,"(4096, 16)",-0.00732174201533588,0.5033416748046875,0.9592359066009521,0.8727941513061523,0.0,0.0,0.0028495718725025654,0.002680690959095955,42
base_model.model.model.layers.35.self_attn.v_proj.lora_A.weight,"(16, 2560)",0.7996123695990798,0.159912109375,2.7346303462982178,2.4490838050842285,0.0,0.0,0.011186095885932446,0.0102840606123209,42
base_model.model.model.layers.35.self_attn.v_proj.lora_B.weight,"(1024, 16)",-0.0009170773036680687,0.500732421875,0.5268734693527222,0.3737989068031311,0.0,0.0,0.0031162570230662823,0.0023319097235798836,42
base_model.model.model.layers.4.mlp.down_proj.lora_A.weight,"(16, 9728)",0.7481392544116019,0.18732653558254242,2.52484393119812,2.915952205657959,0.0,0.0,0.005407256539911032,0.006091192364692688,42
base_model.model.model.layers.4.mlp.down_proj.lora_B.weight,"(2560, 16)",0.006544160512158255,0.49897462129592896,0.4186144769191742,0.642299473285675,0.0,0.0,0.0016517925541847944,0.00252903182990849,42
base_model.model.model.layers.4.mlp.gate_proj.lora_A.weight,"(16, 2560)",0.8566230014512596,0.13242188096046448,2.4225549697875977,2.7597713470458984,0.0,0.0,0.010241391137242317,0.011415407061576843,42
base_model.model.model.layers.4.mlp.gate_proj.lora_B.weight,"(9728, 16)",0.017564647987105084,0.4941663146018982,1.0176163911819458,1.7340025901794434,0.0,0.0,0.0019887934904545546,0.0032631915528327227,42
base_model.model.model.layers.4.mlp.up_proj.lora_A.weight,"(16, 2560)",0.913739938230883,0.0972900390625,2.3831679821014404,2.5455944538116455,0.0,0.0,0.010099455714225769,0.010677529498934746,42
base_model.model.model.layers.4.mlp.up_proj.lora_B.weight,"(9728, 16)",0.016234177295115605,0.4951171875,0.7647905349731445,1.1417357921600342,0.0,0.0,0.0015061302110552788,0.002256339183077216,42
base_model.model.model.layers.4.self_attn.k_proj.lora_A.weight,"(16, 2560)",0.897810546508674,0.10888671875,2.404207706451416,2.506159782409668,0.0,0.0,0.010164854116737843,0.010492379777133465,42
base_model.model.model.layers.4.self_attn.k_proj.lora_B.weight,"(1024, 16)",-0.0035649296013541103,0.49462890625,0.3100987672805786,0.43884313106536865,0.0,0.0,0.00189777126070112,0.0027213639114052057,42
base_model.model.model.layers.4.self_attn.o_proj.lora_A.weight,"(16, 4096)",0.8928904063448154,0.114471435546875,2.407606363296509,2.5536751747131348,0.0,0.0,0.008041027933359146,0.008435162715613842,42
base_model.model.model.layers.4.self_attn.o_proj.lora_B.weight,"(2560, 16)",0.005035490683716779,0.49479979276657104,0.4169543385505676,0.5779992341995239,0.0,0.0,0.0016508804401382804,0.0022697802633047104,42
base_model.model.model.layers.4.self_attn.q_proj.lora_A.weight,"(16, 2560)",0.902809802694115,0.10739745944738388,2.3887226581573486,2.532874345779419,0.0,0.0,0.010111157782375813,0.010628877207636833,42
base_model.model.model.layers.4.self_attn.q_proj.lora_B.weight,"(4096, 16)",-0.009657213984836323,0.5013275146484375,0.6328680515289307,0.8566104173660278,0.0,0.0,0.0018972584512084723,0.002639285521581769,42
base_model.model.model.layers.4.self_attn.v_proj.lora_A.weight,"(16, 2560)",0.9169186941956977,0.09682617336511612,2.386540174484253,2.4867565631866455,0.0,0.0,0.010129851289093494,0.010469445958733559,42
base_model.model.model.layers.4.self_attn.v_proj.lora_B.weight,"(1024, 16)",0.026374547012816597,0.4906005859375,0.27275222539901733,0.3384859263896942,0.0,0.0,0.0016719297273084521,0.002089741174131632,42
base_model.model.model.layers.5.mlp.down_proj.lora_A.weight,"(16, 9728)",0.7464733644158796,0.19021767377853394,2.541130304336548,2.9169535636901855,0.0,0.0,0.005430747754871845,0.0060973577201366425,42
base_model.model.model.layers.5.mlp.down_proj.lora_B.weight,"(2560, 16)",0.0006999617512834958,0.49946290254592896,0.4626127779483795,0.6571817398071289,0.0,0.0,0.0018343331757932901,0.002594954567030072,42
base_model.model.model.layers.5.mlp.gate_proj.lora_A.weight,"(16, 2560)",0.8920515960439558,0.11201171576976776,2.3958518505096436,2.695838451385498,0.0,0.0,0.010171502828598022,0.011219166219234467,42
base_model.model.model.layers.5.mlp.gate_proj.lora_B.weight,"(9728, 16)",0.008767144007873838,0.4991840422153473,0.9536452293395996,1.5256683826446533,0.0,0.0,0.001876612426713109,0.0030439579859375954,42
base_model.model.model.layers.5.mlp.up_proj.lora_A.weight,"(16, 2560)",0.9207686576115772,0.09602050483226776,2.387691020965576,2.5556137561798096,0.0,0.0,0.010108049027621746,0.010736120864748955,42
base_model.model.model.layers.5.mlp.up_proj.lora_B.weight,"(9728, 16)",0.002237455674292527,0.4979762136936188,0.8806285262107849,1.1974626779556274,0.0,0.0,0.001763584790751338,0.0023795149754732847,42
base_model.model.model.layers.5.self_attn.k_proj.lora_A.weight,"(16, 2560)",0.9060089698672826,0.1053466796875,2.392601251602173,2.473402261734009,0.0,0.0,0.010110135190188885,0.01038068812340498,42
base_model.model.model.layers.5.self_attn.k_proj.lora_B.weight,"(1024, 16)",-0.016186095134328587,0.50396728515625,0.29507017135620117,0.3864065408706665,0.0,0.0,0.001808856730349362,0.0023635420948266983,42
base_model.model.model.layers.5.self_attn.o_proj.lora_A.weight,"(16, 4096)",0.885780830999333,0.1150360107421875,2.427088737487793,2.5580806732177734,0.0,0.0,0.008085088804364204,0.008470932021737099,42
base_model.model.model.layers.5.self_attn.o_proj.lora_B.weight,"(2560, 16)",0.007130689565466774,0.4988769590854645,0.48653802275657654,0.5914145112037659,0.0,0.0,0.001931475126184523,0.0023173659574240446,42
base_model.model.model.layers.5.self_attn.q_proj.lora_A.weight,"(16, 2560)",0.9079183199900188,0.10224609076976776,2.4010698795318604,2.5038061141967773,0.0,0.0,0.010156603530049324,0.010520954616367817,42
base_model.model.model.layers.5.self_attn.q_proj.lora_B.weight,"(4096, 16)",0.0015521435143132218,0.5018768310546875,0.5687534809112549,0.7818854451179504,0.0,0.0,0.0017210121732205153,0.002358716446906328,42
base_model.model.model.layers.5.self_attn.v_proj.lora_A.weight,"(16, 2560)",0.9111799181581229,0.10158691555261612,2.423983097076416,2.456542730331421,0.0,0.0,0.010236372239887714,0.010351581498980522,42
base_model.model.model.layers.5.self_attn.v_proj.lora_B.weight,"(1024, 16)",0.07591157414845828,0.4700927734375,0.3376326262950897,0.31520557403564453,0.0,0.0,0.002116634976118803,0.001953140366822481,42
base_model.model.model.layers.6.mlp.down_proj.lora_A.weight,"(16, 9728)",0.016004666472221818,0.24446828663349152,12.251591682434082,9.913078308105469,0.0,0.0,0.011387374252080917,0.010496733710169792,42
base_model.model.model.layers.6.mlp.down_proj.lora_B.weight,"(2560, 16)",0.008694384440161462,0.4981445372104645,0.5313531160354614,0.5751814246177673,0.0,0.0,0.0020534268114715815,0.0022308186162263155,42
base_model.model.model.layers.6.mlp.gate_proj.lora_A.weight,"(16, 2560)",0.8749148045591747,0.12275390326976776,2.4010894298553467,2.7581756114959717,0.0,0.0,0.010181533172726631,0.011446447111666203,42
base_model.model.model.layers.6.mlp.gate_proj.lora_B.weight,"(9728, 16)",0.0015088310552520369,0.5006681680679321,0.9741230010986328,1.471893310546875,0.0,0.0,0.0019206530414521694,0.0029573666397482157,42
base_model.model.model.layers.6.mlp.up_proj.lora_A.weight,"(16, 2560)",0.9146162383206999,0.09763183444738388,2.390442371368408,2.61303448677063,0.0,0.0,0.010125042870640755,0.01097811572253704,42
base_model.model.model.layers.6.mlp.up_proj.lora_B.weight,"(9728, 16)",0.0008886446516407393,0.4991840422153473,0.8573809266090393,1.1988776922225952,0.0,0.0,0.0017192893428727984,0.0023996068630367517,42
base_model.model.model.layers.6.self_attn.k_proj.lora_A.weight,"(16, 2560)",0.8916984614435639,0.11201171576976776,2.4477176666259766,2.4886634349823,0.0,0.0,0.010298405773937702,0.010452385060489178,42
base_model.model.model.layers.6.self_attn.k_proj.lora_B.weight,"(1024, 16)",-0.008173040133073383,0.50201416015625,0.3401762545108795,0.4152985215187073,0.0,0.0,0.002102946862578392,0.002543612150475383,42
base_model.model.model.layers.6.self_attn.o_proj.lora_A.weight,"(16, 4096)",0.8919825771675192,0.1134796142578125,2.4258193969726562,2.574321746826172,0.0,0.0,0.008096834644675255,0.00851341150701046,42
base_model.model.model.layers.6.self_attn.o_proj.lora_B.weight,"(2560, 16)",-0.0006444842975970934,0.5007568597793579,0.4548157751560211,0.5768242478370667,0.0,0.0,0.0017932925838977098,0.002244588453322649,42
base_model.model.model.layers.6.self_attn.q_proj.lora_A.weight,"(16, 2560)",0.9033088555373155,0.10329589992761612,2.4311084747314453,2.4962000846862793,0.0,0.0,0.010260448791086674,0.010507142171263695,42
base_model.model.model.layers.6.self_attn.q_proj.lora_B.weight,"(4096, 16)",0.009177869608486568,0.4967041015625,0.6552022695541382,0.8343077301979065,0.0,0.0,0.0019567168783396482,0.002556237857788801,42
base_model.model.model.layers.6.self_attn.v_proj.lora_A.weight,"(16, 2560)",0.9094465575404462,0.10346679389476776,2.4331886768341064,2.469505548477173,0.0,0.0,0.010264973156154156,0.010417274199426174,42
base_model.model.model.layers.6.self_attn.v_proj.lora_B.weight,"(1024, 16)",0.018039569703978416,0.48968505859375,0.3008873164653778,0.3395136892795563,0.0,0.0,0.0018582436023280025,0.002089068293571472,42
base_model.model.model.layers.7.mlp.down_proj.lora_A.weight,"(16, 9728)",0.7310628923254162,0.19670024514198303,2.642550230026245,2.849409341812134,0.0,0.0,0.00559409661218524,0.005972608458250761,42
base_model.model.model.layers.7.mlp.down_proj.lora_B.weight,"(2560, 16)",-0.006060643399346054,0.502148449420929,0.4661795496940613,0.561955451965332,0.0,0.0,0.0018351192120462656,0.0021931990049779415,42
base_model.model.model.layers.7.mlp.gate_proj.lora_A.weight,"(16, 2560)",0.8852449872544075,0.1134033203125,2.404919385910034,2.715839147567749,0.0,0.0,0.010177635587751865,0.011305687017738819,42
base_model.model.model.layers.7.mlp.gate_proj.lora_B.weight,"(9728, 16)",-0.0026170521061887404,0.5002570152282715,1.025935173034668,1.4316613674163818,0.0,0.0,0.0020014517940580845,0.002855186350643635,42
base_model.model.model.layers.7.mlp.up_proj.lora_A.weight,"(16, 2560)",0.9208463562817796,0.09616699069738388,2.395209789276123,2.563854932785034,0.0,0.0,0.01012670248746872,0.01079663448035717,42
base_model.model.model.layers.7.mlp.up_proj.lora_B.weight,"(9728, 16)",0.0019035958130660335,0.4980211853981018,0.8867297768592834,1.1427063941955566,0.0,0.0,0.0017732136184349656,0.0022929690312594175,42
base_model.model.model.layers.7.self_attn.k_proj.lora_A.weight,"(16, 2560)",0.8930200416819294,0.11223144829273224,2.4436631202697754,2.4877257347106934,0.0,0.0,0.010282362811267376,0.010442839935421944,42
base_model.model.model.layers.7.self_attn.k_proj.lora_B.weight,"(1024, 16)",0.006277789865046215,0.504638671875,0.31493356823921204,0.38527628779411316,0.0,0.0,0.0019145066617056727,0.0023786311503499746,42
base_model.model.model.layers.7.self_attn.o_proj.lora_A.weight,"(16, 4096)",0.8873946961878548,0.1141204833984375,2.430453300476074,2.5555593967437744,0.0,0.0,0.00810735672712326,0.008443904109299183,42
base_model.model.model.layers.7.self_attn.o_proj.lora_B.weight,"(2560, 16)",-0.0036233290331891778,0.4996337890625,0.48139190673828125,0.5738415122032166,0.0,0.0,0.0019109838176518679,0.0022373187821358442,42
base_model.model.model.layers.7.self_attn.q_proj.lora_A.weight,"(16, 2560)",0.9039582365555817,0.10683593899011612,2.4256362915039062,2.4713854789733887,0.0,0.0,0.010219067335128784,0.01039072684943676,42
base_model.model.model.layers.7.self_attn.q_proj.lora_B.weight,"(4096, 16)",-0.0006131193031884032,0.49884033203125,0.6525663733482361,0.7942006587982178,0.0,0.0,0.0019395470153540373,0.002429397776722908,42
base_model.model.model.layers.7.self_attn.v_proj.lora_A.weight,"(16, 2560)",0.9067317422956059,0.10493163764476776,2.4287428855895996,2.466388463973999,0.0,0.0,0.010236560367047787,0.010388283990323544,42
base_model.model.model.layers.7.self_attn.v_proj.lora_B.weight,"(1024, 16)",0.005208117599990399,0.49041748046875,0.2909487187862396,0.30726391077041626,0.0,0.0,0.0017933236667886376,0.001906931633129716,42
base_model.model.model.layers.8.mlp.down_proj.lora_A.weight,"(16, 9728)",0.7469491160617032,0.19048750400543213,2.5328214168548584,2.9118199348449707,0.0,0.0,0.0054191830568015575,0.006084444001317024,42
base_model.model.model.layers.8.mlp.down_proj.lora_B.weight,"(2560, 16)",0.0017674482621105121,0.5020996332168579,0.37529706954956055,0.6163904070854187,0.0,0.0,0.0014733253046870232,0.002419655676931143,42
base_model.model.model.layers.8.mlp.gate_proj.lora_A.weight,"(16, 2560)",0.9038202868101824,0.10817871242761612,2.3889660835266113,2.7277393341064453,0.0,0.0,0.010129365138709545,0.011391738429665565,42
base_model.model.model.layers.8.mlp.gate_proj.lora_B.weight,"(9728, 16)",-0.0037102635539896897,0.5001670718193054,0.9244458675384521,1.3677749633789062,0.0,0.0,0.0018015021923929453,0.00271150516346097,42
base_model.model.model.layers.8.mlp.up_proj.lora_A.weight,"(16, 2560)",0.9308246326455811,0.08879394829273224,2.3705620765686035,2.5760886669158936,0.0,0.0,0.010053950361907482,0.010838381946086884,42
base_model.model.model.layers.8.mlp.up_proj.lora_B.weight,"(9728, 16)",0.0002765673753535087,0.49874716997146606,0.8003509640693665,1.2449716329574585,0.0,0.0,0.0016073582228273153,0.002479762537404895,42
base_model.model.model.layers.8.self_attn.k_proj.lora_A.weight,"(16, 2560)",0.885548005492432,0.11684570461511612,2.463566303253174,2.5044665336608887,0.0,0.0,0.010361911728978157,0.010523052886128426,42
base_model.model.model.layers.8.self_attn.k_proj.lora_B.weight,"(1024, 16)",-0.027794919393954978,0.508056640625,0.312498539686203,0.39033564925193787,0.0,0.0,0.0018337814835831523,0.0024044672027230263,42
base_model.model.model.layers.8.self_attn.o_proj.lora_A.weight,"(16, 4096)",0.900189464312073,0.1086883544921875,2.4043853282928467,2.532586097717285,0.0,0.0,0.008038617670536041,0.0083833709359169,42
base_model.model.model.layers.8.self_attn.o_proj.lora_B.weight,"(2560, 16)",-0.005870926751890574,0.500927746295929,0.3924916386604309,0.5635619759559631,0.0,0.0,0.0015275879995897412,0.002200532704591751,42
base_model.model.model.layers.8.self_attn.q_proj.lora_A.weight,"(16, 2560)",0.9064822527004909,0.10322265326976776,2.4122633934020996,2.4831337928771973,0.0,0.0,0.010184451937675476,0.010433929972350597,42
base_model.model.model.layers.8.self_attn.q_proj.lora_B.weight,"(4096, 16)",0.01271270026559499,0.49847412109375,0.6310340762138367,0.8115289807319641,0.0,0.0,0.0018432112410664558,0.002500045346096158,42
base_model.model.model.layers.8.self_attn.v_proj.lora_A.weight,"(16, 2560)",0.9065987920044797,0.1068115234375,2.410088300704956,2.4757936000823975,0.0,0.0,0.010189701803028584,0.010413912124931812,42
base_model.model.model.layers.8.self_attn.v_proj.lora_B.weight,"(1024, 16)",0.0017760115190277996,0.503173828125,0.2665873169898987,0.29879096150398254,0.0,0.0,0.0016293661901727319,0.0018685564864426851,42
base_model.model.model.layers.9.mlp.down_proj.lora_A.weight,"(16, 9728)",0.761181555679344,0.18278422951698303,2.524177074432373,2.8662710189819336,0.0,0.0,0.0054064239375293255,0.005997033324092627,42
base_model.model.model.layers.9.mlp.down_proj.lora_B.weight,"(2560, 16)",0.0030441572199613894,0.500244140625,0.3773958683013916,0.6121866703033447,0.0,0.0,0.0014837058261036873,0.002404024824500084,42
base_model.model.model.layers.9.mlp.gate_proj.lora_A.weight,"(16, 2560)",0.8923853546607339,0.11516113579273224,2.393507957458496,2.722527503967285,0.0,0.0,0.010170352645218372,0.011331538669764996,42
base_model.model.model.layers.9.mlp.gate_proj.lora_B.weight,"(9728, 16)",0.005104128619633329,0.49915194511413574,0.9013453125953674,1.5037955045700073,0.0,0.0,0.001765951863490045,0.002990598324686289,42
base_model.model.model.layers.9.mlp.up_proj.lora_A.weight,"(16, 2560)",0.929762891148662,0.08916015923023224,2.3769547939300537,2.557708501815796,0.0,0.0,0.010102750733494759,0.010786357335746288,42
base_model.model.model.layers.9.mlp.up_proj.lora_B.weight,"(9728, 16)",0.003586889561430457,0.4997943937778473,0.7659921646118164,1.2018749713897705,0.0,0.0,0.0015301047824323177,0.002401498146355152,42
base_model.model.model.layers.9.self_attn.k_proj.lora_A.weight,"(16, 2560)",0.9054980095874564,0.10463867336511612,2.413386106491089,2.469438314437866,0.0,0.0,0.010190924629569054,0.01037017535418272,42
base_model.model.model.layers.9.self_attn.k_proj.lora_B.weight,"(1024, 16)",0.02859348253615011,0.4962158203125,0.29649022221565247,0.3825683891773224,0.0,0.0,0.0017789199482649565,0.0023634019307792187,42
base_model.model.model.layers.9.self_attn.o_proj.lora_A.weight,"(16, 4096)",0.9013414706499471,0.105224609375,2.3945729732513428,2.5273525714874268,0.0,0.0,0.008005229756236076,0.008370965719223022,42
base_model.model.model.layers.9.self_attn.o_proj.lora_B.weight,"(2560, 16)",0.004777045116566796,0.501171886920929,0.3391532897949219,0.5743375420570374,0.0,0.0,0.0013293831143528223,0.0022622656542807817,42
base_model.model.model.layers.9.self_attn.q_proj.lora_A.weight,"(16, 2560)",0.9058526287584331,0.10373535007238388,2.4116733074188232,2.50296950340271,0.0,0.0,0.010214732959866524,0.01053204108029604,42
base_model.model.model.layers.9.self_attn.q_proj.lora_B.weight,"(4096, 16)",0.005081026744679805,0.50518798828125,0.6522558331489563,0.811748206615448,0.0,0.0,0.001929203630425036,0.0025231344625353813,42
base_model.model.model.layers.9.self_attn.v_proj.lora_A.weight,"(16, 2560)",0.9132860034458489,0.10041503608226776,2.3860654830932617,2.4881069660186768,0.0,0.0,0.010113578289747238,0.010439228266477585,42
base_model.model.model.layers.9.self_attn.v_proj.lora_B.weight,"(1024, 16)",0.02087031503988842,0.49371337890625,0.22458094358444214,0.31768712401390076,0.0,0.0,0.0013712109066545963,0.0019840658642351627,42
base_model.model.model.layers.0.mlp.down_proj.lora_A.weight,"(16, 9728)",0.7506951120820531,0.18628571927547455,2.5302071571350098,2.913710594177246,0.0,0.0,0.00541837140917778,0.006079315207898617,123
base_model.model.model.layers.0.mlp.down_proj.lora_B.weight,"(2560, 16)",0.0034067665370219936,0.5006347894668579,0.37675315141677856,0.6093747615814209,0.0,0.0,0.0014901073882356286,0.002370792906731367,123
base_model.model.model.layers.0.mlp.gate_proj.lora_A.weight,"(16, 2560)",0.9268324725045866,0.0841064453125,2.3485896587371826,2.6458280086517334,0.0,0.0,0.010005064308643341,0.011079363524913788,123
base_model.model.model.layers.0.mlp.gate_proj.lora_B.weight,"(9728, 16)",0.0015535300684067638,0.5002698302268982,0.7507290244102478,1.2566722631454468,0.0,0.0,0.0015149713726714253,0.0024686958640813828,123
base_model.model.model.layers.0.mlp.up_proj.lora_A.weight,"(16, 2560)",0.9390269494392809,0.07956542819738388,2.345505952835083,2.595308303833008,0.0,0.0,0.009992741048336029,0.010915443301200867,123
base_model.model.model.layers.0.mlp.up_proj.lora_B.weight,"(9728, 16)",-0.00014856525044192598,0.5009444355964661,0.7268389463424683,1.2632694244384766,0.0,0.0,0.0014727425295859575,0.0025037983432412148,123
base_model.model.model.layers.0.self_attn.k_proj.lora_A.weight,"(16, 2560)",0.9249805861465737,0.09372558444738388,2.3996593952178955,2.4675214290618896,0.0,0.0,0.010158553719520569,0.010380377061665058,123
base_model.model.model.layers.0.self_attn.k_proj.lora_B.weight,"(1024, 16)",-0.014897663439364904,0.502685546875,0.3241286873817444,0.3751521110534668,0.0,0.0,0.001985754119232297,0.0022771412041038275,123
base_model.model.model.layers.0.self_attn.o_proj.lora_A.weight,"(16, 4096)",0.9231651209199121,0.0912933349609375,2.3843324184417725,2.459005355834961,0.0,0.0,0.007993635721504688,0.008190062828361988,123
base_model.model.model.layers.0.self_attn.o_proj.lora_B.weight,"(2560, 16)",0.007458324804622663,0.4994873106479645,0.3912956416606903,0.5189754962921143,0.0,0.0,0.0015505849150940776,0.0020049267914146185,123
base_model.model.model.layers.0.self_attn.q_proj.lora_A.weight,"(16, 2560)",0.9383285104424814,0.0826416015625,2.392765998840332,2.4459493160247803,0.0,0.0,0.010159799829125404,0.010361209511756897,123
base_model.model.model.layers.0.self_attn.q_proj.lora_B.weight,"(4096, 16)",0.013458966936553327,0.4956207275390625,0.6279144287109375,0.7280095815658569,0.0,0.0,0.0019290336640551686,0.0021761050447821617,123
base_model.model.model.layers.0.self_attn.v_proj.lora_A.weight,"(16, 2560)",0.9290387620286659,0.088623046875,2.3991405963897705,2.4559414386749268,0.0,0.0,0.010183659382164478,0.010379161685705185,123
base_model.model.model.layers.0.self_attn.v_proj.lora_B.weight,"(1024, 16)",0.025205487205725456,0.4892578125,0.27564874291419983,0.3514646887779236,0.0,0.0,0.0017265754286199808,0.002108896616846323,123
base_model.model.model.layers.1.mlp.down_proj.lora_A.weight,"(16, 9728)",0.4128606902868134,0.12690815329551697,2.9732909202575684,4.087612152099609,0.0,0.0,0.005530392751097679,0.006274020299315453,123
base_model.model.model.layers.1.mlp.down_proj.lora_B.weight,"(2560, 16)",0.00010665452171153943,0.4985595643520355,0.3548605740070343,0.5483416318893433,0.0,0.0,0.0014040014939382672,0.002052685711532831,123
base_model.model.model.layers.1.mlp.gate_proj.lora_A.weight,"(16, 2560)",0.898545689426998,0.10986328125,2.3899755477905273,2.572692632675171,0.0,0.0,0.010128753259778023,0.01073849480599165,123
base_model.model.model.layers.1.mlp.gate_proj.lora_B.weight,"(9728, 16)",0.20018470296187973,0.3471294343471527,1.2495110034942627,1.5032076835632324,0.0,0.0,0.0021017289254814386,0.0023789438419044018,123
base_model.model.model.layers.1.mlp.up_proj.lora_A.weight,"(16, 2560)",0.928125579712067,0.09018554538488388,2.3781321048736572,2.487072229385376,0.0,0.0,0.010110746137797832,0.010480399243533611,123
base_model.model.model.layers.1.mlp.up_proj.lora_B.weight,"(9728, 16)",0.18378186981445474,0.3753276765346527,1.2021583318710327,1.1141246557235718,0.0,0.0,0.0019032909767702222,0.001993103651329875,123
base_model.model.model.layers.1.self_attn.k_proj.lora_A.weight,"(16, 2560)",0.9365760199364459,0.08225097507238388,2.372633218765259,2.4225997924804688,0.0,0.0,0.01005522534251213,0.010229486040771008,123
base_model.model.model.layers.1.self_attn.k_proj.lora_B.weight,"(1024, 16)",0.016161651224656147,0.48388671875,0.23585717380046844,0.33813345432281494,0.0,0.0,0.0014444682747125626,0.0019963167142122984,123
base_model.model.model.layers.1.self_attn.o_proj.lora_A.weight,"(16, 4096)",0.9135810176291881,0.1014404296875,2.3670971393585205,2.491105556488037,0.0,0.0,0.00792587548494339,0.008244337514042854,123
base_model.model.model.layers.1.self_attn.o_proj.lora_B.weight,"(2560, 16)",0.023214277076402317,0.49201661348342896,0.35042116045951843,0.5714099407196045,0.0,0.0,0.0013889828696846962,0.002227082382887602,123
base_model.model.model.layers.1.self_attn.q_proj.lora_A.weight,"(16, 2560)",0.9413669389104601,0.0780029296875,2.3754851818084717,2.42425537109375,0.0,0.0,0.010094719007611275,0.010254058055579662,123
base_model.model.model.layers.1.self_attn.q_proj.lora_B.weight,"(4096, 16)",0.01090806780663353,0.49151611328125,0.4732432961463928,0.6750800609588623,0.0,0.0,0.0014527151361107826,0.002003145171329379,123
base_model.model.model.layers.1.self_attn.v_proj.lora_A.weight,"(16, 2560)",0.9464090608519402,0.0736083984375,2.3800981044769287,2.389249563217163,0.0,0.0,0.010100536048412323,0.010145428590476513,123
base_model.model.model.layers.1.self_attn.v_proj.lora_B.weight,"(1024, 16)",0.0324772422149587,0.491455078125,0.2461441159248352,0.27400365471839905,0.0,0.0,0.0015322004910558462,0.0016383937327191234,123
base_model.model.model.layers.10.mlp.down_proj.lora_A.weight,"(16, 9728)",0.7729670059445966,0.17691200971603394,2.49707293510437,2.862386703491211,0.0,0.0,0.0053612529300153255,0.005997308995574713,123
base_model.model.model.layers.10.mlp.down_proj.lora_B.weight,"(2560, 16)",0.003044707262856006,0.49897462129592896,0.37755274772644043,0.6000096201896667,0.0,0.0,0.0014788886765018106,0.0023647169582545757,123
base_model.model.model.layers.10.mlp.gate_proj.lora_A.weight,"(16, 2560)",0.880594968143837,0.1231689453125,2.3918917179107666,2.801328182220459,0.0,0.0,0.010182556696236134,0.011621342971920967,123
base_model.model.model.layers.10.mlp.gate_proj.lora_B.weight,"(9728, 16)",-0.0015150726652327503,0.5003662109375,0.9581006169319153,1.5614171028137207,0.0,0.0,0.0018858975963667035,0.0031218500807881355,123
base_model.model.model.layers.10.mlp.up_proj.lora_A.weight,"(16, 2560)",0.9267674966638559,0.08969726413488388,2.3707990646362305,2.5916285514831543,0.0,0.0,0.010089889168739319,0.010905285365879536,123
base_model.model.model.layers.10.mlp.up_proj.lora_B.weight,"(9728, 16)",0.0009859047250407526,0.5000706911087036,0.7442227005958557,1.2167967557907104,0.0,0.0,0.0014913876075297594,0.002456262009218335,123
base_model.model.model.layers.10.self_attn.k_proj.lora_A.weight,"(16, 2560)",0.9044740224545227,0.10578612983226776,2.3965845108032227,2.485581874847412,0.0,0.0,0.010156741365790367,0.010431688278913498,123
base_model.model.model.layers.10.self_attn.k_proj.lora_B.weight,"(1024, 16)",-0.00245549316572234,0.50457763671875,0.2711326479911804,0.41752496361732483,0.0,0.0,0.0016556757036596537,0.002590365009382367,123
base_model.model.model.layers.10.self_attn.o_proj.lora_A.weight,"(16, 4096)",0.9004982425490706,0.1083221435546875,2.3867809772491455,2.568882942199707,0.0,0.0,0.008007185533642769,0.008495347574353218,123
base_model.model.model.layers.10.self_attn.o_proj.lora_B.weight,"(2560, 16)",0.0017200705529488397,0.501147449016571,0.37949854135513306,0.6005768775939941,0.0,0.0,0.0014631574740633368,0.002368555637076497,123
base_model.model.model.layers.10.self_attn.q_proj.lora_A.weight,"(16, 2560)",0.9144600767556703,0.10004882514476776,2.391754150390625,2.4747231006622314,0.0,0.0,0.010132995434105396,0.010404815897345543,123
base_model.model.model.layers.10.self_attn.q_proj.lora_B.weight,"(4096, 16)",0.004842601241788221,0.4962310791015625,0.5110280513763428,0.8010469079017639,0.0,0.0,0.0015563959022983909,0.0024865400046110153,123
base_model.model.model.layers.10.self_attn.v_proj.lora_A.weight,"(16, 2560)",0.926203434905571,0.09394530951976776,2.3664731979370117,2.4592456817626953,0.0,0.0,0.010045240633189678,0.010338653810322285,123
base_model.model.model.layers.10.self_attn.v_proj.lora_B.weight,"(1024, 16)",-0.001975109326521683,0.50274658203125,0.22725118696689606,0.3358440697193146,0.0,0.0,0.0014144115848466754,0.0020926313009113073,123
base_model.model.model.layers.11.mlp.down_proj.lora_A.weight,"(16, 9728)",0.7629366251182154,0.18340742588043213,2.5032782554626465,2.899806022644043,0.0,0.0,0.005370607133954763,0.006057138554751873,123
base_model.model.model.layers.11.mlp.down_proj.lora_B.weight,"(2560, 16)",-0.0009751371825724218,0.5006103515625,0.3778533935546875,0.5981686115264893,0.0,0.0,0.0014738396275788546,0.002360760001465678,123
base_model.model.model.layers.11.mlp.gate_proj.lora_A.weight,"(16, 2560)",0.881081933298759,0.12004394829273224,2.379868268966675,2.818749189376831,0.0,0.0,0.010134170763194561,0.011693496257066727,123
base_model.model.model.layers.11.mlp.gate_proj.lora_B.weight,"(9728, 16)",0.005952433519020896,0.49766138195991516,0.9024193286895752,1.5201371908187866,0.0,0.0,0.0017875711200758815,0.0030482118017971516,123
base_model.model.model.layers.11.mlp.up_proj.lora_A.weight,"(16, 2560)",0.9201252340752298,0.0977783203125,2.3722777366638184,2.625950813293457,0.0,0.0,0.010090412572026253,0.011016426607966423,123
base_model.model.model.layers.11.mlp.up_proj.lora_B.weight,"(9728, 16)",-0.0007881929515405641,0.5010857582092285,0.7937417030334473,1.2988959550857544,0.0,0.0,0.001587853766977787,0.0026079360395669937,123
base_model.model.model.layers.11.self_attn.k_proj.lora_A.weight,"(16, 2560)",0.9127379041615411,0.10063476860523224,2.3992910385131836,2.4596152305603027,0.0,0.0,0.010142910294234753,0.010338684543967247,123
base_model.model.model.layers.11.self_attn.k_proj.lora_B.weight,"(1024, 16)",0.014278666804303168,0.4996337890625,0.2742172181606293,0.4013276994228363,0.0,0.0,0.0016882757190614939,0.0024619365576654673,123
base_model.model.model.layers.11.self_attn.o_proj.lora_A.weight,"(16, 4096)",0.8852514038726644,0.1172637939453125,2.395479202270508,2.598257064819336,0.0,0.0,0.008020903915166855,0.008557140827178955,123
base_model.model.model.layers.11.self_attn.o_proj.lora_B.weight,"(2560, 16)",0.006528526235731893,0.4976806640625,0.40913283824920654,0.6117973923683167,0.0,0.0,0.001575224450789392,0.002404178259894252,123
base_model.model.model.layers.11.self_attn.q_proj.lora_A.weight,"(16, 2560)",0.9178171506009278,0.09658203274011612,2.396573781967163,2.4727580547332764,0.0,0.0,0.010151566937565804,0.01040213368833065,123
base_model.model.model.layers.11.self_attn.q_proj.lora_B.weight,"(4096, 16)",0.011978588964373964,0.4972076416015625,0.5543798804283142,0.8246492743492126,0.0,0.0,0.0016801808960735798,0.002550958190113306,123
base_model.model.model.layers.11.self_attn.v_proj.lora_A.weight,"(16, 2560)",0.9178322525755238,0.09792480617761612,2.358863115310669,2.4938299655914307,0.0,0.0,0.010018398985266685,0.010450439527630806,123
base_model.model.model.layers.11.self_attn.v_proj.lora_B.weight,"(1024, 16)",0.008105648185582586,0.49169921875,0.25771528482437134,0.369625061750412,0.0,0.0,0.0015876619145274162,0.0023086683358997107,123
base_model.model.model.layers.12.mlp.down_proj.lora_A.weight,"(16, 9728)",0.7590499802937186,0.18401777744293213,2.4935500621795654,2.9179694652557373,0.0,0.0,0.005355841014534235,0.006095266435295343,123
base_model.model.model.layers.12.mlp.down_proj.lora_B.weight,"(2560, 16)",0.005296164616171304,0.4996093809604645,0.3906223177909851,0.6164312958717346,0.0,0.0,0.0015295023331418633,0.0024409317411482334,123
base_model.model.model.layers.12.mlp.gate_proj.lora_A.weight,"(16, 2560)",0.8832903024766032,0.11989746242761612,2.385340929031372,2.786726713180542,0.0,0.0,0.01012326031923294,0.011565024964511395,123
base_model.model.model.layers.12.mlp.gate_proj.lora_B.weight,"(9728, 16)",-0.00341758928713484,0.4995245635509491,0.9723393321037292,1.4949203729629517,0.0,0.0,0.0019030903931707144,0.0029946111608296633,123
base_model.model.model.layers.12.mlp.up_proj.lora_A.weight,"(16, 2560)",0.9232628214116934,0.094482421875,2.361665725708008,2.6292359828948975,0.0,0.0,0.010052536614239216,0.011018347926437855,123
base_model.model.model.layers.12.mlp.up_proj.lora_B.weight,"(9728, 16)",0.0029188732407962573,0.49806615710258484,0.7549745440483093,1.2983150482177734,0.0,0.0,0.0015093040419742465,0.002611634088680148,123
base_model.model.model.layers.12.self_attn.k_proj.lora_A.weight,"(16, 2560)",0.9081157300591773,0.10539551079273224,2.368809223175049,2.483142137527466,0.0,0.0,0.010030301287770271,0.01039392314851284,123
base_model.model.model.layers.12.self_attn.k_proj.lora_B.weight,"(1024, 16)",0.012051231286793052,0.49212646484375,0.2120044231414795,0.41324111819267273,0.0,0.0,0.0012832650681957603,0.00258006458170712,123
base_model.model.model.layers.12.self_attn.o_proj.lora_A.weight,"(16, 4096)",0.8934344287909382,0.1112518310546875,2.3812015056610107,2.5818374156951904,0.0,0.0,0.007981506176292896,0.008515292778611183,123
base_model.model.model.layers.12.self_attn.o_proj.lora_B.weight,"(2560, 16)",-0.00332911323734954,0.502978503704071,0.3543521463871002,0.6253829002380371,0.0,0.0,0.0013895188458263874,0.0024632879067212343,123
base_model.model.model.layers.12.self_attn.q_proj.lora_A.weight,"(16, 2560)",0.9202439437137687,0.0946044921875,2.3750081062316895,2.493844985961914,0.0,0.0,0.010082182474434376,0.010480943135917187,123
base_model.model.model.layers.12.self_attn.q_proj.lora_B.weight,"(4096, 16)",0.017007197397791135,0.493255615234375,0.45914825797080994,0.8236897587776184,0.0,0.0,0.0013801625464111567,0.0025286893360316753,123
base_model.model.model.layers.12.self_attn.v_proj.lora_A.weight,"(16, 2560)",0.9308040364678852,0.08671875298023224,2.373673677444458,2.464576244354248,0.0,0.0,0.010073939338326454,0.010366545058786869,123
base_model.model.model.layers.12.self_attn.v_proj.lora_B.weight,"(1024, 16)",-0.0018837635759466115,0.50079345703125,0.23236721754074097,0.34207290410995483,0.0,0.0,0.0014405956026166677,0.002124505816027522,123
base_model.model.model.layers.13.mlp.down_proj.lora_A.weight,"(16, 9728)",0.7605227630840313,0.18453818559646606,2.5153751373291016,2.8997838497161865,0.0,0.0,0.005394341889768839,0.006067197769880295,123
base_model.model.model.layers.13.mlp.down_proj.lora_B.weight,"(2560, 16)",-0.006151448059190306,0.49943846464157104,0.4050869941711426,0.6060118079185486,0.0,0.0,0.001575591741129756,0.0023874733597040176,123
base_model.model.model.layers.13.mlp.gate_proj.lora_A.weight,"(16, 2560)",0.8809501285441516,0.12224121391773224,2.3882734775543213,2.7816665172576904,0.0,0.0,0.010143878869712353,0.011539274826645851,123
base_model.model.model.layers.13.mlp.gate_proj.lora_B.weight,"(9728, 16)",-0.001618720005360478,0.4990362823009491,1.0010660886764526,1.4880632162094116,0.0,0.0,0.0019347103079780936,0.0029798955656588078,123
base_model.model.model.layers.13.mlp.up_proj.lora_A.weight,"(16, 2560)",0.9227928569099172,0.09257812798023224,2.3722822666168213,2.619513511657715,0.0,0.0,0.01009282935410738,0.010989932343363762,123
base_model.model.model.layers.13.mlp.up_proj.lora_B.weight,"(9728, 16)",0.004721309940396158,0.4978284239768982,0.8087005019187927,1.2455458641052246,0.0,0.0,0.0016034734435379505,0.0025016814470291138,123
base_model.model.model.layers.13.self_attn.k_proj.lora_A.weight,"(16, 2560)",0.8919065575855998,0.11357422173023224,2.4242100715637207,2.504802942276001,0.0,0.0,0.01024327240884304,0.010492565110325813,123
base_model.model.model.layers.13.self_attn.k_proj.lora_B.weight,"(1024, 16)",0.005701372734412962,0.4990234375,0.32119083404541016,0.42171549797058105,0.0,0.0,0.0019346114713698626,0.0026070987805724144,123
base_model.model.model.layers.13.self_attn.o_proj.lora_A.weight,"(16, 4096)",0.879943802885515,0.1169281005859375,2.409700393676758,2.6248574256896973,0.0,0.0,0.008070653304457664,0.008639983832836151,123
base_model.model.model.layers.13.self_attn.o_proj.lora_B.weight,"(2560, 16)",0.0007084950583183626,0.502856433391571,0.3808249533176422,0.6515215039253235,0.0,0.0,0.0014786900719627738,0.002563533838838339,123
base_model.model.model.layers.13.self_attn.q_proj.lora_A.weight,"(16, 2560)",0.9142680087549547,0.09890136867761612,2.392526149749756,2.5150299072265625,0.0,0.0,0.010156494565308094,0.010567769408226013,123
base_model.model.model.layers.13.self_attn.q_proj.lora_B.weight,"(4096, 16)",-0.003982234860235655,0.50048828125,0.5963907241821289,0.8795090317726135,0.0,0.0,0.0017903747502714396,0.002721885684877634,123
base_model.model.model.layers.13.self_attn.v_proj.lora_A.weight,"(16, 2560)",0.9195489391335933,0.09665527194738388,2.3770840167999268,2.5095055103302,0.0,0.0,0.01009412296116352,0.01051991619169712,123
base_model.model.model.layers.13.self_attn.v_proj.lora_B.weight,"(1024, 16)",0.022091616625938698,0.4937744140625,0.251243531703949,0.36404746770858765,0.0,0.0,0.0015239135827869177,0.002255252795293927,123
base_model.model.model.layers.14.mlp.down_proj.lora_A.weight,"(16, 9728)",0.7731418472635456,0.17515163123607635,2.516118288040161,2.8527395725250244,0.0,0.0,0.005391961894929409,0.005983706563711166,123
base_model.model.model.layers.14.mlp.down_proj.lora_B.weight,"(2560, 16)",0.0011145690529038744,0.49609375,0.37789493799209595,0.6027894616127014,0.0,0.0,0.0014760870253667235,0.0023805403616279364,123
base_model.model.model.layers.14.mlp.gate_proj.lora_A.weight,"(16, 2560)",0.8843175297046728,0.11979980766773224,2.3933849334716797,2.78707218170166,0.0,0.0,0.010158682242035866,0.011586938053369522,123
base_model.model.model.layers.14.mlp.gate_proj.lora_B.weight,"(9728, 16)",-0.0018491409678812092,0.5006746053695679,0.9562062621116638,1.4755319356918335,0.0,0.0,0.0018543271580711007,0.0029499337542802095,123
base_model.model.model.layers.14.mlp.up_proj.lora_A.weight,"(16, 2560)",0.9283624659402803,0.08903808891773224,2.3730032444000244,2.6071557998657227,0.0,0.0,0.010112225078046322,0.01095637772232294,123
base_model.model.model.layers.14.mlp.up_proj.lora_B.weight,"(9728, 16)",0.003120832961248148,0.49725019931793213,0.7707931995391846,1.277263879776001,0.0,0.0,0.0015289371367543936,0.002564358292147517,123
base_model.model.model.layers.14.self_attn.k_proj.lora_A.weight,"(16, 2560)",0.9085107389383723,0.10227050632238388,2.3843894004821777,2.4944469928741455,0.0,0.0,0.010099994018673897,0.010467386804521084,123
base_model.model.model.layers.14.self_attn.k_proj.lora_B.weight,"(1024, 16)",0.043040547830299224,0.47845458984375,0.24436019361019135,0.40667322278022766,0.0,0.0,0.00149231415707618,0.002523851115256548,123
base_model.model.model.layers.14.self_attn.o_proj.lora_A.weight,"(16, 4096)",0.890641674145544,0.114776611328125,2.38265323638916,2.5900659561157227,0.0,0.0,0.007971365004777908,0.008531391620635986,123
base_model.model.model.layers.14.self_attn.o_proj.lora_B.weight,"(2560, 16)",0.0013292601679221342,0.49760740995407104,0.38703158497810364,0.6478460431098938,0.0,0.0,0.0015039893332868814,0.0025484333746135235,123
base_model.model.model.layers.14.self_attn.q_proj.lora_A.weight,"(16, 2560)",0.9099616311964069,0.10371093451976776,2.401660203933716,2.499610662460327,0.0,0.0,0.010167442262172699,0.01050955057144165,123
base_model.model.model.layers.14.self_attn.q_proj.lora_B.weight,"(4096, 16)",0.006003285752403362,0.4966278076171875,0.6200335025787354,0.8625116348266602,0.0,0.0,0.0018324283882975578,0.002643655752763152,123
base_model.model.model.layers.14.self_attn.v_proj.lora_A.weight,"(16, 2560)",0.9212671638819375,0.09309081733226776,2.3801958560943604,2.4883196353912354,0.0,0.0,0.01010535191744566,0.010439756326377392,123
base_model.model.model.layers.14.self_attn.v_proj.lora_B.weight,"(1024, 16)",0.007016209160148025,0.4990234375,0.24516521394252777,0.36039748787879944,0.0,0.0,0.0014939159154891968,0.0022384191397577524,123
base_model.model.model.layers.15.mlp.down_proj.lora_A.weight,"(16, 9728)",0.7682305108386739,0.17526084184646606,2.5246546268463135,2.8490262031555176,0.0,0.0,0.005405703093856573,0.005973635707050562,123
base_model.model.model.layers.15.mlp.down_proj.lora_B.weight,"(2560, 16)",-0.0034081682296656017,0.5038086175918579,0.3748827278614044,0.6103687882423401,0.0,0.0,0.0014580119168385863,0.002398541895672679,123
base_model.model.model.layers.15.mlp.gate_proj.lora_A.weight,"(16, 2560)",0.8932807190106484,0.11330566555261612,2.3942742347717285,2.736064910888672,0.0,0.0,0.010174794122576714,0.011410621926188469,123
base_model.model.model.layers.15.mlp.gate_proj.lora_B.weight,"(9728, 16)",0.006613494597566656,0.49710243940353394,0.9723944067955017,1.4761444330215454,0.0,0.0,0.0018747408175840974,0.00294116185978055,123
base_model.model.model.layers.15.mlp.up_proj.lora_A.weight,"(16, 2560)",0.929021112497619,0.09018554538488388,2.370784044265747,2.586951494216919,0.0,0.0,0.010079513303935528,0.010865556076169014,123
base_model.model.model.layers.15.mlp.up_proj.lora_B.weight,"(9728, 16)",0.0031578273216379712,0.49916478991508484,0.7691895365715027,1.293950080871582,0.0,0.0,0.0015236876206472516,0.002589730778709054,123
base_model.model.model.layers.15.self_attn.k_proj.lora_A.weight,"(16, 2560)",0.9076590232147568,0.10366211086511612,2.4012460708618164,2.4885127544403076,0.0,0.0,0.010163316503167152,0.010459323413670063,123
base_model.model.model.layers.15.self_attn.k_proj.lora_B.weight,"(1024, 16)",0.010382541048757517,0.49896240234375,0.2222195863723755,0.40214207768440247,0.0,0.0,0.0013321212027221918,0.002497292822226882,123
base_model.model.model.layers.15.self_attn.o_proj.lora_A.weight,"(16, 4096)",0.8988266316782606,0.108367919921875,2.386007308959961,2.5613303184509277,0.0,0.0,0.008001517504453659,0.008464163169264793,123
base_model.model.model.layers.15.self_attn.o_proj.lora_B.weight,"(2560, 16)",-0.0003589424877927401,0.5020507574081421,0.363856703042984,0.6271533966064453,0.0,0.0,0.001415711478330195,0.0024671582505106926,123
base_model.model.model.layers.15.self_attn.q_proj.lora_A.weight,"(16, 2560)",0.9088066448510635,0.10300292819738388,2.400904893875122,2.5045461654663086,0.0,0.0,0.010164833627641201,0.010518964380025864,123
base_model.model.model.layers.15.self_attn.q_proj.lora_B.weight,"(4096, 16)",-0.02728856768357222,0.5048675537109375,0.5787157416343689,0.849888026714325,0.0,0.0,0.0017122323624789715,0.002618025988340378,123
base_model.model.model.layers.15.self_attn.v_proj.lora_A.weight,"(16, 2560)",0.9328286370602926,0.08769531548023224,2.3497869968414307,2.460724115371704,0.0,0.0,0.010002692230045795,0.010361307300627232,123
base_model.model.model.layers.15.self_attn.v_proj.lora_B.weight,"(1024, 16)",0.029581482591994758,0.47967529296875,0.20249703526496887,0.3283749520778656,0.0,0.0,0.0012450111098587513,0.0020602624863386154,123
base_model.model.model.layers.16.mlp.down_proj.lora_A.weight,"(16, 9728)",0.7699738953348185,0.1772332489490509,2.5164763927459717,2.8424360752105713,0.0,0.0,0.005389970261603594,0.005957793444395065,123
base_model.model.model.layers.16.mlp.down_proj.lora_B.weight,"(2560, 16)",0.0043244114866241665,0.4995361268520355,0.40089476108551025,0.6045190691947937,0.0,0.0,0.001555706257931888,0.0023937083315104246,123
base_model.model.model.layers.16.mlp.gate_proj.lora_A.weight,"(16, 2560)",0.8827005524512963,0.11965332180261612,2.3882994651794434,2.7820518016815186,0.0,0.0,0.010136661119759083,0.011545896530151367,123
base_model.model.model.layers.16.mlp.gate_proj.lora_B.weight,"(9728, 16)",-0.0004557038855552479,0.5012913942337036,0.9704353213310242,1.4608649015426636,0.0,0.0,0.0018750752788037062,0.002918694168329239,123
base_model.model.model.layers.16.mlp.up_proj.lora_A.weight,"(16, 2560)",0.9259718303742456,0.09077148139476776,2.373966693878174,2.5900495052337646,0.0,0.0,0.01010330580174923,0.0108991963788867,123
base_model.model.model.layers.16.mlp.up_proj.lora_B.weight,"(9728, 16)",0.001087716515668884,0.5002184510231018,0.7457424998283386,1.3011285066604614,0.0,0.0,0.0014781344216316938,0.0026185179594904184,123
base_model.model.model.layers.16.self_attn.k_proj.lora_A.weight,"(16, 2560)",0.8971738797492081,0.10739745944738388,2.3942975997924805,2.514902114868164,0.0,0.0,0.010140568017959595,0.010531057603657246,123
base_model.model.model.layers.16.self_attn.k_proj.lora_B.weight,"(1024, 16)",0.010673546998419435,0.489990234375,0.2670109272003174,0.4488412141799927,0.0,0.0,0.001614397973753512,0.0027775585185736418,123
base_model.model.model.layers.16.self_attn.o_proj.lora_A.weight,"(16, 4096)",0.8983559662602918,0.1111602783203125,2.365748405456543,2.580977201461792,0.0,0.0,0.00794496200978756,0.008513365872204304,123
base_model.model.model.layers.16.self_attn.o_proj.lora_B.weight,"(2560, 16)",0.009101391963628273,0.5002685785293579,0.34073859453201294,0.6366164684295654,0.0,0.0,0.0013183800037950277,0.002510747639462352,123
base_model.model.model.layers.16.self_attn.q_proj.lora_A.weight,"(16, 2560)",0.9142494628421227,0.099853515625,2.380427837371826,2.520364999771118,0.0,0.0,0.010111081413924694,0.010574309155344963,123
base_model.model.model.layers.16.self_attn.q_proj.lora_B.weight,"(4096, 16)",0.005343245181078468,0.49566650390625,0.48207372426986694,0.8535977602005005,0.0,0.0,0.0014343953225761652,0.002633008174598217,123
base_model.model.model.layers.16.self_attn.v_proj.lora_A.weight,"(16, 2560)",0.9220960382325211,0.09323730319738388,2.3898322582244873,2.4863979816436768,0.0,0.0,0.0101503636687994,0.01046711578965187,123
base_model.model.model.layers.16.self_attn.v_proj.lora_B.weight,"(1024, 16)",-0.011643394495445481,0.49090576171875,0.22384826838970184,0.3508533239364624,0.0,0.0,0.0013454146683216095,0.0021656272001564503,123
base_model.model.model.layers.17.mlp.down_proj.lora_A.weight,"(16, 9728)",0.770827641427291,0.17671284079551697,2.5157506465911865,2.842297315597534,0.0,0.0,0.0053914873860776424,0.005963099654763937,123
base_model.model.model.layers.17.mlp.down_proj.lora_B.weight,"(2560, 16)",0.006795004234066343,0.49858397245407104,0.38811084628105164,0.6449316143989563,0.0,0.0,0.0015132901025936007,0.0025410507805645466,123
base_model.model.model.layers.17.mlp.gate_proj.lora_A.weight,"(16, 2560)",0.8843471549440853,0.1204833984375,2.40183424949646,2.729163885116577,0.0,0.0,0.010186722502112389,0.011328993365168571,123
base_model.model.model.layers.17.mlp.gate_proj.lora_B.weight,"(9728, 16)",-0.0006593397301474759,0.49969160556793213,1.0605846643447876,1.4919121265411377,0.0,0.0,0.0020377456676214933,0.002992958528921008,123
base_model.model.model.layers.17.mlp.up_proj.lora_A.weight,"(16, 2560)",0.924472031329453,0.09245605766773224,2.387423276901245,2.5892136096954346,0.0,0.0,0.010144670493900776,0.010876727290451527,123
base_model.model.model.layers.17.mlp.up_proj.lora_B.weight,"(9728, 16)",0.0027580418119604157,0.4976806640625,0.8988304138183594,1.312483787536621,0.0,0.0,0.0017494765343144536,0.00263251643627882,123
base_model.model.model.layers.17.self_attn.k_proj.lora_A.weight,"(16, 2560)",0.9030032585743096,0.107421875,2.3993396759033203,2.497251033782959,0.0,0.0,0.010173559188842773,0.010457213036715984,123
base_model.model.model.layers.17.self_attn.k_proj.lora_B.weight,"(1024, 16)",0.025041389497555945,0.48541259765625,0.2558857202529907,0.4112124741077423,0.0,0.0,0.001541621284559369,0.0025615470949560404,123
base_model.model.model.layers.17.self_attn.o_proj.lora_A.weight,"(16, 4096)",0.9080550953674711,0.1033935546875,2.350996494293213,2.555436611175537,0.0,0.0,0.007889855653047562,0.008432872593402863,123
base_model.model.model.layers.17.self_attn.o_proj.lora_B.weight,"(2560, 16)",0.012511002441384015,0.4961914122104645,0.350827157497406,0.6267680525779724,0.0,0.0,0.0013628124725073576,0.0024637198075652122,123
base_model.model.model.layers.17.self_attn.q_proj.lora_A.weight,"(16, 2560)",0.9147015381960169,0.0989990234375,2.3748562335968018,2.508235216140747,0.0,0.0,0.010083438828587532,0.010523847304284573,123
base_model.model.model.layers.17.self_attn.q_proj.lora_B.weight,"(4096, 16)",0.006184551475093628,0.4944610595703125,0.47438547015190125,0.8640128374099731,0.0,0.0,0.0014093201607465744,0.002653888426721096,123
base_model.model.model.layers.17.self_attn.v_proj.lora_A.weight,"(16, 2560)",0.9215647946791743,0.09477539360523224,2.3701512813568115,2.4917569160461426,0.0,0.0,0.010053427889943123,0.01046299934387207,123
base_model.model.model.layers.17.self_attn.v_proj.lora_B.weight,"(1024, 16)",0.019985142497197166,0.4906005859375,0.22553732991218567,0.3778073191642761,0.0,0.0,0.0013809854863211513,0.002339941216632724,123
base_model.model.model.layers.18.mlp.down_proj.lora_A.weight,"(16, 9728)",0.764738876723026,0.1786017119884491,2.5743026733398438,2.8079793453216553,0.0,0.0,0.005484092514961958,0.005900428630411625,123
base_model.model.model.layers.18.mlp.down_proj.lora_B.weight,"(2560, 16)",0.007977599366013102,0.49921876192092896,0.44486576318740845,0.6281290650367737,0.0,0.0,0.001722541986964643,0.0024756244383752346,123
base_model.model.model.layers.18.mlp.gate_proj.lora_A.weight,"(16, 2560)",0.8783508510539682,0.12128905951976776,2.411088466644287,2.760669708251953,0.0,0.0,0.01022764015942812,0.011484900489449501,123
base_model.model.model.layers.18.mlp.gate_proj.lora_B.weight,"(9728, 16)",0.0003810727942645793,0.49873432517051697,1.0044792890548706,1.5408729314804077,0.0,0.0,0.001929009798914194,0.003098477376624942,123
base_model.model.model.layers.18.mlp.up_proj.lora_A.weight,"(16, 2560)",0.9192615785662122,0.09494628757238388,2.3941431045532227,2.609933853149414,0.0,0.0,0.010153337381780148,0.010952765122056007,123
base_model.model.model.layers.18.mlp.up_proj.lora_B.weight,"(9728, 16)",-0.004147541297490291,0.4999164640903473,0.9513150453567505,1.3666068315505981,0.0,0.0,0.001867238781414926,0.0027472868096083403,123
base_model.model.model.layers.18.self_attn.k_proj.lora_A.weight,"(16, 2560)",0.8871815755798456,0.11464843899011612,2.426427125930786,2.5368363857269287,0.0,0.0,0.010247508063912392,0.010610250756144524,123
base_model.model.model.layers.18.self_attn.k_proj.lora_B.weight,"(1024, 16)",-0.023493683103333357,0.50994873046875,0.25785699486732483,0.44589880108833313,0.0,0.0,0.0015664371894672513,0.002771089319139719,123
base_model.model.model.layers.18.self_attn.o_proj.lora_A.weight,"(16, 4096)",0.9063715386951137,0.101593017578125,2.3851611614227295,2.542696952819824,0.0,0.0,0.007992919534444809,0.008413365110754967,123
base_model.model.model.layers.18.self_attn.o_proj.lora_B.weight,"(2560, 16)",0.0052497883899935574,0.49650877714157104,0.3795947730541229,0.625951886177063,0.0,0.0,0.0014761133352294564,0.002459310693666339,123
base_model.model.model.layers.18.self_attn.q_proj.lora_A.weight,"(16, 2560)",0.901722857111847,0.10666503757238388,2.4083242416381836,2.4992127418518066,0.0,0.0,0.010169051587581635,0.01050372701138258,123
base_model.model.model.layers.18.self_attn.q_proj.lora_B.weight,"(4096, 16)",0.0013303511943447974,0.49810791015625,0.5970830917358398,0.8845624923706055,0.0,0.0,0.001784354797564447,0.002741596195846796,123
base_model.model.model.layers.18.self_attn.v_proj.lora_A.weight,"(16, 2560)",0.9095424953172219,0.09572754055261612,2.3946731090545654,2.4919333457946777,0.0,0.0,0.010108302347362041,0.010455571115016937,123
base_model.model.model.layers.18.self_attn.v_proj.lora_B.weight,"(1024, 16)",0.026066506559685072,0.4842529296875,0.2621866762638092,0.35824787616729736,0.0,0.0,0.0015435810200870037,0.0022302099969238043,123
base_model.model.model.layers.19.mlp.down_proj.lora_A.weight,"(16, 9728)",0.7391909816244263,0.19265908002853394,2.6000123023986816,2.9127390384674072,0.0,0.0,0.005532910116016865,0.006094552110880613,123
base_model.model.model.layers.19.mlp.down_proj.lora_B.weight,"(2560, 16)",-0.0022125148437187703,0.5003417730331421,0.45460522174835205,0.6937133073806763,0.0,0.0,0.001765906112268567,0.002739513758569956,123
base_model.model.model.layers.19.mlp.gate_proj.lora_A.weight,"(16, 2560)",0.8807436118965898,0.12060546875,2.4083404541015625,2.7706480026245117,0.0,0.0,0.010209177620708942,0.011480365879833698,123
base_model.model.model.layers.19.mlp.gate_proj.lora_B.weight,"(9728, 16)",0.0009851673710038731,0.5009251832962036,1.0347102880477905,1.508494257926941,0.0,0.0,0.001994672929868102,0.003026774153113365,123
base_model.model.model.layers.19.mlp.up_proj.lora_A.weight,"(16, 2560)",0.916595377271419,0.09611816704273224,2.4097466468811035,2.5920486450195312,0.0,0.0,0.010208611376583576,0.010885125957429409,123
base_model.model.model.layers.19.mlp.up_proj.lora_B.weight,"(9728, 16)",-0.004006507713345025,0.5017282366752625,0.9485219717025757,1.3743172883987427,0.0,0.0,0.0018501473823562264,0.0027591323014348745,123
base_model.model.model.layers.19.self_attn.k_proj.lora_A.weight,"(16, 2560)",0.9108133293947375,0.10112304985523224,2.395904064178467,2.48276424407959,0.0,0.0,0.010149535723030567,0.010435168631374836,123
base_model.model.model.layers.19.self_attn.k_proj.lora_B.weight,"(1024, 16)",0.028506096466478538,0.48046875,0.28118249773979187,0.41702476143836975,0.0,0.0,0.001639313530176878,0.0025729541666805744,123
base_model.model.model.layers.19.self_attn.o_proj.lora_A.weight,"(16, 4096)",0.8950931623142979,0.1089019775390625,2.3961920738220215,2.590144395828247,0.0,0.0,0.008021860383450985,0.00854588858783245,123
base_model.model.model.layers.19.self_attn.o_proj.lora_B.weight,"(2560, 16)",0.0007844803888503942,0.49809569120407104,0.40511229634284973,0.6657382845878601,0.0,0.0,0.0015814632643014193,0.002613840624690056,123
base_model.model.model.layers.19.self_attn.q_proj.lora_A.weight,"(16, 2560)",0.9099391024456391,0.10302734375,2.3916120529174805,2.5083799362182617,0.0,0.0,0.010137486271560192,0.010519994422793388,123
base_model.model.model.layers.19.self_attn.q_proj.lora_B.weight,"(4096, 16)",0.017739468046768306,0.493560791015625,0.5102570056915283,0.8743682503700256,0.0,0.0,0.0014981294516474009,0.002699580043554306,123
base_model.model.model.layers.19.self_attn.v_proj.lora_A.weight,"(16, 2560)",0.9126207656252251,0.0982666015625,2.414409637451172,2.4807937145233154,0.0,0.0,0.010210296139121056,0.010444767773151398,123
base_model.model.model.layers.19.self_attn.v_proj.lora_B.weight,"(1024, 16)",0.011855009172124113,0.4901123046875,0.2757229208946228,0.38129884004592896,0.0,0.0,0.0016429659444838762,0.0023610969074070454,123
base_model.model.model.layers.2.mlp.down_proj.lora_A.weight,"(16, 9728)",0.8044567952459035,0.1521124541759491,2.4694199562072754,2.778815746307373,0.0,0.0,0.005314825568348169,0.005833039991557598,123
base_model.model.model.layers.2.mlp.down_proj.lora_B.weight,"(2560, 16)",0.01591054059791228,0.497314453125,0.41119205951690674,0.6553808450698853,0.0,0.0,0.0016201697289943695,0.0025636707432568073,123
base_model.model.model.layers.2.mlp.gate_proj.lora_A.weight,"(16, 2560)",0.9013507519530434,0.10686035454273224,2.3869593143463135,2.55679988861084,0.0,0.0,0.010122450068593025,0.010695891454815865,123
base_model.model.model.layers.2.mlp.gate_proj.lora_B.weight,"(9728, 16)",0.252389901942362,0.4088134765625,1.6117208003997803,1.798048496246338,0.0,0.0,0.0024279162753373384,0.0029165728483349085,123
base_model.model.model.layers.2.mlp.up_proj.lora_A.weight,"(16, 2560)",0.9177758259357574,0.09782715141773224,2.3664920330047607,2.481043577194214,0.0,0.0,0.010047162882983685,0.010439219884574413,123
base_model.model.model.layers.2.mlp.up_proj.lora_B.weight,"(9728, 16)",0.21417034135511995,0.42874306440353394,1.9949289560317993,2.8096718788146973,0.0,0.0,0.0028579591307789087,0.003876177128404379,123
base_model.model.model.layers.2.self_attn.k_proj.lora_A.weight,"(16, 2560)",0.9032907170483352,0.10791015625,2.406224250793457,2.506366014480591,0.0,0.0,0.010161882266402245,0.010516710579395294,123
base_model.model.model.layers.2.self_attn.k_proj.lora_B.weight,"(1024, 16)",0.03945521315117757,0.483154296875,0.2828827202320099,0.3953614830970764,0.0,0.0,0.0017164630116894841,0.002412737812846899,123
base_model.model.model.layers.2.self_attn.o_proj.lora_A.weight,"(16, 4096)",0.892998806290209,0.1125946044921875,2.4083542823791504,2.5272629261016846,0.0,0.0,0.008048489689826965,0.008351199328899384,123
base_model.model.model.layers.2.self_attn.o_proj.lora_B.weight,"(2560, 16)",0.010144985464036381,0.4986816346645355,0.40679463744163513,0.5793108940124512,0.0,0.0,0.001585905090905726,0.00227745552547276,123
base_model.model.model.layers.2.self_attn.q_proj.lora_A.weight,"(16, 2560)",0.9231362317787035,0.09470214694738388,2.3688156604766846,2.5032548904418945,0.0,0.0,0.010063042864203453,0.010523473843932152,123
base_model.model.model.layers.2.self_attn.q_proj.lora_B.weight,"(4096, 16)",-0.006331495365127439,0.4999847412109375,0.5098903179168701,0.7833575010299683,0.0,0.0,0.0015444894088432193,0.0024002715945243835,123
base_model.model.model.layers.2.self_attn.v_proj.lora_A.weight,"(16, 2560)",0.9293254005396144,0.0865478515625,2.393932342529297,2.44730544090271,0.0,0.0,0.010149595327675343,0.010335614904761314,123
base_model.model.model.layers.2.self_attn.v_proj.lora_B.weight,"(1024, 16)",0.04995945206767738,0.4842529296875,0.26469945907592773,0.316057413816452,0.0,0.0,0.001645582029595971,0.00196697935461998,123
base_model.model.model.layers.20.mlp.down_proj.lora_A.weight,"(16, 9728)",0.727510943407834,0.1957879364490509,2.629946231842041,2.923593044281006,0.0,0.0,0.005582554265856743,0.006114863324910402,123
base_model.model.model.layers.20.mlp.down_proj.lora_B.weight,"(2560, 16)",-0.007495550537373991,0.5013427734375,0.48020076751708984,0.7057291269302368,0.0,0.0,0.0018609485123306513,0.0027857262175530195,123
base_model.model.model.layers.20.mlp.gate_proj.lora_A.weight,"(16, 2560)",0.8786755436193427,0.12111816555261612,2.4354615211486816,2.7838377952575684,0.0,0.0,0.010313550941646099,0.011590586975216866,123
base_model.model.model.layers.20.mlp.gate_proj.lora_B.weight,"(9728, 16)",-0.0010842824645519275,0.49981367588043213,1.0603147745132446,1.5352835655212402,0.0,0.0,0.002037059748545289,0.003079419955611229,123
base_model.model.model.layers.20.mlp.up_proj.lora_A.weight,"(16, 2560)",0.9059312302424337,0.1011962890625,2.4306774139404297,2.607998847961426,0.0,0.0,0.010251088067889214,0.010948036797344685,123
base_model.model.model.layers.20.mlp.up_proj.lora_B.weight,"(9728, 16)",0.0009332896455047326,0.49890780448913574,1.0292891263961792,1.346232533454895,0.0,0.0,0.0020256158895790577,0.002705112099647522,123
base_model.model.model.layers.20.self_attn.k_proj.lora_A.weight,"(16, 2560)",0.8930603364710787,0.10976562649011612,2.4482593536376953,2.5055110454559326,0.0,0.0,0.010322741232812405,0.010511699132621288,123
base_model.model.model.layers.20.self_attn.k_proj.lora_B.weight,"(1024, 16)",-0.02677807846369451,0.5120849609375,0.30050352215766907,0.43425971269607544,0.0,0.0,0.0018010045168921351,0.002693259622901678,123
base_model.model.model.layers.20.self_attn.o_proj.lora_A.weight,"(16, 4096)",0.8879973219488024,0.113861083984375,2.4112703800201416,2.577392101287842,0.0,0.0,0.008062070235610008,0.008508605882525444,123
base_model.model.model.layers.20.self_attn.o_proj.lora_B.weight,"(2560, 16)",0.004419465211298154,0.500732421875,0.41025102138519287,0.6715341806411743,0.0,0.0,0.0015811517369002104,0.002646489767357707,123
base_model.model.model.layers.20.self_attn.q_proj.lora_A.weight,"(16, 2560)",0.9090886706667644,0.10422363132238388,2.3952858448028564,2.5063364505767822,0.0,0.0,0.010144743137061596,0.010506115853786469,123
base_model.model.model.layers.20.self_attn.q_proj.lora_B.weight,"(4096, 16)",-0.014303655023223314,0.5078277587890625,0.502677857875824,0.8738241195678711,0.0,0.0,0.0014893218176439404,0.0026935916393995285,123
base_model.model.model.layers.20.self_attn.v_proj.lora_A.weight,"(16, 2560)",0.91097944296782,0.09963379055261612,2.4097959995269775,2.491220235824585,0.0,0.0,0.01020042784512043,0.010471954010426998,123
base_model.model.model.layers.20.self_attn.v_proj.lora_B.weight,"(1024, 16)",-0.0014156220719429965,0.4954833984375,0.2504543662071228,0.36543262004852295,0.0,0.0,0.0015288589056581259,0.002263418398797512,123
base_model.model.model.layers.21.mlp.down_proj.lora_A.weight,"(16, 9728)",0.7371347188009882,0.19102077186107635,2.639038324356079,2.8660638332366943,0.0,0.0,0.005591582506895065,0.006003038492053747,123
base_model.model.model.layers.21.mlp.down_proj.lora_B.weight,"(2560, 16)",-0.006787854052928778,0.5041259527206421,0.5225488543510437,0.7098390460014343,0.0,0.0,0.0020314822904765606,0.0027936240658164024,123
base_model.model.model.layers.21.mlp.gate_proj.lora_A.weight,"(16, 2560)",0.8609314941054822,0.13002929091453552,2.468531847000122,2.7657482624053955,0.0,0.0,0.010385259985923767,0.01145744975656271,123
base_model.model.model.layers.21.mlp.gate_proj.lora_B.weight,"(9728, 16)",-0.0003404485321265873,0.5006103515625,1.2135099172592163,1.5430392026901245,0.0,0.0,0.0023084082640707493,0.003091744612902403,123
base_model.model.model.layers.21.mlp.up_proj.lora_A.weight,"(16, 2560)",0.9171555623934128,0.09577636420726776,2.441358804702759,2.5491750240325928,0.0,0.0,0.010306885465979576,0.010728400200605392,123
base_model.model.model.layers.21.mlp.up_proj.lora_B.weight,"(9728, 16)",0.003455259642958666,0.49779629707336426,1.0392942428588867,1.3275318145751953,0.0,0.0,0.00203349394723773,0.002636921126395464,123
base_model.model.model.layers.21.self_attn.k_proj.lora_A.weight,"(16, 2560)",0.8778907077786107,0.12136230617761612,2.452578544616699,2.5092642307281494,0.0,0.0,0.010314421728253365,0.010503308847546577,123
base_model.model.model.layers.21.self_attn.k_proj.lora_B.weight,"(1024, 16)",0.011553922249064864,0.49444580078125,0.3202384412288666,0.44265633821487427,0.0,0.0,0.0019069447880610824,0.0026962431147694588,123
base_model.model.model.layers.21.self_attn.o_proj.lora_A.weight,"(16, 4096)",0.8933860856254888,0.11151123046875,2.391420841217041,2.5719504356384277,0.0,0.0,0.008006330579519272,0.008480913005769253,123
base_model.model.model.layers.21.self_attn.o_proj.lora_B.weight,"(2560, 16)",0.008022633730786268,0.4994140565395355,0.40688076615333557,0.6601137518882751,0.0,0.0,0.0015853727236390114,0.0025909636169672012,123
base_model.model.model.layers.21.self_attn.q_proj.lora_A.weight,"(16, 2560)",0.9002456533139281,0.10756836086511612,2.41550350189209,2.4762122631073,0.0,0.0,0.010185712948441505,0.010393629781901836,123
base_model.model.model.layers.21.self_attn.q_proj.lora_B.weight,"(4096, 16)",0.008259242867106798,0.492767333984375,0.5626271963119507,0.805094838142395,0.0,0.0,0.0016582708340138197,0.002461277414113283,123
base_model.model.model.layers.21.self_attn.v_proj.lora_A.weight,"(16, 2560)",0.9127860043298092,0.09914550930261612,2.4052484035491943,2.47597336769104,0.0,0.0,0.010173186659812927,0.01041182316839695,123
base_model.model.model.layers.21.self_attn.v_proj.lora_B.weight,"(1024, 16)",-0.006913398517754898,0.497314453125,0.25706443190574646,0.37184807658195496,0.0,0.0,0.0015484757022932172,0.0023024482652544975,123
base_model.model.model.layers.22.mlp.down_proj.lora_A.weight,"(16, 9728)",0.739942896713742,0.19131630659103394,2.604952335357666,2.896066427230835,0.0,0.0,0.005537884775549173,0.006062347907572985,123
base_model.model.model.layers.22.mlp.down_proj.lora_B.weight,"(2560, 16)",0.009672522498202576,0.49560546875,0.5117478370666504,0.6897934079170227,0.0,0.0,0.001965694595128298,0.002719960641115904,123
base_model.model.model.layers.22.mlp.gate_proj.lora_A.weight,"(16, 2560)",0.8694722526607838,0.1260986328125,2.45522403717041,2.750173568725586,0.0,0.0,0.010364986024796963,0.011426768265664577,123
base_model.model.model.layers.22.mlp.gate_proj.lora_B.weight,"(9728, 16)",-0.0045407526972734875,0.5010921955108643,1.2517443895339966,1.5568931102752686,0.0,0.0,0.0023896379861980677,0.0031266366131603718,123
base_model.model.model.layers.22.mlp.up_proj.lora_A.weight,"(16, 2560)",0.9086921249056205,0.10400390625,2.425421714782715,2.615039110183716,0.0,0.0,0.0102713443338871,0.010967569425702095,123
base_model.model.model.layers.22.mlp.up_proj.lora_B.weight,"(9728, 16)",0.0014483149333944848,0.4998650848865509,1.0665861368179321,1.3805288076400757,0.0,0.0,0.0021055929828435183,0.0027806356083601713,123
base_model.model.model.layers.22.self_attn.k_proj.lora_A.weight,"(16, 2560)",0.8922457275153038,0.11191406100988388,2.426621198654175,2.51495361328125,0.0,0.0,0.010253982618451118,0.01052675861865282,123
base_model.model.model.layers.22.self_attn.k_proj.lora_B.weight,"(1024, 16)",-0.01857100238203089,0.50482177734375,0.27153661847114563,0.44449469447135925,0.0,0.0,0.0016461347695440054,0.0027285406831651926,123
base_model.model.model.layers.22.self_attn.o_proj.lora_A.weight,"(16, 4096)",0.8923433473658539,0.1127471923828125,2.4063446521759033,2.5610501766204834,0.0,0.0,0.008046386763453484,0.008462891913950443,123
base_model.model.model.layers.22.self_attn.o_proj.lora_B.weight,"(2560, 16)",-0.00977702506155866,0.5035156011581421,0.39778557419776917,0.6648189425468445,0.0,0.0,0.0015586356166750193,0.00261899596080184,123
base_model.model.model.layers.22.self_attn.q_proj.lora_A.weight,"(16, 2560)",0.9061486282761603,0.10400390625,2.3985087871551514,2.4923830032348633,0.0,0.0,0.010153304785490036,0.010467322543263435,123
base_model.model.model.layers.22.self_attn.q_proj.lora_B.weight,"(4096, 16)",0.02142846698378173,0.4883270263671875,0.5488184690475464,0.8908233046531677,0.0,0.0,0.001604006509296596,0.002746846526861191,123
base_model.model.model.layers.22.self_attn.v_proj.lora_A.weight,"(16, 2560)",0.9101833827748258,0.10183105617761612,2.422441005706787,2.4909026622772217,0.0,0.0,0.010220004245638847,0.01046118326485157,123
base_model.model.model.layers.22.self_attn.v_proj.lora_B.weight,"(1024, 16)",0.02812037003728483,0.49114990234375,0.3013312518596649,0.3883424401283264,0.0,0.0,0.0018463004380464554,0.0023894724436104298,123
base_model.model.model.layers.23.mlp.down_proj.lora_A.weight,"(16, 9728)",0.714153051710117,0.20317639410495758,2.6624763011932373,2.9449431896209717,0.0,0.0,0.005637051071971655,0.0061571551486849785,123
base_model.model.model.layers.23.mlp.down_proj.lora_B.weight,"(2560, 16)",0.00027817612271964623,0.4971923828125,0.614088773727417,0.7216159105300903,0.0,0.0,0.0023867073468863964,0.0028541460633277893,123
base_model.model.model.layers.23.mlp.gate_proj.lora_A.weight,"(16, 2560)",0.884107896315095,0.12131347507238388,2.4537911415100098,2.711726427078247,0.0,0.0,0.010358283296227455,0.011290336959064007,123
base_model.model.model.layers.23.mlp.gate_proj.lora_B.weight,"(9728, 16)",-0.004546032214210107,0.5025827288627625,1.3100610971450806,1.5436205863952637,0.0,0.0,0.002513009123504162,0.003105738665908575,123
base_model.model.model.layers.23.mlp.up_proj.lora_A.weight,"(16, 2560)",0.915098571376312,0.09731445461511612,2.4045863151550293,2.5857415199279785,0.0,0.0,0.010175253264605999,0.010834110900759697,123
base_model.model.model.layers.23.mlp.up_proj.lora_B.weight,"(9728, 16)",-0.0011221746421285108,0.5005974769592285,1.0473344326019287,1.299745798110962,0.0,0.0,0.00207025115378201,0.0026120394468307495,123
base_model.model.model.layers.23.self_attn.k_proj.lora_A.weight,"(16, 2560)",0.8868067105065857,0.11599121242761612,2.4338114261627197,2.519103765487671,0.0,0.0,0.010245558805763721,0.010540379211306572,123
base_model.model.model.layers.23.self_attn.k_proj.lora_B.weight,"(1024, 16)",0.012976930136779656,0.49444580078125,0.32036927342414856,0.44708582758903503,0.0,0.0,0.0019321537110954523,0.0027904605958610773,123
base_model.model.model.layers.23.self_attn.o_proj.lora_A.weight,"(16, 4096)",0.884204584538387,0.1166229248046875,2.419572353363037,2.6094236373901367,0.0,0.0,0.008097243495285511,0.008608962409198284,123
base_model.model.model.layers.23.self_attn.o_proj.lora_B.weight,"(2560, 16)",-0.007622529245910569,0.500415027141571,0.45767244696617126,0.6646773815155029,0.0,0.0,0.0017665971536189318,0.0026152015198022127,123
base_model.model.model.layers.23.self_attn.q_proj.lora_A.weight,"(16, 2560)",0.8885614540107197,0.11494140326976776,2.4570045471191406,2.5117554664611816,0.0,0.0,0.010340221226215363,0.01053526345640421,123
base_model.model.model.layers.23.self_attn.q_proj.lora_B.weight,"(4096, 16)",0.013276843732750487,0.4929046630859375,0.6516887545585632,0.920112133026123,0.0,0.0,0.0019204051932319999,0.0028554201126098633,123
base_model.model.model.layers.23.self_attn.v_proj.lora_A.weight,"(16, 2560)",0.9153241027982377,0.09711913764476776,2.393670082092285,2.499237298965454,0.0,0.0,0.010143510065972805,0.010497668758034706,123
base_model.model.model.layers.23.self_attn.v_proj.lora_B.weight,"(1024, 16)",-0.03153291372136565,0.511962890625,0.24782238900661469,0.37643176317214966,0.0,0.0,0.001534592709504068,0.0023377055767923594,123
base_model.model.model.layers.24.mlp.down_proj.lora_A.weight,"(16, 9728)",0.7034799168901983,0.2064337432384491,2.706124782562256,2.921844244003296,0.0,0.0,0.005703749135136604,0.0060999453999102116,123
base_model.model.model.layers.24.mlp.down_proj.lora_B.weight,"(2560, 16)",0.002680805245886842,0.4980224668979645,0.5782212615013123,0.7057627439498901,0.0,0.0,0.002215906511992216,0.0027845073491334915,123
base_model.model.model.layers.24.mlp.gate_proj.lora_A.weight,"(16, 2560)",0.8619188451081027,0.12775878608226776,2.509411096572876,2.7084219455718994,0.0,0.0,0.010552505031228065,0.011277560144662857,123
base_model.model.model.layers.24.mlp.gate_proj.lora_B.weight,"(9728, 16)",-0.0023058907533106032,0.5019981265068054,1.6509240865707397,1.5697386264801025,0.0,0.0,0.003159808926284313,0.0031564789824187756,123
base_model.model.model.layers.24.mlp.up_proj.lora_A.weight,"(16, 2560)",0.9027546405015441,0.10527344048023224,2.4313817024230957,2.6415350437164307,0.0,0.0,0.010289406403899193,0.011085199192166328,123
base_model.model.model.layers.24.mlp.up_proj.lora_B.weight,"(9728, 16)",0.00547067976061244,0.4976806640625,1.1972042322158813,1.3887295722961426,0.0,0.0,0.002344447188079357,0.0027970001101493835,123
base_model.model.model.layers.24.self_attn.k_proj.lora_A.weight,"(16, 2560)",0.8454736518960208,0.1353759765625,2.5752995014190674,2.4946048259735107,0.0,0.0,0.010688883252441883,0.0104939891025424,123
base_model.model.model.layers.24.self_attn.k_proj.lora_B.weight,"(1024, 16)",0.024949284909285944,0.4879150390625,0.4012852907180786,0.44164925813674927,0.0,0.0,0.0022935643792152405,0.0027432977221906185,123
base_model.model.model.layers.24.self_attn.o_proj.lora_A.weight,"(16, 4096)",0.8599142366690534,0.124786376953125,2.4939584732055664,2.6141417026519775,0.0,0.0,0.008281766436994076,0.008605822920799255,123
base_model.model.model.layers.24.self_attn.o_proj.lora_B.weight,"(2560, 16)",0.003136188337353628,0.4981933534145355,0.7529120445251465,0.6549872756004333,0.0,0.0,0.00287320907227695,0.0025771893560886383,123
base_model.model.model.layers.24.self_attn.q_proj.lora_A.weight,"(16, 2560)",0.8841221015416283,0.117431640625,2.4515349864959717,2.529623508453369,0.0,0.0,0.010310505516827106,0.01060044951736927,123
base_model.model.model.layers.24.self_attn.q_proj.lora_B.weight,"(4096, 16)",0.012170445069046494,0.4964447021484375,0.7864444255828857,0.913834810256958,0.0,0.0,0.0022412315011024475,0.0028326259925961494,123
base_model.model.model.layers.24.self_attn.v_proj.lora_A.weight,"(16, 2560)",0.9072573421885337,0.1019287109375,2.4102888107299805,2.49477481842041,0.0,0.0,0.01019731629639864,0.010494106449186802,123
base_model.model.model.layers.24.self_attn.v_proj.lora_B.weight,"(1024, 16)",0.0075523561004579645,0.49481201171875,0.29375508427619934,0.3762742877006531,0.0,0.0,0.0017763301730155945,0.0023165380116552114,123
base_model.model.model.layers.25.mlp.down_proj.lora_A.weight,"(16, 9728)",0.6829026037617979,0.2153577357530594,2.801234483718872,2.9330227375030518,0.0,0.0,0.005870882421731949,0.006121951621025801,123
base_model.model.model.layers.25.mlp.down_proj.lora_B.weight,"(2560, 16)",0.0020137117827177388,0.4988769590854645,0.6887014508247375,0.715459942817688,0.0,0.0,0.0026733153499662876,0.0028275265358388424,123
base_model.model.model.layers.25.mlp.gate_proj.lora_A.weight,"(16, 2560)",0.8642076935032421,0.12910155951976776,2.531964063644409,2.6900136470794678,0.0,0.0,0.01062492560595274,0.011238851584494114,123
base_model.model.model.layers.25.mlp.gate_proj.lora_B.weight,"(9728, 16)",0.0001321888603127428,0.4971409738063812,1.8574702739715576,1.5419892072677612,0.0,0.0,0.003601938486099243,0.0030937818810343742,123
base_model.model.model.layers.25.mlp.up_proj.lora_A.weight,"(16, 2560)",0.9010906789664842,0.10544433444738388,2.466759443283081,2.610422372817993,0.0,0.0,0.010403193533420563,0.010951971635222435,123
base_model.model.model.layers.25.mlp.up_proj.lora_B.weight,"(9728, 16)",0.00529620986610536,0.49652421474456787,1.3844281435012817,1.3385099172592163,0.0,0.0,0.00269271619617939,0.00268181343562901,123
base_model.model.model.layers.25.self_attn.k_proj.lora_A.weight,"(16, 2560)",0.8990724319610434,0.10935058444738388,2.413555145263672,2.5047225952148438,0.0,0.0,0.010204744525253773,0.010506536811590195,123
base_model.model.model.layers.25.self_attn.k_proj.lora_B.weight,"(1024, 16)",-0.0027671446350512477,0.50146484375,0.30075961351394653,0.4376124143600464,0.0,0.0,0.0017934538191184402,0.0027087272610515356,123
base_model.model.model.layers.25.self_attn.o_proj.lora_A.weight,"(16, 4096)",0.8591618694696423,0.130157470703125,2.4640281200408936,2.638477325439453,0.0,0.0,0.008180554956197739,0.008668064139783382,123
base_model.model.model.layers.25.self_attn.o_proj.lora_B.weight,"(2560, 16)",0.0010680410771475995,0.4999023377895355,0.6121240854263306,0.723112940788269,0.0,0.0,0.002366413827985525,0.002859789412468672,123
base_model.model.model.layers.25.self_attn.q_proj.lora_A.weight,"(16, 2560)",0.9017850663047692,0.10551758110523224,2.4387998580932617,2.494736433029175,0.0,0.0,0.010289812460541725,0.010491719469428062,123
base_model.model.model.layers.25.self_attn.q_proj.lora_B.weight,"(4096, 16)",-0.000817660294327352,0.500152587890625,0.6713423728942871,0.9021670818328857,0.0,0.0,0.0019912568386644125,0.002775784581899643,123
base_model.model.model.layers.25.self_attn.v_proj.lora_A.weight,"(16, 2560)",0.9018412609029746,0.10334472358226776,2.4278666973114014,2.511206865310669,0.0,0.0,0.010247793979942799,0.010544920340180397,123
base_model.model.model.layers.25.self_attn.v_proj.lora_B.weight,"(1024, 16)",0.018986543311377058,0.4910888671875,0.34396517276763916,0.39061272144317627,0.0,0.0,0.0020697670988738537,0.0024153757840394974,123
base_model.model.model.layers.26.mlp.down_proj.lora_A.weight,"(16, 9728)",0.674744158505826,0.21710526943206787,2.8518381118774414,2.9141485691070557,0.0,0.0,0.005959575995802879,0.006092665251344442,123
base_model.model.model.layers.26.mlp.down_proj.lora_B.weight,"(2560, 16)",-0.007977977018863519,0.5047363042831421,0.6906275153160095,0.7097563743591309,0.0,0.0,0.002663181396201253,0.0028084241785109043,123
base_model.model.model.layers.26.mlp.gate_proj.lora_A.weight,"(16, 2560)",0.8466392389646056,0.14008788764476776,2.569610834121704,2.7165675163269043,0.0,0.0,0.010735039599239826,0.01129333209246397,123
base_model.model.model.layers.26.mlp.gate_proj.lora_B.weight,"(9728, 16)",-0.000259998751733877,0.4996466338634491,1.8048819303512573,1.5742806196212769,0.0,0.0,0.003500185441225767,0.003167906077578664,123
base_model.model.model.layers.26.mlp.up_proj.lora_A.weight,"(16, 2560)",0.8958302580685653,0.10957030951976776,2.4737770557403564,2.6443004608154297,0.0,0.0,0.010442057624459267,0.011088894680142403,123
base_model.model.model.layers.26.mlp.up_proj.lora_B.weight,"(9728, 16)",0.0018710074601064116,0.49908125400543213,1.3836634159088135,1.35714590549469,0.0,0.0,0.0026778769679367542,0.002726351609453559,123
base_model.model.model.layers.26.self_attn.k_proj.lora_A.weight,"(16, 2560)",0.89352818864391,0.11301269382238388,2.423675298690796,2.500490665435791,0.0,0.0,0.010220706462860107,0.010477673262357712,123
base_model.model.model.layers.26.self_attn.k_proj.lora_B.weight,"(1024, 16)",0.011973783889265878,0.49591064453125,0.3394404947757721,0.4412035048007965,0.0,0.0,0.002021737862378359,0.0027356187347322702,123
base_model.model.model.layers.26.self_attn.o_proj.lora_A.weight,"(16, 4096)",0.8666906422335844,0.1271820068359375,2.4270591735839844,2.679591417312622,0.0,0.0,0.008103814907371998,0.008797135204076767,123
base_model.model.model.layers.26.self_attn.o_proj.lora_B.weight,"(2560, 16)",0.007844885553867722,0.49589842557907104,0.4482249915599823,0.7367455959320068,0.0,0.0,0.0017669415101408958,0.002899401355534792,123
base_model.model.model.layers.26.self_attn.q_proj.lora_A.weight,"(16, 2560)",0.8953071981048615,0.1123046875,2.435074806213379,2.5135912895202637,0.0,0.0,0.010268544778227806,0.010539188981056213,123
base_model.model.model.layers.26.self_attn.q_proj.lora_B.weight,"(4096, 16)",0.0061777054656319014,0.498504638671875,0.6868461966514587,0.918340265750885,0.0,0.0,0.0020132269710302353,0.0028493721038103104,123
base_model.model.model.layers.26.self_attn.v_proj.lora_A.weight,"(16, 2560)",0.9048648664161937,0.10397949069738388,2.3971035480499268,2.495227813720703,0.0,0.0,0.010127060115337372,0.01046432089060545,123
base_model.model.model.layers.26.self_attn.v_proj.lora_B.weight,"(1024, 16)",-0.0033349922972525318,0.49871826171875,0.2969762980937958,0.3710986375808716,0.0,0.0,0.0018365372670814395,0.0022854602430015802,123
base_model.model.model.layers.27.mlp.down_proj.lora_A.weight,"(16, 9728)",0.6613772487796792,0.2249498814344406,2.899273157119751,2.920760154724121,0.0,0.0,0.006032891571521759,0.006104041822254658,123
base_model.model.model.layers.27.mlp.down_proj.lora_B.weight,"(2560, 16)",0.0025016121571726593,0.5007568597793579,0.7097282409667969,0.7176604866981506,0.0,0.0,0.0027180262841284275,0.0028349696658551693,123
base_model.model.model.layers.27.mlp.gate_proj.lora_A.weight,"(16, 2560)",0.8282302521746127,0.14885254204273224,2.576965093612671,2.773813486099243,0.0,0.0,0.010745985433459282,0.011493360623717308,123
base_model.model.model.layers.27.mlp.gate_proj.lora_B.weight,"(9728, 16)",0.004407838269434388,0.49708959460258484,1.7797280550003052,1.5964560508728027,0.0,0.0,0.0034506390802562237,0.003205573419108987,123
base_model.model.model.layers.27.mlp.up_proj.lora_A.weight,"(16, 2560)",0.8931901315117572,0.11135254055261612,2.450605869293213,2.65207839012146,0.0,0.0,0.010345397517085075,0.011098284274339676,123
base_model.model.model.layers.27.mlp.up_proj.lora_B.weight,"(9728, 16)",-0.003422387204827279,0.5013042092323303,1.3847458362579346,1.359400987625122,0.0,0.0,0.0027098488062620163,0.0027301423251628876,123
base_model.model.model.layers.27.self_attn.k_proj.lora_A.weight,"(16, 2560)",0.8949516362636182,0.11130370944738388,2.413619041442871,2.5082108974456787,0.0,0.0,0.010177148506045341,0.010516634210944176,123
base_model.model.model.layers.27.self_attn.k_proj.lora_B.weight,"(1024, 16)",0.03513641244113692,0.48797607421875,0.3336612582206726,0.4420388638973236,0.0,0.0,0.0020264394115656614,0.0027403056155890226,123
base_model.model.model.layers.27.self_attn.o_proj.lora_A.weight,"(16, 4096)",0.8667438924009571,0.124114990234375,2.4504950046539307,2.658820390701294,0.0,0.0,0.008170681074261665,0.008752590976655483,123
base_model.model.model.layers.27.self_attn.o_proj.lora_B.weight,"(2560, 16)",0.0011389314764770784,0.4998779296875,0.6089082956314087,0.7232065796852112,0.0,0.0,0.0023191855289041996,0.002845106180757284,123
base_model.model.model.layers.27.self_attn.q_proj.lora_A.weight,"(16, 2560)",0.8909612199877915,0.11552734673023224,2.4394354820251465,2.510209798812866,0.0,0.0,0.010267563164234161,0.010513725690543652,123
base_model.model.model.layers.27.self_attn.q_proj.lora_B.weight,"(4096, 16)",-0.013090030658413281,0.5006103515625,0.6918838024139404,0.9005159735679626,0.0,0.0,0.0020598890259861946,0.002769342390820384,123
base_model.model.model.layers.27.self_attn.v_proj.lora_A.weight,"(16, 2560)",0.8857438847803412,0.11430664360523224,2.465186357498169,2.5105414390563965,0.0,0.0,0.010374562814831734,0.010535052046179771,123
base_model.model.model.layers.27.self_attn.v_proj.lora_B.weight,"(1024, 16)",0.003868672077974542,0.489013671875,0.34337329864501953,0.38404208421707153,0.0,0.0,0.0020841313526034355,0.002370466012507677,123
base_model.model.model.layers.28.mlp.down_proj.lora_A.weight,"(16, 9728)",0.6756189297942321,0.218017578125,2.8487062454223633,2.9213879108428955,0.0,0.0,0.005948228761553764,0.006103576626628637,123
base_model.model.model.layers.28.mlp.down_proj.lora_B.weight,"(2560, 16)",-0.0015051119851334932,0.5013183355331421,0.6027910113334656,0.7233120203018188,0.0,0.0,0.0023580845445394516,0.0028621884994208813,123
base_model.model.model.layers.28.mlp.gate_proj.lora_A.weight,"(16, 2560)",0.8336102569363243,0.1458740234375,2.5551390647888184,2.7979211807250977,0.0,0.0,0.01067163236439228,0.011615762487053871,123
base_model.model.model.layers.28.mlp.gate_proj.lora_B.weight,"(9728, 16)",-0.0050088595748498015,0.5023000836372375,1.891187071800232,1.584577202796936,0.0,0.0,0.0036912576761096716,0.003185042878612876,123
base_model.model.model.layers.28.mlp.up_proj.lora_A.weight,"(16, 2560)",0.8884485248192284,0.11279296875,2.470996856689453,2.6759281158447266,0.0,0.0,0.010435618460178375,0.011198185384273529,123
base_model.model.model.layers.28.mlp.up_proj.lora_B.weight,"(9728, 16)",0.0022150000642680175,0.4980597198009491,1.4906644821166992,1.4060919284820557,0.0,0.0,0.0029195272363722324,0.0028211481403559446,123
base_model.model.model.layers.28.self_attn.k_proj.lora_A.weight,"(16, 2560)",0.8834054762475424,0.1181640625,2.4522945880889893,2.5165822505950928,0.0,0.0,0.010321995243430138,0.010543420910835266,123
base_model.model.model.layers.28.self_attn.k_proj.lora_B.weight,"(1024, 16)",-0.026763529581040873,0.50225830078125,0.33640044927597046,0.4263817071914673,0.0,0.0,0.002032072748988867,0.0026500525418668985,123
base_model.model.model.layers.28.self_attn.o_proj.lora_A.weight,"(16, 4096)",0.8570923325291232,0.128875732421875,2.486412525177002,2.6542911529541016,0.0,0.0,0.008259790018200874,0.008730348199605942,123
base_model.model.model.layers.28.self_attn.o_proj.lora_B.weight,"(2560, 16)",0.002383204998060225,0.49821776151657104,0.5885748863220215,0.7241082191467285,0.0,0.0,0.002257206477224827,0.0028580408543348312,123
base_model.model.model.layers.28.self_attn.q_proj.lora_A.weight,"(16, 2560)",0.8983694122503612,0.1107177734375,2.4403252601623535,2.4992473125457764,0.0,0.0,0.010283492505550385,0.010504627600312233,123
base_model.model.model.layers.28.self_attn.q_proj.lora_B.weight,"(4096, 16)",0.0113827370170527,0.49615478515625,0.7249074578285217,0.9020619988441467,0.0,0.0,0.002144652185961604,0.002784294541925192,123
base_model.model.model.layers.28.self_attn.v_proj.lora_A.weight,"(16, 2560)",0.8863788952739169,0.11582031100988388,2.4612648487091064,2.5185482501983643,0.0,0.0,0.010348248295485973,0.010569301433861256,123
base_model.model.model.layers.28.self_attn.v_proj.lora_B.weight,"(1024, 16)",0.006969553836500271,0.49517822265625,0.3497553765773773,0.4037868082523346,0.0,0.0,0.0021206492092460394,0.002478509908542037,123
base_model.model.model.layers.29.mlp.down_proj.lora_A.weight,"(16, 9728)",0.6694275208497652,0.22206516563892365,2.899953842163086,2.896116256713867,0.0,0.0,0.006035783793777227,0.006059895269572735,123
base_model.model.model.layers.29.mlp.down_proj.lora_B.weight,"(2560, 16)",-0.004967305093313594,0.5006347894668579,0.6621261835098267,0.7023050785064697,0.0,0.0,0.002554436679929495,0.002769543556496501,123
base_model.model.model.layers.29.mlp.gate_proj.lora_A.weight,"(16, 2560)",0.8204534602647019,0.15334472060203552,2.581725835800171,2.799755811691284,0.0,0.0,0.010758551768958569,0.01159753743559122,123
base_model.model.model.layers.29.mlp.gate_proj.lora_B.weight,"(9728, 16)",0.0013756499823640621,0.4995502531528473,1.9549354314804077,1.6340781450271606,0.0,0.0,0.00383905041962862,0.0032931510359048843,123
base_model.model.model.layers.29.mlp.up_proj.lora_A.weight,"(16, 2560)",0.869505718570152,0.1273193359375,2.5092756748199463,2.7283737659454346,0.0,0.0,0.010531259700655937,0.011380801908671856,123
base_model.model.model.layers.29.mlp.up_proj.lora_B.weight,"(9728, 16)",0.005448019630548688,0.4990362823009491,1.6105337142944336,1.4625579118728638,0.0,0.0,0.003114003688097,0.0029427045956254005,123
base_model.model.model.layers.29.self_attn.k_proj.lora_A.weight,"(16, 2560)",0.8963549068839757,0.11042480170726776,2.4415056705474854,2.4807169437408447,0.0,0.0,0.010295283049345016,0.010407661087810993,123
base_model.model.model.layers.29.self_attn.k_proj.lora_B.weight,"(1024, 16)",0.019061202337882895,0.494140625,0.3461204469203949,0.4066201150417328,0.0,0.0,0.002062150277197361,0.002511179307475686,123
base_model.model.model.layers.29.self_attn.o_proj.lora_A.weight,"(16, 4096)",0.8548681912225984,0.133514404296875,2.4355216026306152,2.6925692558288574,0.0,0.0,0.008109807968139648,0.008838200010359287,123
base_model.model.model.layers.29.self_attn.o_proj.lora_B.weight,"(2560, 16)",0.008829106806019792,0.4954589903354645,0.4654347002506256,0.765268862247467,0.0,0.0,0.0018378004897385836,0.003014366142451763,123
base_model.model.model.layers.29.self_attn.q_proj.lora_A.weight,"(16, 2560)",0.8848428481655146,0.1175537109375,2.457949161529541,2.508272647857666,0.0,0.0,0.010306072421371937,0.010502715595066547,123
base_model.model.model.layers.29.self_attn.q_proj.lora_B.weight,"(4096, 16)",0.0033584849604478407,0.4930877685546875,0.7285892367362976,0.9280650019645691,0.0,0.0,0.0021504913456737995,0.002880626590922475,123
base_model.model.model.layers.29.self_attn.v_proj.lora_A.weight,"(16, 2560)",0.9085131655422614,0.10117187350988388,2.4031524658203125,2.4860219955444336,0.0,0.0,0.010158230550587177,0.010454831644892693,123
base_model.model.model.layers.29.self_attn.v_proj.lora_B.weight,"(1024, 16)",0.03823982939507097,0.48333740234375,0.32088202238082886,0.3643464148044586,0.0,0.0,0.001982934307307005,0.0022320167627185583,123
base_model.model.model.layers.3.mlp.down_proj.lora_A.weight,"(16, 9728)",0.7455033707090791,0.18365156650543213,2.528721332550049,2.894756555557251,0.0,0.0,0.005397144705057144,0.006025649141520262,123
base_model.model.model.layers.3.mlp.down_proj.lora_B.weight,"(2560, 16)",0.0072805997980082,0.49956053495407104,0.4163558781147003,0.6674832105636597,0.0,0.0,0.0016273681540042162,0.0026247850619256496,123
base_model.model.model.layers.3.mlp.gate_proj.lora_A.weight,"(16, 2560)",0.862910396931236,0.13164062798023224,2.4154977798461914,2.6922032833099365,0.0,0.0,0.010219265706837177,0.011154456064105034,123
base_model.model.model.layers.3.mlp.gate_proj.lora_B.weight,"(9728, 16)",0.014549728335037105,0.48542866110801697,1.073563814163208,1.6220594644546509,0.0,0.0,0.0019895576406270266,0.003059352980926633,123
base_model.model.model.layers.3.mlp.up_proj.lora_A.weight,"(16, 2560)",0.9148647487674153,0.09968261420726776,2.3610496520996094,2.5435357093811035,0.0,0.0,0.01003221981227398,0.01065314281731844,123
base_model.model.model.layers.3.mlp.up_proj.lora_B.weight,"(9728, 16)",-0.018046760608002893,0.5067009925842285,0.926946759223938,1.230956792831421,0.0,0.0,0.0015837479149922729,0.0022356167901307344,123
base_model.model.model.layers.3.self_attn.k_proj.lora_A.weight,"(16, 2560)",0.9100567491189003,0.10183105617761612,2.4114530086517334,2.487049102783203,0.0,0.0,0.010205688886344433,0.010471038520336151,123
base_model.model.model.layers.3.self_attn.k_proj.lora_B.weight,"(1024, 16)",-0.006036028814025239,0.50042724609375,0.2612362504005432,0.364169180393219,0.0,0.0,0.0016083213267847896,0.0022203640546649694,123
base_model.model.model.layers.3.self_attn.o_proj.lora_A.weight,"(16, 4096)",0.8883859132495099,0.1148834228515625,2.408273458480835,2.555967330932617,0.0,0.0,0.008062198758125305,0.008438309654593468,123
base_model.model.model.layers.3.self_attn.o_proj.lora_B.weight,"(2560, 16)",0.003390443809064131,0.49641114473342896,0.39924535155296326,0.5755136013031006,0.0,0.0,0.0015598263125866652,0.0022551792208105326,123
base_model.model.model.layers.3.self_attn.q_proj.lora_A.weight,"(16, 2560)",0.9159775896618002,0.09743652492761612,2.3824381828308105,2.496035575866699,0.0,0.0,0.010131796821951866,0.01050462108105421,123
base_model.model.model.layers.3.self_attn.q_proj.lora_B.weight,"(4096, 16)",-0.00825939507988221,0.4994354248046875,0.5156570076942444,0.7810482382774353,0.0,0.0,0.0015557990409433842,0.0023822057992219925,123
base_model.model.model.layers.3.self_attn.v_proj.lora_A.weight,"(16, 2560)",0.9300986613427815,0.08652343600988388,2.3643267154693604,2.4586992263793945,0.0,0.0,0.01006265264004469,0.010355164296925068,123
base_model.model.model.layers.3.self_attn.v_proj.lora_B.weight,"(1024, 16)",0.04898588657146368,0.48046875,0.22142872214317322,0.2932753264904022,0.0,0.0,0.0013910976704210043,0.0018413732759654522,123
base_model.model.model.layers.30.mlp.down_proj.lora_A.weight,"(16, 9728)",0.6447593810040604,0.23289088904857635,2.9574429988861084,2.9097964763641357,0.0,0.0,0.00613177428022027,0.006083125248551369,123
base_model.model.model.layers.30.mlp.down_proj.lora_B.weight,"(2560, 16)",-0.003091248122327589,0.500927746295929,0.6593377590179443,0.7061686515808105,0.0,0.0,0.002574276877567172,0.0027800623793154955,123
base_model.model.model.layers.30.mlp.gate_proj.lora_A.weight,"(16, 2560)",0.8223739494423851,0.15080566704273224,2.6027979850769043,2.8001911640167236,0.0,0.0,0.010853289626538754,0.01159505732357502,123
base_model.model.model.layers.30.mlp.gate_proj.lora_B.weight,"(9728, 16)",0.0006322856128009991,0.5000385642051697,1.9711979627609253,1.6275205612182617,0.0,0.0,0.0038649197667837143,0.003278712509199977,123
base_model.model.model.layers.30.mlp.up_proj.lora_A.weight,"(16, 2560)",0.8632235076802207,0.131103515625,2.4993035793304443,2.746995210647583,0.0,0.0,0.010515070520341396,0.011430995538830757,123
base_model.model.model.layers.30.mlp.up_proj.lora_B.weight,"(9728, 16)",0.0034172857541538365,0.4987536072731018,1.5946954488754272,1.4989469051361084,0.0,0.0,0.0031061568297445774,0.0030212916899472475,123
base_model.model.model.layers.30.self_attn.k_proj.lora_A.weight,"(16, 2560)",0.873555280648474,0.12668457627296448,2.467860221862793,2.486220121383667,0.0,0.0,0.01033891923725605,0.010408894158899784,123
base_model.model.model.layers.30.self_attn.k_proj.lora_B.weight,"(1024, 16)",0.02788230862567775,0.4852294921875,0.36958324909210205,0.440510094165802,0.0,0.0,0.0021614895667880774,0.0027054257225245237,123
base_model.model.model.layers.30.self_attn.o_proj.lora_A.weight,"(16, 4096)",0.8535380932055061,0.1309661865234375,2.4977598190307617,2.66516375541687,0.0,0.0,0.008295784704387188,0.00878029502928257,123
base_model.model.model.layers.30.self_attn.o_proj.lora_B.weight,"(2560, 16)",0.0026452233108397614,0.49897462129592896,0.527070164680481,0.7073376178741455,0.0,0.0,0.002064088359475136,0.0027774248737841845,123
base_model.model.model.layers.30.self_attn.q_proj.lora_A.weight,"(16, 2560)",0.8903283952837854,0.11579589545726776,2.451740026473999,2.5086162090301514,0.0,0.0,0.010314106941223145,0.010527387261390686,123
base_model.model.model.layers.30.self_attn.q_proj.lora_B.weight,"(4096, 16)",8.278076710056825e-05,0.4999542236328125,0.7059428691864014,0.8890662789344788,0.0,0.0,0.002063923981040716,0.002753111533820629,123
base_model.model.model.layers.30.self_attn.v_proj.lora_A.weight,"(16, 2560)",0.8924248488808386,0.10847167670726776,2.455594539642334,2.510129928588867,0.0,0.0,0.010343752801418304,0.010551509447395802,123
base_model.model.model.layers.30.self_attn.v_proj.lora_B.weight,"(1024, 16)",-0.006786692491642088,0.49444580078125,0.3232679069042206,0.3837255537509918,0.0,0.0,0.0020022636745125055,0.002364923246204853,123
base_model.model.model.layers.31.mlp.down_proj.lora_A.weight,"(16, 9728)",0.6381254677730015,0.23379677534103394,3.0331966876983643,2.915438175201416,0.0,0.0,0.006271341349929571,0.0060967192985117435,123
base_model.model.model.layers.31.mlp.down_proj.lora_B.weight,"(2560, 16)",-0.003923942894774526,0.5007568597793579,0.6539132595062256,0.719595193862915,0.0,0.0,0.002557974774390459,0.002833250444382429,123
base_model.model.model.layers.31.mlp.gate_proj.lora_A.weight,"(16, 2560)",0.810175535765473,0.15737304091453552,2.588524103164673,2.881600856781006,0.0,0.0,0.01082141138613224,0.011905297636985779,123
base_model.model.model.layers.31.mlp.gate_proj.lora_B.weight,"(9728, 16)",0.002621152637217587,0.4994281828403473,1.9300287961959839,1.6342185735702515,0.0,0.0,0.003726337803527713,0.0032983962446451187,123
base_model.model.model.layers.31.mlp.up_proj.lora_A.weight,"(16, 2560)",0.8567829110763572,0.1312255859375,2.5013675689697266,2.7787814140319824,0.0,0.0,0.010512608103454113,0.011530188843607903,123
base_model.model.model.layers.31.mlp.up_proj.lora_B.weight,"(9728, 16)",0.004427242499434586,0.4988628327846527,1.6229664087295532,1.51926851272583,0.0,0.0,0.0031390790827572346,0.0030636333394795656,123
base_model.model.model.layers.31.self_attn.k_proj.lora_A.weight,"(16, 2560)",0.8732396628351553,0.12360839545726776,2.474249839782715,2.5197951793670654,0.0,0.0,0.010392359457910061,0.010558320209383965,123
base_model.model.model.layers.31.self_attn.k_proj.lora_B.weight,"(1024, 16)",0.00034412372886383517,0.48858642578125,0.3504539728164673,0.4569070637226105,0.0,0.0,0.002080830279737711,0.002825181931257248,123
base_model.model.model.layers.31.self_attn.o_proj.lora_A.weight,"(16, 4096)",0.8332247481469355,0.1424407958984375,2.5267465114593506,2.7181572914123535,0.0,0.0,0.008353255689144135,0.008926933631300926,123
base_model.model.model.layers.31.self_attn.o_proj.lora_B.weight,"(2560, 16)",-0.0014506150499533873,0.500292956829071,0.6678969264030457,0.7793163657188416,0.0,0.0,0.0025765779428184032,0.0030620205216109753,123
base_model.model.model.layers.31.self_attn.q_proj.lora_A.weight,"(16, 2560)",0.8746312472041967,0.12299804389476776,2.498171806335449,2.5060007572174072,0.0,0.0,0.010474907234311104,0.010512311942875385,123
base_model.model.model.layers.31.self_attn.q_proj.lora_B.weight,"(4096, 16)",0.008728938809006034,0.4948577880859375,0.7911230325698853,0.9306779503822327,0.0,0.0,0.002288185991346836,0.0028920231852680445,123
base_model.model.model.layers.31.self_attn.v_proj.lora_A.weight,"(16, 2560)",0.8746103723269467,0.118896484375,2.495053768157959,2.545396566390991,0.0,0.0,0.010482105426490307,0.010675124824047089,123
base_model.model.model.layers.31.self_attn.v_proj.lora_B.weight,"(1024, 16)",-0.003062539400768152,0.4898681640625,0.3718814253807068,0.40284985303878784,0.0,0.0,0.002257507760077715,0.0024817304220050573,123
base_model.model.model.layers.32.mlp.down_proj.lora_A.weight,"(16, 9728)",0.6370928524593857,0.23408588767051697,3.008362293243408,2.926957607269287,0.0,0.0,0.0062202755361795425,0.006112891715019941,123
base_model.model.model.layers.32.mlp.down_proj.lora_B.weight,"(2560, 16)",0.006310320678060432,0.49848634004592896,0.7181367874145508,0.7522174119949341,0.0,0.0,0.0027893781661987305,0.0029617887921631336,123
base_model.model.model.layers.32.mlp.gate_proj.lora_A.weight,"(16, 2560)",0.8188912836665444,0.15351562201976776,2.5930230617523193,2.857144832611084,0.0,0.0,0.010805719532072544,0.011811904609203339,123
base_model.model.model.layers.32.mlp.gate_proj.lora_B.weight,"(9728, 16)",-0.0043814328334754495,0.5000321269035339,1.9859439134597778,1.6429044008255005,0.0,0.0,0.003855618881061673,0.003327031387016177,123
base_model.model.model.layers.32.mlp.up_proj.lora_A.weight,"(16, 2560)",0.8492140808527572,0.13459472358226776,2.516801118850708,2.8018972873687744,0.0,0.0,0.010569354519248009,0.011636832728981972,123
base_model.model.model.layers.32.mlp.up_proj.lora_B.weight,"(9728, 16)",-0.006555982487458328,0.5028654336929321,1.6633291244506836,1.5632808208465576,0.0,0.0,0.0032109778840094805,0.0031445615459233522,123
base_model.model.model.layers.32.self_attn.k_proj.lora_A.weight,"(16, 2560)",0.8730758700862189,0.121826171875,2.5061330795288086,2.4845292568206787,0.0,0.0,0.010483293794095516,0.010426643304526806,123
base_model.model.model.layers.32.self_attn.k_proj.lora_B.weight,"(1024, 16)",0.0312579165217422,0.495849609375,0.40814003348350525,0.4130500853061676,0.0,0.0,0.0023374969605356455,0.002574803540483117,123
base_model.model.model.layers.32.self_attn.o_proj.lora_A.weight,"(16, 4096)",0.8268542192549208,0.1456756591796875,2.5694267749786377,2.667515993118286,0.0,0.0,0.008439450524747372,0.008773239329457283,123
base_model.model.model.layers.32.self_attn.o_proj.lora_B.weight,"(2560, 16)",0.011560242054477202,0.49323731660842896,0.7720021605491638,0.7672033309936523,0.0,0.0,0.0029733695555478334,0.0030151463579386473,123
base_model.model.model.layers.32.self_attn.q_proj.lora_A.weight,"(16, 2560)",0.8754622983975724,0.12158203125,2.4849185943603516,2.474416971206665,0.0,0.0,0.010394623503088951,0.010378582403063774,123
base_model.model.model.layers.32.self_attn.q_proj.lora_B.weight,"(4096, 16)",0.0014561162908954906,0.4951171875,0.8392450213432312,0.9112951159477234,0.0,0.0,0.0024335202760994434,0.002807956887409091,123
base_model.model.model.layers.32.self_attn.v_proj.lora_A.weight,"(16, 2560)",0.8136142652025949,0.14787597954273224,2.6606156826019287,2.5288779735565186,0.0,0.0,0.010974150151014328,0.01056971400976181,123
base_model.model.model.layers.32.self_attn.v_proj.lora_B.weight,"(1024, 16)",0.009656838960113929,0.49127197265625,0.4912721812725067,0.40280529856681824,0.0,0.0,0.0028759308625012636,0.0024724071845412254,123
base_model.model.model.layers.33.mlp.down_proj.lora_A.weight,"(16, 9728)",0.6315322248786925,0.2332763671875,3.02093505859375,2.9267048835754395,0.0,0.0,0.0062299151904881,0.006114912685006857,123
base_model.model.model.layers.33.mlp.down_proj.lora_B.weight,"(2560, 16)",-0.011871107123680941,0.5037841796875,0.7541823387145996,0.7372828722000122,0.0,0.0,0.002935484517365694,0.0029026453848928213,123
base_model.model.model.layers.33.mlp.gate_proj.lora_A.weight,"(16, 2560)",0.8095194203492255,0.15947265923023224,2.5992116928100586,2.848170042037964,0.0,0.0,0.010823595337569714,0.011773328296840191,123
base_model.model.model.layers.33.mlp.gate_proj.lora_B.weight,"(9728, 16)",-0.001986723614386771,0.5008994936943054,1.9962053298950195,1.6431028842926025,0.0,0.0,0.0038133717607706785,0.003318105824291706,123
base_model.model.model.layers.33.mlp.up_proj.lora_A.weight,"(16, 2560)",0.848393153934965,0.13808593153953552,2.5475666522979736,2.7145214080810547,0.0,0.0,0.010651025921106339,0.011304681189358234,123
base_model.model.model.layers.33.mlp.up_proj.lora_B.weight,"(9728, 16)",-0.002608296766003299,0.5007645487785339,1.8206502199172974,1.5323737859725952,0.0,0.0,0.003458496881648898,0.003084175754338503,123
base_model.model.model.layers.33.self_attn.k_proj.lora_A.weight,"(16, 2560)",0.8610129458895184,0.13107910752296448,2.532766819000244,2.485015630722046,0.0,0.0,0.010553601197898388,0.010425384156405926,123
base_model.model.model.layers.33.self_attn.k_proj.lora_B.weight,"(1024, 16)",-0.018861705550702157,0.51190185546875,0.41458722949028015,0.44248268008232117,0.0,0.0,0.0023762609343975782,0.0027504812460392714,123
base_model.model.model.layers.33.self_attn.o_proj.lora_A.weight,"(16, 4096)",0.8276008109915917,0.1425933837890625,2.558485507965088,2.686582326889038,0.0,0.0,0.00842244178056717,0.008818574249744415,123
base_model.model.model.layers.33.self_attn.o_proj.lora_B.weight,"(2560, 16)",-0.0019773790852849545,0.49799805879592896,0.9182165861129761,0.7560186386108398,0.0,0.0,0.0034812316298484802,0.002977923955768347,123
base_model.model.model.layers.33.self_attn.q_proj.lora_A.weight,"(16, 2560)",0.8605291351213917,0.13227538764476776,2.516228437423706,2.525205612182617,0.0,0.0,0.010515524074435234,0.010567870922386646,123
base_model.model.model.layers.33.self_attn.q_proj.lora_B.weight,"(4096, 16)",-0.0008427255753621271,0.5006256103515625,0.7743209004402161,0.9335992336273193,0.0,0.0,0.002242355141788721,0.0028942686039954424,123
base_model.model.model.layers.33.self_attn.v_proj.lora_A.weight,"(16, 2560)",0.8181142654087946,0.14934082329273224,2.6968085765838623,2.4839508533477783,0.0,0.0,0.01109320204705,0.010446043685078621,123
base_model.model.model.layers.33.self_attn.v_proj.lora_B.weight,"(1024, 16)",0.0039377292302605815,0.4864501953125,0.41118356585502625,0.3736625015735626,0.0,0.0,0.002430686727166176,0.002330069663003087,123
base_model.model.model.layers.34.mlp.down_proj.lora_A.weight,"(16, 9728)",0.6469587569708136,0.21772204339504242,3.0443625450134277,2.792320728302002,0.0,0.0,0.006248292978852987,0.005856905598193407,123
base_model.model.model.layers.34.mlp.down_proj.lora_B.weight,"(2560, 16)",-0.008122615746339169,0.5008300542831421,0.6276618242263794,0.6235266327857971,0.0,0.0,0.0024471108336001635,0.0024519290309399366,123
base_model.model.model.layers.34.mlp.gate_proj.lora_A.weight,"(16, 2560)",0.7948656282600693,0.1627197265625,2.6462419033050537,2.7639997005462646,0.0,0.0,0.010938936844468117,0.011428387835621834,123
base_model.model.model.layers.34.mlp.gate_proj.lora_B.weight,"(9728, 16)",0.003950580079323776,0.4966655671596527,1.890129566192627,1.618623971939087,0.0,0.0,0.003598349168896675,0.003259088145568967,123
base_model.model.model.layers.34.mlp.up_proj.lora_A.weight,"(16, 2560)",0.8387182014732794,0.13957519829273224,2.6050872802734375,2.6259939670562744,0.0,0.0,0.010831961408257484,0.010941748507320881,123
base_model.model.model.layers.34.mlp.up_proj.lora_B.weight,"(9728, 16)",-0.00010861865554344377,0.4987664520740509,1.6080191135406494,1.4696810245513916,0.0,0.0,0.003027740865945816,0.0029449702706187963,123
base_model.model.model.layers.34.self_attn.k_proj.lora_A.weight,"(16, 2560)",0.8691060607093952,0.12419433891773224,2.517296075820923,2.4997024536132812,0.0,0.0,0.010517889633774757,0.010490158572793007,123
base_model.model.model.layers.34.self_attn.k_proj.lora_B.weight,"(1024, 16)",0.015158481988568824,0.4942626953125,0.4672425389289856,0.43970316648483276,0.0,0.0,0.0027909798081964254,0.0026971008628606796,123
base_model.model.model.layers.34.self_attn.o_proj.lora_A.weight,"(16, 4096)",0.8278156246698405,0.1414031982421875,2.6037559509277344,2.5896835327148438,0.0,0.0,0.008540019392967224,0.008537440560758114,123
base_model.model.model.layers.34.self_attn.o_proj.lora_B.weight,"(2560, 16)",0.009684166938867133,0.4959960877895355,0.6743366718292236,0.6800262928009033,0.0,0.0,0.0026167454198002815,0.0026715039275586605,123
base_model.model.model.layers.34.self_attn.q_proj.lora_A.weight,"(16, 2560)",0.8980211043263924,0.10664062201976776,2.455624580383301,2.4666683673858643,0.0,0.0,0.01034199632704258,0.010402371175587177,123
base_model.model.model.layers.34.self_attn.q_proj.lora_B.weight,"(4096, 16)",0.0139648636976051,0.4838714599609375,0.9495794177055359,0.8807127475738525,0.0,0.0,0.0027487343177199364,0.0026890067383646965,123
base_model.model.model.layers.34.self_attn.v_proj.lora_A.weight,"(16, 2560)",0.8594860636281408,0.12641601264476776,2.5281693935394287,2.5085253715515137,0.0,0.0,0.01053143572062254,0.010519126430153847,123
base_model.model.model.layers.34.self_attn.v_proj.lora_B.weight,"(1024, 16)",0.008042559350237224,0.49041748046875,0.4048522114753723,0.39015114307403564,0.0,0.0,0.0024690974969416857,0.002408660715445876,123
base_model.model.model.layers.35.mlp.down_proj.lora_A.weight,"(16, 9728)",0.5282706167403787,0.2003173828125,3.2726311683654785,3.048755645751953,0.0,0.0,0.005889830645173788,0.005893953610211611,123
base_model.model.model.layers.35.mlp.down_proj.lora_B.weight,"(2560, 16)",-0.0030368185567090293,0.4919677674770355,0.40490347146987915,0.5526221990585327,0.0,0.0,0.001665319548919797,0.0021711201407015324,123
base_model.model.model.layers.35.mlp.gate_proj.lora_A.weight,"(16, 2560)",0.8206601829300378,0.1461181640625,2.632744312286377,2.6571743488311768,0.0,0.0,0.010901719331741333,0.011051973327994347,123
base_model.model.model.layers.35.mlp.gate_proj.lora_B.weight,"(9728, 16)",0.00792478382083529,0.49566328525543213,1.5918247699737549,1.6931633949279785,0.0,0.0,0.002916207304224372,0.003369635669514537,123
base_model.model.model.layers.35.mlp.up_proj.lora_A.weight,"(16, 2560)",0.8713599411150031,0.12299804389476776,2.521843671798706,2.5318498611450195,0.0,0.0,0.010545602068305016,0.010651087388396263,123
base_model.model.model.layers.35.mlp.up_proj.lora_B.weight,"(9728, 16)",0.002507768390592225,0.4925922453403473,1.6859012842178345,1.685605764389038,0.0,0.0,0.002458738163113594,0.0030178059823811054,123
base_model.model.model.layers.35.self_attn.k_proj.lora_A.weight,"(16, 2560)",0.8463797476798534,0.13823242485523224,2.57511568069458,2.5093495845794678,0.0,0.0,0.010713780298829079,0.010511169210076332,123
base_model.model.model.layers.35.self_attn.k_proj.lora_B.weight,"(1024, 16)",0.012455301283801167,0.49371337890625,0.5471363663673401,0.4504518210887909,0.0,0.0,0.003318722127005458,0.002788758371025324,123
base_model.model.model.layers.35.self_attn.o_proj.lora_A.weight,"(16, 4096)",0.8131828857453609,0.15234375,2.675497531890869,2.5626721382141113,0.0,0.0,0.008711585775017738,0.008476700633764267,123
base_model.model.model.layers.35.self_attn.o_proj.lora_B.weight,"(2560, 16)",0.013375716878848795,0.4955078065395355,0.7111770510673523,0.6899375915527344,0.0,0.0,0.002735522808507085,0.002720277290791273,123
base_model.model.model.layers.35.self_attn.q_proj.lora_A.weight,"(16, 2560)",0.8708564012101936,0.12348632514476776,2.525522470474243,2.4890499114990234,0.0,0.0,0.010560847818851471,0.010459870100021362,123
base_model.model.model.layers.35.self_attn.q_proj.lora_B.weight,"(4096, 16)",0.009905946203165513,0.4915313720703125,0.9316396117210388,0.8640006184577942,0.0,0.0,0.002763564232736826,0.002655229065567255,123
base_model.model.model.layers.35.self_attn.v_proj.lora_A.weight,"(16, 2560)",0.808202918572528,0.1539306640625,2.7256202697753906,2.483558177947998,0.0,0.0,0.011147895827889442,0.0104230847209692,123
base_model.model.model.layers.35.self_attn.v_proj.lora_B.weight,"(1024, 16)",0.018256919627357277,0.489501953125,0.4561288058757782,0.397071897983551,0.0,0.0,0.002746987622231245,0.002458729315549135,123
base_model.model.model.layers.4.mlp.down_proj.lora_A.weight,"(16, 9728)",0.7471333005250699,0.18996067345142365,2.5275888442993164,2.9226179122924805,0.0,0.0,0.005402000155299902,0.006097832228988409,123
base_model.model.model.layers.4.mlp.down_proj.lora_B.weight,"(2560, 16)",-0.002277654875252923,0.5015624761581421,0.42670997977256775,0.660629391670227,0.0,0.0,0.0016802869504317641,0.002597894985228777,123
base_model.model.model.layers.4.mlp.gate_proj.lora_A.weight,"(16, 2560)",0.8637581756256232,0.1292724609375,2.3937225341796875,2.7716667652130127,0.0,0.0,0.0101858489215374,0.01144929975271225,123
base_model.model.model.layers.4.mlp.gate_proj.lora_B.weight,"(9728, 16)",0.0031802364148958142,0.5011500120162964,0.8861533999443054,1.764492154121399,0.0,0.0,0.0017414102330803871,0.003254250856116414,123
base_model.model.model.layers.4.mlp.up_proj.lora_A.weight,"(16, 2560)",0.9178067251494827,0.09709472954273224,2.366668224334717,2.5475058555603027,0.0,0.0,0.01005860511213541,0.010689287446439266,123
base_model.model.model.layers.4.mlp.up_proj.lora_B.weight,"(9728, 16)",-0.0037834779237645635,0.5031224489212036,0.7362027168273926,1.181567668914795,0.0,0.0,0.0014659083681181073,0.002336560981348157,123
base_model.model.model.layers.4.self_attn.k_proj.lora_A.weight,"(16, 2560)",0.9056603445626363,0.10200195014476776,2.3933982849121094,2.521639347076416,0.0,0.0,0.010138140991330147,0.010578988119959831,123
base_model.model.model.layers.4.self_attn.k_proj.lora_B.weight,"(1024, 16)",-0.0016950533015632201,0.50262451171875,0.2690638303756714,0.42494451999664307,0.0,0.0,0.0016423850320279598,0.0026408026460558176,123
base_model.model.model.layers.4.self_attn.o_proj.lora_A.weight,"(16, 4096)",0.8880175461216491,0.114959716796875,2.4073100090026855,2.570197820663452,0.0,0.0,0.008037998341023922,0.008487953804433346,123
base_model.model.model.layers.4.self_attn.o_proj.lora_B.weight,"(2560, 16)",0.0041408066937115,0.49980467557907104,0.4079967737197876,0.6025355458259583,0.0,0.0,0.001598281436599791,0.002371251117438078,123
base_model.model.model.layers.4.self_attn.q_proj.lora_A.weight,"(16, 2560)",0.8999870961990094,0.10854492336511612,2.3843610286712646,2.5571980476379395,0.0,0.0,0.010123629122972488,0.010697846300899982,123
base_model.model.model.layers.4.self_attn.q_proj.lora_B.weight,"(4096, 16)",0.00839348612055803,0.4990386962890625,0.5659140944480896,0.8906883597373962,0.0,0.0,0.0016770596848800778,0.0027507152408361435,123
base_model.model.model.layers.4.self_attn.v_proj.lora_A.weight,"(16, 2560)",0.9218793551993053,0.0946044921875,2.37170147895813,2.4827497005462646,0.0,0.0,0.010074068792164326,0.010430511087179184,123
base_model.model.model.layers.4.self_attn.v_proj.lora_B.weight,"(1024, 16)",0.019373165006475356,0.4920654296875,0.23947227001190186,0.3484167158603668,0.0,0.0,0.00148082769010216,0.0021470882929861546,123
base_model.model.model.layers.5.mlp.down_proj.lora_A.weight,"(16, 9728)",0.7451002535438142,0.19171464443206787,2.546444892883301,2.9432151317596436,0.0,0.0,0.005440787877887487,0.0061439815908670425,123
base_model.model.model.layers.5.mlp.down_proj.lora_B.weight,"(2560, 16)",-0.008539741757926224,0.5022948980331421,0.43667545914649963,0.6833455562591553,0.0,0.0,0.0017146884929388762,0.0026906405109912157,123
base_model.model.model.layers.5.mlp.gate_proj.lora_A.weight,"(16, 2560)",0.8911891716825717,0.1121826171875,2.3971920013427734,2.721416711807251,0.0,0.0,0.010175006464123726,0.01133917085826397,123
base_model.model.model.layers.5.mlp.gate_proj.lora_B.weight,"(9728, 16)",0.003808358783986963,0.49852871894836426,0.9789106249809265,1.4923242330551147,0.0,0.0,0.0019215806387364864,0.002977605676278472,123
base_model.model.model.layers.5.mlp.up_proj.lora_A.weight,"(16, 2560)",0.9287041980837231,0.08969726413488388,2.3762362003326416,2.5628106594085693,0.0,0.0,0.010098841972649097,0.010792027227580547,123
base_model.model.model.layers.5.mlp.up_proj.lora_B.weight,"(9728, 16)",-2.1354226769949606e-05,0.49667197465896606,0.8200137615203857,1.1627631187438965,0.0,0.0,0.0016480429330840707,0.002319887513294816,123
base_model.model.model.layers.5.self_attn.k_proj.lora_A.weight,"(16, 2560)",0.9179678591513193,0.09645996242761612,2.392338514328003,2.4742491245269775,0.0,0.0,0.010133635252714157,0.010413371957838535,123
base_model.model.model.layers.5.self_attn.k_proj.lora_B.weight,"(1024, 16)",-0.0008374360678643657,0.48931884765625,0.24189797043800354,0.3767530024051666,0.0,0.0,0.0014712968841195107,0.002302964450791478,123
base_model.model.model.layers.5.self_attn.o_proj.lora_A.weight,"(16, 4096)",0.8895472385370019,0.1107177734375,2.419750928878784,2.5323550701141357,0.0,0.0,0.008055297657847404,0.008375468663871288,123
base_model.model.model.layers.5.self_attn.o_proj.lora_B.weight,"(2560, 16)",0.0024486723841503667,0.5013672113418579,0.4130696654319763,0.5822134017944336,0.0,0.0,0.0016139417421072721,0.002278730971738696,123
base_model.model.model.layers.5.self_attn.q_proj.lora_A.weight,"(16, 2560)",0.9141709341819642,0.09780273586511612,2.379774570465088,2.500379800796509,0.0,0.0,0.010085511021316051,0.010506543330848217,123
base_model.model.model.layers.5.self_attn.q_proj.lora_B.weight,"(4096, 16)",-0.0043617811909821115,0.501129150390625,0.5061621069908142,0.7878915667533875,0.0,0.0,0.0015241982182487845,0.002400659490376711,123
base_model.model.model.layers.5.self_attn.v_proj.lora_A.weight,"(16, 2560)",0.9234401490593175,0.0936279296875,2.398257255554199,2.449741840362549,0.0,0.0,0.010163389146327972,0.010321922600269318,123
base_model.model.model.layers.5.self_attn.v_proj.lora_B.weight,"(1024, 16)",0.03602228342302724,0.48541259765625,0.27254849672317505,0.3372823894023895,0.0,0.0,0.0016841059550642967,0.0020999726839363575,123
base_model.model.model.layers.6.mlp.down_proj.lora_A.weight,"(16, 9728)",0.04387253965418623,0.22802734375,12.056511878967285,10.234564781188965,0.0,0.0,0.011346283368766308,0.01082128006964922,123
base_model.model.model.layers.6.mlp.down_proj.lora_B.weight,"(2560, 16)",0.028873069572856545,0.48320311307907104,0.40809735655784607,0.48305219411849976,0.0,0.0,0.0015838037943467498,0.0018919948488473892,123
base_model.model.model.layers.6.mlp.gate_proj.lora_A.weight,"(16, 2560)",0.8828984748627674,0.11579589545726776,2.377092123031616,2.766869306564331,0.0,0.0,0.010078944265842438,0.011453194543719292,123
base_model.model.model.layers.6.mlp.gate_proj.lora_B.weight,"(9728, 16)",0.004310323108309605,0.4989977478981018,0.8899478912353516,1.4811995029449463,0.0,0.0,0.0017473050393164158,0.0029729504603892565,123
base_model.model.model.layers.6.mlp.up_proj.lora_A.weight,"(16, 2560)",0.9244616995318284,0.0904541015625,2.377352714538574,2.6096878051757812,0.0,0.0,0.010109150782227516,0.0109836645424366,123
base_model.model.model.layers.6.mlp.up_proj.lora_B.weight,"(9728, 16)",0.002257148415534549,0.49825888872146606,0.7640414834022522,1.1723027229309082,0.0,0.0,0.001525532454252243,0.0023447375278919935,123
base_model.model.model.layers.6.self_attn.k_proj.lora_A.weight,"(16, 2560)",0.9071720433401689,0.10517577826976776,2.4019222259521484,2.481886863708496,0.0,0.0,0.010142686776816845,0.010428912937641144,123
base_model.model.model.layers.6.self_attn.k_proj.lora_B.weight,"(1024, 16)",0.013260148076296217,0.498291015625,0.28673169016838074,0.39801785349845886,0.0,0.0,0.0017540514236316085,0.002454772824421525,123
base_model.model.model.layers.6.self_attn.o_proj.lora_A.weight,"(16, 4096)",0.8942729157775764,0.1107635498046875,2.412747621536255,2.5711092948913574,0.0,0.0,0.008063515648245811,0.00850454531610012,123
base_model.model.model.layers.6.self_attn.o_proj.lora_B.weight,"(2560, 16)",-0.0035043542766294597,0.5022948980331421,0.4005199670791626,0.5860288143157959,0.0,0.0,0.0015696610789746046,0.0022863843478262424,123
base_model.model.model.layers.6.self_attn.q_proj.lora_A.weight,"(16, 2560)",0.9087353431428208,0.1041259765625,2.3977482318878174,2.4765892028808594,0.0,0.0,0.010137862525880337,0.010402729734778404,123
base_model.model.model.layers.6.self_attn.q_proj.lora_B.weight,"(4096, 16)",-0.005016033692330176,0.5041046142578125,0.5651029348373413,0.8220323920249939,0.0,0.0,0.0017165597528219223,0.002528600860387087,123
base_model.model.model.layers.6.self_attn.v_proj.lora_A.weight,"(16, 2560)",0.9215273590321227,0.09423828125,2.401388645172119,2.4697675704956055,0.0,0.0,0.010179981589317322,0.01040596142411232,123
base_model.model.model.layers.6.self_attn.v_proj.lora_B.weight,"(1024, 16)",-0.0035832399614298084,0.49310302734375,0.253240168094635,0.3355366289615631,0.0,0.0,0.0015613397117704153,0.0020639761351048946,123
base_model.model.model.layers.7.mlp.down_proj.lora_A.weight,"(16, 9728)",0.7553725509763158,0.18500077724456787,2.548637866973877,2.857266426086426,0.0,0.0,0.005443081725388765,0.005986608099192381,123
base_model.model.model.layers.7.mlp.down_proj.lora_B.weight,"(2560, 16)",-0.010530247103922233,0.5064452886581421,0.42814692854881287,0.5952187776565552,0.0,0.0,0.0016738686244934797,0.002332620555534959,123
base_model.model.model.layers.7.mlp.gate_proj.lora_A.weight,"(16, 2560)",0.8915135648729301,0.111083984375,2.3930118083953857,2.742677688598633,0.0,0.0,0.01015870738774538,0.011433722451329231,123
base_model.model.model.layers.7.mlp.gate_proj.lora_B.weight,"(9728, 16)",-0.011827286080172231,0.5004304647445679,0.95276939868927,1.46779203414917,0.0,0.0,0.0018723801476880908,0.0029388759285211563,123
base_model.model.model.layers.7.mlp.up_proj.lora_A.weight,"(16, 2560)",0.9327793860359681,0.08610840141773224,2.369760513305664,2.573479413986206,0.0,0.0,0.010059712454676628,0.01082246657460928,123
base_model.model.model.layers.7.mlp.up_proj.lora_B.weight,"(9728, 16)",-0.0011215427560818884,0.5001220703125,0.7639334797859192,1.1561830043792725,0.0,0.0,0.0015323351835832,0.0023220747243613005,123
base_model.model.model.layers.7.self_attn.k_proj.lora_A.weight,"(16, 2560)",0.9074338280208308,0.10468749701976776,2.41400146484375,2.4757797718048096,0.0,0.0,0.010205579921603203,0.010407796129584312,123
base_model.model.model.layers.7.self_attn.k_proj.lora_B.weight,"(1024, 16)",0.028291073698228676,0.4879150390625,0.25928249955177307,0.3705732524394989,0.0,0.0,0.0015846040332689881,0.0022864267230033875,123
base_model.model.model.layers.7.self_attn.o_proj.lora_A.weight,"(16, 4096)",0.8943181515917629,0.1094207763671875,2.401719093322754,2.5527284145355225,0.0,0.0,0.008029051125049591,0.008437725715339184,123
base_model.model.model.layers.7.self_attn.o_proj.lora_B.weight,"(2560, 16)",-0.002927833487911709,0.501953125,0.4063282310962677,0.5934251546859741,0.0,0.0,0.001590611063875258,0.0023388040717691183,123
base_model.model.model.layers.7.self_attn.q_proj.lora_A.weight,"(16, 2560)",0.9008293585310844,0.1094970703125,2.416999578475952,2.473461627960205,0.0,0.0,0.01019655354321003,0.010383713990449905,123
base_model.model.model.layers.7.self_attn.q_proj.lora_B.weight,"(4096, 16)",0.030187068750300344,0.4884033203125,0.6429153084754944,0.7909910678863525,0.0,0.0,0.0018725665286183357,0.002423312747851014,123
base_model.model.model.layers.7.self_attn.v_proj.lora_A.weight,"(16, 2560)",0.9130360881143229,0.09865722805261612,2.4088387489318848,2.4817893505096436,0.0,0.0,0.010198010131716728,0.010445957072079182,123
base_model.model.model.layers.7.self_attn.v_proj.lora_B.weight,"(1024, 16)",-0.009609357833500351,0.50531005859375,0.27227556705474854,0.32877111434936523,0.0,0.0,0.0016869488172233105,0.0020390013232827187,123
base_model.model.model.layers.8.mlp.down_proj.lora_A.weight,"(16, 9728)",0.7601136716978062,0.18438398838043213,2.518376350402832,2.893056631088257,0.0,0.0,0.005399054381996393,0.006049721967428923,123
base_model.model.model.layers.8.mlp.down_proj.lora_B.weight,"(2560, 16)",0.008867418860931368,0.4965576231479645,0.37878531217575073,0.6253747940063477,0.0,0.0,0.0014839163050055504,0.0024574052076786757,123
base_model.model.model.layers.8.mlp.gate_proj.lora_A.weight,"(16, 2560)",0.9076863358040369,0.10427246242761612,2.382798433303833,2.716866970062256,0.0,0.0,0.010125553235411644,0.011361445300281048,123
base_model.model.model.layers.8.mlp.gate_proj.lora_B.weight,"(9728, 16)",-0.0020808678538466823,0.5013556480407715,0.9327048659324646,1.408237338066101,0.0,0.0,0.0018240401986986399,0.002797747030854225,123
base_model.model.model.layers.8.mlp.up_proj.lora_A.weight,"(16, 2560)",0.9349012500448737,0.08586426079273224,2.354623556137085,2.5780019760131836,0.0,0.0,0.010020477697253227,0.010838806629180908,123
base_model.model.model.layers.8.mlp.up_proj.lora_B.weight,"(9728, 16)",-0.0032184866313361765,0.49911338090896606,0.7568554878234863,1.2632181644439697,0.0,0.0,0.0015141620533540845,0.002537101972848177,123
base_model.model.model.layers.8.self_attn.k_proj.lora_A.weight,"(16, 2560)",0.912201746761453,0.10026855766773224,2.4080681800842285,2.4690709114074707,0.0,0.0,0.010194336995482445,0.010382642038166523,123
base_model.model.model.layers.8.self_attn.k_proj.lora_B.weight,"(1024, 16)",-0.025605125447227477,0.49871826171875,0.24755291640758514,0.3796878159046173,0.0,0.0,0.0015001302817836404,0.0023296326398849487,123
base_model.model.model.layers.8.self_attn.o_proj.lora_A.weight,"(16, 4096)",0.9013406634136228,0.10760498046875,2.4060347080230713,2.5238194465637207,0.0,0.0,0.008047007955610752,0.008364511653780937,123
base_model.model.model.layers.8.self_attn.o_proj.lora_B.weight,"(2560, 16)",0.004593382802149505,0.4998779296875,0.3620220422744751,0.5505880117416382,0.0,0.0,0.001414787257090211,0.0021656036842614412,123
base_model.model.model.layers.8.self_attn.q_proj.lora_A.weight,"(16, 2560)",0.9127741386945016,0.10014648735523224,2.4056458473205566,2.487037420272827,0.0,0.0,0.0101839080452919,0.010463790968060493,123
base_model.model.model.layers.8.self_attn.q_proj.lora_B.weight,"(4096, 16)",-0.012845451086861344,0.5005340576171875,0.6027385592460632,0.8046505451202393,0.0,0.0,0.0017764023505151272,0.0024893609806895256,123
base_model.model.model.layers.8.self_attn.v_proj.lora_A.weight,"(16, 2560)",0.9138688449648072,0.10151366889476776,2.3740739822387695,2.492926836013794,0.0,0.0,0.010065825656056404,0.01046275720000267,123
base_model.model.model.layers.8.self_attn.v_proj.lora_B.weight,"(1024, 16)",-0.006429839468869661,0.5045166015625,0.2425057739019394,0.3402937352657318,0.0,0.0,0.0014857967616990209,0.0021177229937165976,123
base_model.model.model.layers.9.mlp.down_proj.lora_A.weight,"(16, 9728)",0.7655247772430772,0.1805291473865509,2.50588059425354,2.8902690410614014,0.0,0.0,0.005377354100346565,0.006044846028089523,123
base_model.model.model.layers.9.mlp.down_proj.lora_B.weight,"(2560, 16)",0.009264772102628582,0.4956298768520355,0.3583289384841919,0.639641284942627,0.0,0.0,0.0014119474217295647,0.0025153185706585646,123
base_model.model.model.layers.9.mlp.gate_proj.lora_A.weight,"(16, 2560)",0.8942727301771031,0.11086425930261612,2.380692720413208,2.7208900451660156,0.0,0.0,0.01012402679771185,0.011324778199195862,123
base_model.model.model.layers.9.mlp.gate_proj.lora_B.weight,"(9728, 16)",0.001940584752895747,0.49827173352241516,0.9504348039627075,1.4907881021499634,0.0,0.0,0.001860673539340496,0.002968309912830591,123
base_model.model.model.layers.9.mlp.up_proj.lora_A.weight,"(16, 2560)",0.9349222414250132,0.08935546875,2.361975908279419,2.537625551223755,0.0,0.0,0.010039390996098518,0.01068125106394291,123
base_model.model.model.layers.9.mlp.up_proj.lora_B.weight,"(9728, 16)",-0.0005214478386318128,0.5005075335502625,0.7573936581611633,1.1382339000701904,0.0,0.0,0.0015172103885561228,0.002298096427693963,123
base_model.model.model.layers.9.self_attn.k_proj.lora_A.weight,"(16, 2560)",0.9006699987669811,0.10654296725988388,2.427488088607788,2.464526653289795,0.0,0.0,0.010219189338386059,0.010359220206737518,123
base_model.model.model.layers.9.self_attn.k_proj.lora_B.weight,"(1024, 16)",-0.0013357805152573166,0.50244140625,0.3007737100124359,0.376979261636734,0.0,0.0,0.0018076280830428004,0.00231749564409256,123
base_model.model.model.layers.9.self_attn.o_proj.lora_A.weight,"(16, 4096)",0.9077358984737732,0.10247802734375,2.4013543128967285,2.510263442993164,0.0,0.0,0.008031085133552551,0.008326396346092224,123
base_model.model.model.layers.9.self_attn.o_proj.lora_B.weight,"(2560, 16)",0.007974196642895594,0.4950927793979645,0.32212817668914795,0.5566595196723938,0.0,0.0,0.0012623295187950134,0.0021881270222365856,123
base_model.model.model.layers.9.self_attn.q_proj.lora_A.weight,"(16, 2560)",0.9022592089126963,0.10786132514476776,2.413048028945923,2.495978355407715,0.0,0.0,0.010190291330218315,0.010458307340741158,123
base_model.model.model.layers.9.self_attn.q_proj.lora_B.weight,"(4096, 16)",-0.0025202006644044115,0.5036773681640625,0.6791403293609619,0.831240713596344,0.0,0.0,0.0019855459686368704,0.002560348017141223,123
base_model.model.model.layers.9.self_attn.v_proj.lora_A.weight,"(16, 2560)",0.9140932993148824,0.1009521484375,2.372316598892212,2.4846749305725098,0.0,0.0,0.010044820606708527,0.010420804843306541,123
base_model.model.model.layers.9.self_attn.v_proj.lora_B.weight,"(1024, 16)",0.0032451164633282388,0.49658203125,0.2245151251554489,0.34077903628349304,0.0,0.0,0.0013585106935352087,0.0021245197858661413,123
base_model.model.model.layers.0.mlp.down_proj.lora_A.weight,"(16, 9728)",0.7524762243558285,0.18697959184646606,2.4807751178741455,2.9496312141418457,0.0,0.0,0.0053341747261583805,0.0061540259048342705,777
base_model.model.model.layers.0.mlp.down_proj.lora_B.weight,"(2560, 16)",0.0069416037441010735,0.4992919862270355,0.3492923974990845,0.6260012984275818,0.0,0.0,0.0013774449471384287,0.002444229321554303,777
base_model.model.model.layers.0.mlp.gate_proj.lora_A.weight,"(16, 2560)",0.9144883194400948,0.09592285007238388,2.3547470569610596,2.705400228500366,0.0,0.0,0.010037996806204319,0.01130847167223692,777
base_model.model.model.layers.0.mlp.gate_proj.lora_B.weight,"(9728, 16)",0.002857054106439125,0.4976678192615509,0.6898009777069092,1.291313886642456,0.0,0.0,0.0013867575908079743,0.0025679871905595064,777
base_model.model.model.layers.0.mlp.up_proj.lora_A.weight,"(16, 2560)",0.9379497997579789,0.08229980617761612,2.3443350791931152,2.580765724182129,0.0,0.0,0.009992766194045544,0.01086573675274849,777
base_model.model.model.layers.0.mlp.up_proj.lora_B.weight,"(9728, 16)",-0.0028172798957331545,0.5003148317337036,0.695366382598877,1.196291208267212,0.0,0.0,0.0014010100858286023,0.0023672175593674183,777
base_model.model.model.layers.0.self_attn.k_proj.lora_A.weight,"(16, 2560)",0.9423713238133574,0.07878418266773224,2.3517260551452637,2.428403854370117,0.0,0.0,0.009999408386647701,0.010256243869662285,777
base_model.model.model.layers.0.self_attn.k_proj.lora_B.weight,"(1024, 16)",-0.00794547668203376,0.50909423828125,0.2536334991455078,0.34300699830055237,0.0,0.0,0.0015362042468041182,0.0020919519010931253,777
base_model.model.model.layers.0.self_attn.o_proj.lora_A.weight,"(16, 4096)",0.9244564183860996,0.0912322998046875,2.372232437133789,2.4680769443511963,0.0,0.0,0.007952501997351646,0.008208418264985085,777
base_model.model.model.layers.0.self_attn.o_proj.lora_B.weight,"(2560, 16)",0.010154717407964219,0.49897462129592896,0.35714274644851685,0.5052388906478882,0.0,0.0,0.0014143978478386998,0.0019588100258260965,777
base_model.model.model.layers.0.self_attn.q_proj.lora_A.weight,"(16, 2560)",0.9433961888105791,0.0750732421875,2.335089683532715,2.459019184112549,0.0,0.0,0.009957646951079369,0.010383641347289085,777
base_model.model.model.layers.0.self_attn.q_proj.lora_B.weight,"(4096, 16)",0.021003421803894928,0.49603271484375,0.5225489139556885,0.8186696767807007,0.0,0.0,0.001592776970937848,0.002485815901309252,777
base_model.model.model.layers.0.self_attn.v_proj.lora_A.weight,"(16, 2560)",0.9271711921345567,0.09379883110523224,2.3643574714660645,2.458329200744629,0.0,0.0,0.010020896792411804,0.01033067237585783,777
base_model.model.model.layers.0.self_attn.v_proj.lora_B.weight,"(1024, 16)",0.025477251436416073,0.4891357421875,0.24838362634181976,0.3543013036251068,0.0,0.0,0.0015467099146917462,0.0021522101014852524,777
base_model.model.model.layers.1.mlp.down_proj.lora_A.weight,"(16, 9728)",0.536461962052637,0.1287841796875,2.8809430599212646,3.4570326805114746,0.0,0.0,0.005425947718322277,0.006037051323801279,777
base_model.model.model.layers.1.mlp.down_proj.lora_B.weight,"(2560, 16)",0.008161337411424113,0.4952392578125,0.3139649033546448,0.5477879643440247,0.0,0.0,0.0012506257044151425,0.0020593260414898396,777
base_model.model.model.layers.1.mlp.gate_proj.lora_A.weight,"(16, 2560)",0.8856524140847701,0.11835937201976776,2.4041600227355957,2.605638265609741,0.0,0.0,0.01018418651074171,0.010856054723262787,777
base_model.model.model.layers.1.mlp.gate_proj.lora_B.weight,"(9728, 16)",0.17068335059033066,0.4270404875278473,1.27593994140625,1.5862888097763062,0.0,0.0,0.0016238894313573837,0.0025877379812300205,777
base_model.model.model.layers.1.mlp.up_proj.lora_A.weight,"(16, 2560)",0.9235891506086698,0.09379883110523224,2.3782968521118164,2.4821038246154785,0.0,0.0,0.01009222399443388,0.010442560538649559,777
base_model.model.model.layers.1.mlp.up_proj.lora_B.weight,"(9728, 16)",0.20097880399603144,0.36626875400543213,0.9484692811965942,1.1298691034317017,0.0,0.0,0.001460807747207582,0.0020585586316883564,777
base_model.model.model.layers.1.self_attn.k_proj.lora_A.weight,"(16, 2560)",0.9349995937665161,0.08413086086511612,2.388262987136841,2.42303204536438,0.0,0.0,0.010128517635166645,0.010244342498481274,777
base_model.model.model.layers.1.self_attn.k_proj.lora_B.weight,"(1024, 16)",-0.011961697338835802,0.50408935546875,0.25703880190849304,0.32588356733322144,0.0,0.0,0.0015652019064873457,0.0019311849027872086,777
base_model.model.model.layers.1.self_attn.o_proj.lora_A.weight,"(16, 4096)",0.9120150422053294,0.099761962890625,2.3691213130950928,2.494119167327881,0.0,0.0,0.007937397807836533,0.008244586177170277,777
base_model.model.model.layers.1.self_attn.o_proj.lora_B.weight,"(2560, 16)",0.010768204533784192,0.49406737089157104,0.3587263226509094,0.53916335105896,0.0,0.0,0.0014157966943457723,0.00209844415076077,777
base_model.model.model.layers.1.self_attn.q_proj.lora_A.weight,"(16, 2560)",0.9409090504408476,0.080078125,2.3781516551971436,2.4323008060455322,0.0,0.0,0.010108781978487968,0.010280146263539791,777
base_model.model.model.layers.1.self_attn.q_proj.lora_B.weight,"(4096, 16)",0.0030144566966467667,0.49725341796875,0.49707290530204773,0.6541968584060669,0.0,0.0,0.0015132876578718424,0.0019346504705026746,777
base_model.model.model.layers.1.self_attn.v_proj.lora_A.weight,"(16, 2560)",0.9425209547268266,0.07998047024011612,2.383570432662964,2.3940396308898926,0.0,0.0,0.010112681426107883,0.01015195157378912,777
base_model.model.model.layers.1.self_attn.v_proj.lora_B.weight,"(1024, 16)",0.016329116524891222,0.4893798828125,0.25370487570762634,0.27013587951660156,0.0,0.0,0.001586065161973238,0.0016432376578450203,777
base_model.model.model.layers.10.mlp.down_proj.lora_A.weight,"(16, 9728)",0.7747247811503722,0.17820338904857635,2.46651029586792,2.8988804817199707,0.0,0.0,0.005316448863595724,0.006056373473256826,777
base_model.model.model.layers.10.mlp.down_proj.lora_B.weight,"(2560, 16)",0.019010779071024324,0.4955810606479645,0.34927475452423096,0.6417716145515442,0.0,0.0,0.0013775877887383103,0.002528033684939146,777
base_model.model.model.layers.10.mlp.gate_proj.lora_A.weight,"(16, 2560)",0.8772506859673883,0.12199707329273224,2.377305507659912,2.8190560340881348,0.0,0.0,0.010102780535817146,0.011671079322695732,777
base_model.model.model.layers.10.mlp.gate_proj.lora_B.weight,"(9728, 16)",0.0009678357706463566,0.5014969706535339,0.9571828842163086,1.5602549314498901,0.0,0.0,0.00186660117469728,0.0031078795436769724,777
base_model.model.model.layers.10.mlp.up_proj.lora_A.weight,"(16, 2560)",0.9251445590670513,0.09494628757238388,2.359110116958618,2.590733051300049,0.0,0.0,0.010027440264821053,0.010874333791434765,777
base_model.model.model.layers.10.mlp.up_proj.lora_B.weight,"(9728, 16)",0.00998115364535881,0.4975329041481018,0.7552069425582886,1.2392038106918335,0.0,0.0,0.0015117370057851076,0.0025025801733136177,777
base_model.model.model.layers.10.self_attn.k_proj.lora_A.weight,"(16, 2560)",0.9067686773660654,0.10588379204273224,2.3956754207611084,2.4875669479370117,0.0,0.0,0.010164536535739899,0.010433316230773926,777
base_model.model.model.layers.10.self_attn.k_proj.lora_B.weight,"(1024, 16)",-0.0009911550257232556,0.49444580078125,0.2569844126701355,0.3940352201461792,0.0,0.0,0.001573048299178481,0.0024565961211919785,777
base_model.model.model.layers.10.self_attn.o_proj.lora_A.weight,"(16, 4096)",0.8999702493024584,0.10906982421875,2.380744218826294,2.579124689102173,0.0,0.0,0.007993660867214203,0.008507385849952698,777
base_model.model.model.layers.10.self_attn.o_proj.lora_B.weight,"(2560, 16)",0.002920883918133473,0.497802734375,0.3466413617134094,0.6078625321388245,0.0,0.0,0.0013568358263000846,0.0023988434113562107,777
base_model.model.model.layers.10.self_attn.q_proj.lora_A.weight,"(16, 2560)",0.9152423379088933,0.0992431640625,2.380920886993408,2.486656904220581,0.0,0.0,0.01009039394557476,0.010446826927363873,777
base_model.model.model.layers.10.self_attn.q_proj.lora_B.weight,"(4096, 16)",0.024355457294735924,0.4920806884765625,0.5103274583816528,0.8295130729675293,0.0,0.0,0.0015555447898805141,0.0025483211502432823,777
base_model.model.model.layers.10.self_attn.v_proj.lora_A.weight,"(16, 2560)",0.9206852718655055,0.09538574516773224,2.3859283924102783,2.493852376937866,0.0,0.0,0.01012313924729824,0.010468321852385998,777
base_model.model.model.layers.10.self_attn.v_proj.lora_B.weight,"(1024, 16)",0.02796158659549047,0.490234375,0.24943137168884277,0.34042781591415405,0.0,0.0,0.0015523236943408847,0.0021180298645049334,777
base_model.model.model.layers.11.mlp.down_proj.lora_A.weight,"(16, 9728)",0.7672133928660704,0.18037495017051697,2.4805896282196045,2.902984857559204,0.0,0.0,0.005341887008398771,0.006068997550755739,777
base_model.model.model.layers.11.mlp.down_proj.lora_B.weight,"(2560, 16)",0.003352101275337401,0.4972167909145355,0.36118608713150024,0.614955723285675,0.0,0.0,0.0014192532980814576,0.002426874591037631,777
base_model.model.model.layers.11.mlp.gate_proj.lora_A.weight,"(16, 2560)",0.8862989972509169,0.11857910454273224,2.380791425704956,2.798661708831787,0.0,0.0,0.010140055790543556,0.011601338163018227,777
base_model.model.model.layers.11.mlp.gate_proj.lora_B.weight,"(9728, 16)",-0.003302213371188288,0.5019402503967285,0.8954451084136963,1.517490029335022,0.0,0.0,0.0017636055126786232,0.0030512704979628325,777
base_model.model.model.layers.11.mlp.up_proj.lora_A.weight,"(16, 2560)",0.924479456698429,0.09489746391773224,2.3765766620635986,2.637439727783203,0.0,0.0,0.010113115422427654,0.0110543854534626,777
base_model.model.model.layers.11.mlp.up_proj.lora_B.weight,"(9728, 16)",0.006711524762684495,0.49853515625,0.784885823726654,1.320648431777954,0.0,0.0,0.0015658546471968293,0.0026603271253407,777
base_model.model.model.layers.11.self_attn.k_proj.lora_A.weight,"(16, 2560)",0.9070787875515475,0.10356445610523224,2.3946332931518555,2.4930269718170166,0.0,0.0,0.01014894712716341,0.010464881546795368,777
base_model.model.model.layers.11.self_attn.k_proj.lora_B.weight,"(1024, 16)",0.03620000768691473,0.4810791015625,0.30305013060569763,0.4087468683719635,0.0,0.0,0.0018300421070307493,0.0025264224968850613,777
base_model.model.model.layers.11.self_attn.o_proj.lora_A.weight,"(16, 4096)",0.8866424331668583,0.117095947265625,2.3908846378326416,2.6015307903289795,0.0,0.0,0.00801280327141285,0.008567506447434425,777
base_model.model.model.layers.11.self_attn.o_proj.lora_B.weight,"(2560, 16)",0.020125035892328644,0.4914794862270355,0.37685734033584595,0.6320685744285583,0.0,0.0,0.0014626109041273594,0.0024949079379439354,777
base_model.model.model.layers.11.self_attn.q_proj.lora_A.weight,"(16, 2560)",0.9208084399303438,0.09890136867761612,2.387788772583008,2.4734578132629395,0.0,0.0,0.010100585408508778,0.010403568856418133,777
base_model.model.model.layers.11.self_attn.q_proj.lora_B.weight,"(4096, 16)",0.013932111956407787,0.49298095703125,0.5906583666801453,0.7926820516586304,0.0,0.0,0.0018017898546531796,0.002442707773298025,777
base_model.model.model.layers.11.self_attn.v_proj.lora_A.weight,"(16, 2560)",0.90728359584233,0.10366211086511612,2.378631114959717,2.5184671878814697,0.0,0.0,0.010083124041557312,0.010537710040807724,777
base_model.model.model.layers.11.self_attn.v_proj.lora_B.weight,"(1024, 16)",0.025698696211145268,0.4827880859375,0.2766520380973816,0.37115350365638733,0.0,0.0,0.001713870675303042,0.002298797480762005,777
base_model.model.model.layers.12.mlp.down_proj.lora_A.weight,"(16, 9728)",0.758520929326597,0.18669690191745758,2.4842751026153564,2.9385292530059814,0.0,0.0,0.005339852534234524,0.006137484218925238,777
base_model.model.model.layers.12.mlp.down_proj.lora_B.weight,"(2560, 16)",0.004559733823117569,0.497314453125,0.37535831332206726,0.6512151956558228,0.0,0.0,0.0014734321739524603,0.002567270305007696,777
base_model.model.model.layers.12.mlp.gate_proj.lora_A.weight,"(16, 2560)",0.8910871538081242,0.11577148735523224,2.3691346645355225,2.786684989929199,0.0,0.0,0.010073070414364338,0.011562664061784744,777
base_model.model.model.layers.12.mlp.gate_proj.lora_B.weight,"(9728, 16)",-0.0015364664818188116,0.5017218589782715,0.913920521736145,1.4836161136627197,0.0,0.0,0.0017852147575467825,0.0029676228296011686,777
base_model.model.model.layers.12.mlp.up_proj.lora_A.weight,"(16, 2560)",0.9192528670791641,0.09804687649011612,2.3721225261688232,2.6458396911621094,0.0,0.0,0.010104934684932232,0.011077525094151497,777
base_model.model.model.layers.12.mlp.up_proj.lora_B.weight,"(9728, 16)",0.01082391849737574,0.4965948760509491,0.7821362018585205,1.3232767581939697,0.0,0.0,0.001561771030537784,0.0026610102504491806,777
base_model.model.model.layers.12.self_attn.k_proj.lora_A.weight,"(16, 2560)",0.9156364469602288,0.09682617336511612,2.3869831562042236,2.4794092178344727,0.0,0.0,0.010123379528522491,0.010422815568745136,777
base_model.model.model.layers.12.self_attn.k_proj.lora_B.weight,"(1024, 16)",0.010955311438565839,0.50067138671875,0.25166383385658264,0.38985738158226013,0.0,0.0,0.00151566113345325,0.0024223029613494873,777
base_model.model.model.layers.12.self_attn.o_proj.lora_A.weight,"(16, 4096)",0.9013564409835189,0.1075439453125,2.388465642929077,2.5674455165863037,0.0,0.0,0.008006753399968147,0.008480357937514782,777
base_model.model.model.layers.12.self_attn.o_proj.lora_B.weight,"(2560, 16)",0.0033485388478783967,0.49982911348342896,0.340028315782547,0.5947935581207275,0.0,0.0,0.0013416201109066606,0.0023470488376915455,777
base_model.model.model.layers.12.self_attn.q_proj.lora_A.weight,"(16, 2560)",0.9223143169300575,0.09160156548023224,2.378349781036377,2.4778928756713867,0.0,0.0,0.010110944509506226,0.010440765880048275,777
base_model.model.model.layers.12.self_attn.q_proj.lora_B.weight,"(4096, 16)",-0.0011206760689951177,0.49945068359375,0.4941256046295166,0.8206504583358765,0.0,0.0,0.0014838827773928642,0.0025077355094254017,777
base_model.model.model.layers.12.self_attn.v_proj.lora_A.weight,"(16, 2560)",0.9285480728861841,0.09177245944738388,2.3541057109832764,2.45621657371521,0.0,0.0,0.009998354129493237,0.010329480282962322,777
base_model.model.model.layers.12.self_attn.v_proj.lora_B.weight,"(1024, 16)",0.022414171017274845,0.49444580078125,0.22106033563613892,0.3469330966472626,0.0,0.0,0.0013701791176572442,0.002166325692087412,777
base_model.model.model.layers.13.mlp.down_proj.lora_A.weight,"(16, 9728)",0.7711861629475518,0.17896150052547455,2.4778332710266113,2.912555694580078,0.0,0.0,0.005338786169886589,0.0060902065597474575,777
base_model.model.model.layers.13.mlp.down_proj.lora_B.weight,"(2560, 16)",0.012396367446581383,0.4961914122104645,0.3554990291595459,0.6227562427520752,0.0,0.0,0.0013922483194619417,0.0024574347771704197,777
base_model.model.model.layers.13.mlp.gate_proj.lora_A.weight,"(16, 2560)",0.8899333037729307,0.11628417670726776,2.376223087310791,2.7936856746673584,0.0,0.0,0.010104475542902946,0.011610058136284351,777
base_model.model.model.layers.13.mlp.gate_proj.lora_B.weight,"(9728, 16)",-0.0023602363531761562,0.5012657046318054,0.8840572834014893,1.4934319257736206,0.0,0.0,0.0017202498856931925,0.0029875889886170626,777
base_model.model.model.layers.13.mlp.up_proj.lora_A.weight,"(16, 2560)",0.9240733716319225,0.092529296875,2.3706631660461426,2.6327836513519287,0.0,0.0,0.010106189176440239,0.011054101400077343,777
base_model.model.model.layers.13.mlp.up_proj.lora_B.weight,"(9728, 16)",-0.003132313519422063,0.5021780133247375,0.80080646276474,1.3240947723388672,0.0,0.0,0.0015917926793918014,0.0026554318610578775,777
base_model.model.model.layers.13.self_attn.k_proj.lora_A.weight,"(16, 2560)",0.9048139330444109,0.10642089694738388,2.3945446014404297,2.5015013217926025,0.0,0.0,0.01014083344489336,0.010483507998287678,777
base_model.model.model.layers.13.self_attn.k_proj.lora_B.weight,"(1024, 16)",0.004909952960821315,0.4942626953125,0.2751602232456207,0.41123130917549133,0.0,0.0,0.0016623164992779493,0.00254662218503654,777
base_model.model.model.layers.13.self_attn.o_proj.lora_A.weight,"(16, 4096)",0.8855493966796466,0.1150054931640625,2.4112658500671387,2.5884299278259277,0.0,0.0,0.008060529828071594,0.008529651910066605,777
base_model.model.model.layers.13.self_attn.o_proj.lora_B.weight,"(2560, 16)",0.007726240980340904,0.4991455078125,0.41719403862953186,0.6307440400123596,0.0,0.0,0.0016275544185191393,0.002478687558323145,777
base_model.model.model.layers.13.self_attn.q_proj.lora_A.weight,"(16, 2560)",0.9170685083734149,0.09636230766773224,2.3679723739624023,2.485452890396118,0.0,0.0,0.010049408301711082,0.010448678396642208,777
base_model.model.model.layers.13.self_attn.q_proj.lora_B.weight,"(4096, 16)",-0.018242577425539315,0.50567626953125,0.543072521686554,0.8671589493751526,0.0,0.0,0.0016155533958226442,0.0026881094090640545,777
base_model.model.model.layers.13.self_attn.v_proj.lora_A.weight,"(16, 2560)",0.9168727972182987,0.0972900390625,2.374088764190674,2.5125339031219482,0.0,0.0,0.01009801309555769,0.01054553035646677,777
base_model.model.model.layers.13.self_attn.v_proj.lora_B.weight,"(1024, 16)",0.0210627646011862,0.49407958984375,0.24384041130542755,0.3724469840526581,0.0,0.0,0.0014952451456338167,0.0023147943429648876,777
base_model.model.model.layers.14.mlp.down_proj.lora_A.weight,"(16, 9728)",0.772700506103862,0.17841540277004242,2.4887213706970215,2.8681368827819824,0.0,0.0,0.005342878866940737,0.006007985677570105,777
base_model.model.model.layers.14.mlp.down_proj.lora_B.weight,"(2560, 16)",0.019119360341293808,0.4921630918979645,0.34951552748680115,0.6255096793174744,0.0,0.0,0.0013693564105778933,0.0024757913779467344,777
base_model.model.model.layers.14.mlp.gate_proj.lora_A.weight,"(16, 2560)",0.8892069833564247,0.11606445163488388,2.396172285079956,2.732893705368042,0.0,0.0,0.010165275074541569,0.011381280608475208,777
base_model.model.model.layers.14.mlp.gate_proj.lora_B.weight,"(9728, 16)",-0.0008530547560123735,0.49910053610801697,1.0058726072311401,1.4734052419662476,0.0,0.0,0.0019287245813757181,0.0029480629600584507,777
base_model.model.model.layers.14.mlp.up_proj.lora_A.weight,"(16, 2560)",0.9275846178609696,0.09138183295726776,2.3746047019958496,2.6023573875427246,0.0,0.0,0.010102062486112118,0.010920415632426739,777
base_model.model.model.layers.14.mlp.up_proj.lora_B.weight,"(9728, 16)",0.015170444182666724,0.49419844150543213,0.802514374256134,1.286841630935669,0.0,0.0,0.0015860643470659852,0.002592223696410656,777
base_model.model.model.layers.14.self_attn.k_proj.lora_A.weight,"(16, 2560)",0.9086834049992251,0.10251464694738388,2.36981201171875,2.500403642654419,0.0,0.0,0.010041043162345886,0.01046780776232481,777
base_model.model.model.layers.14.self_attn.k_proj.lora_B.weight,"(1024, 16)",0.03367425638387309,0.49078369140625,0.24511554837226868,0.4167644679546356,0.0,0.0,0.0014856387861073017,0.0025899054016917944,777
base_model.model.model.layers.14.self_attn.o_proj.lora_A.weight,"(16, 4096)",0.8878369670873946,0.11572265625,2.3843953609466553,2.6144766807556152,0.0,0.0,0.007997160777449608,0.008605536073446274,777
base_model.model.model.layers.14.self_attn.o_proj.lora_B.weight,"(2560, 16)",0.0062001512152884365,0.5000244379043579,0.39593881368637085,0.663296639919281,0.0,0.0,0.0015351506881415844,0.0026161656714975834,777
base_model.model.model.layers.14.self_attn.q_proj.lora_A.weight,"(16, 2560)",0.9205872573588104,0.09616699069738388,2.370393991470337,2.4793193340301514,0.0,0.0,0.01005314476788044,0.01040868740528822,777
base_model.model.model.layers.14.self_attn.q_proj.lora_B.weight,"(4096, 16)",0.004103705245685587,0.49371337890625,0.4888346195220947,0.7967258095741272,0.0,0.0,0.0014580979477614164,0.002461331430822611,777
base_model.model.model.layers.14.self_attn.v_proj.lora_A.weight,"(16, 2560)",0.9181999554148847,0.09555663913488388,2.37882137298584,2.497931957244873,0.0,0.0,0.010112348012626171,0.01048434991389513,777
base_model.model.model.layers.14.self_attn.v_proj.lora_B.weight,"(1024, 16)",0.006282502549474127,0.490478515625,0.2613454759120941,0.36506858468055725,0.0,0.0,0.0015704468823969364,0.0022601173259317875,777
base_model.model.model.layers.15.mlp.down_proj.lora_A.weight,"(16, 9728)",0.7611312544371519,0.18165989220142365,2.518507480621338,2.8868916034698486,0.0,0.0,0.005396809428930283,0.006041128188371658,777
base_model.model.model.layers.15.mlp.down_proj.lora_B.weight,"(2560, 16)",0.01280540931641643,0.4965576231479645,0.38444986939430237,0.6351430416107178,0.0,0.0,0.0015059505822136998,0.0025126782711595297,777
base_model.model.model.layers.15.mlp.gate_proj.lora_A.weight,"(16, 2560)",0.8955462265735606,0.11215820163488388,2.394104480743408,2.725983142852783,0.0,0.0,0.01015674602240324,0.01135653629899025,777
base_model.model.model.layers.15.mlp.gate_proj.lora_B.weight,"(9728, 16)",0.006935738490904149,0.49955669045448303,1.0131282806396484,1.476594090461731,0.0,0.0,0.0019259294494986534,0.002943122759461403,777
base_model.model.model.layers.15.mlp.up_proj.lora_A.weight,"(16, 2560)",0.927843905855993,0.08952637016773224,2.3664329051971436,2.5774428844451904,0.0,0.0,0.01004862505942583,0.010819523595273495,777
base_model.model.model.layers.15.mlp.up_proj.lora_B.weight,"(9728, 16)",-0.0014840032891356575,0.49945390224456787,0.7949234247207642,1.294445276260376,0.0,0.0,0.0015666370745748281,0.0025931007694453,777
base_model.model.model.layers.15.self_attn.k_proj.lora_A.weight,"(16, 2560)",0.9101009160960556,0.10295410454273224,2.3771862983703613,2.4851365089416504,0.0,0.0,0.0100900549441576,0.010439951904118061,777
base_model.model.model.layers.15.self_attn.k_proj.lora_B.weight,"(1024, 16)",0.01831092369199881,0.49139404296875,0.20228736102581024,0.3974197804927826,0.0,0.0,0.0012222379446029663,0.002457106253132224,777
base_model.model.model.layers.15.self_attn.o_proj.lora_A.weight,"(16, 4096)",0.895354851963173,0.108001708984375,2.3901965618133545,2.590956687927246,0.0,0.0,0.00802387110888958,0.008554835803806782,777
base_model.model.model.layers.15.self_attn.o_proj.lora_B.weight,"(2560, 16)",-6.960354533156657e-05,0.5005127191543579,0.3716670274734497,0.6477442979812622,0.0,0.0,0.001449099276214838,0.0025502315256744623,777
base_model.model.model.layers.15.self_attn.q_proj.lora_A.weight,"(16, 2560)",0.9143071934151119,0.10117187350988388,2.370400905609131,2.480790853500366,0.0,0.0,0.01004105620086193,0.010380169376730919,777
base_model.model.model.layers.15.self_attn.q_proj.lora_B.weight,"(4096, 16)",-0.011442473499310053,0.5010223388671875,0.5041216015815735,0.8409444093704224,0.0,0.0,0.0015012752264738083,0.002595755271613598,777
base_model.model.model.layers.15.self_attn.v_proj.lora_A.weight,"(16, 2560)",0.9333737180349694,0.0855712890625,2.3669815063476562,2.4719018936157227,0.0,0.0,0.010070210322737694,0.010414162650704384,777
base_model.model.model.layers.15.self_attn.v_proj.lora_B.weight,"(1024, 16)",0.0317534447420182,0.48236083984375,0.20128610730171204,0.343686580657959,0.0,0.0,0.001233730698004365,0.0021316304337233305,777
base_model.model.model.layers.16.mlp.down_proj.lora_A.weight,"(16, 9728)",0.7783206648473122,0.17538291215896606,2.501479387283325,2.833942413330078,0.0,0.0,0.005362598691135645,0.005945970304310322,777
base_model.model.model.layers.16.mlp.down_proj.lora_B.weight,"(2560, 16)",-0.012989896817667313,0.505175769329071,0.4207141101360321,0.6223162412643433,0.0,0.0,0.0016468344256281853,0.002460456220433116,777
base_model.model.model.layers.16.mlp.gate_proj.lora_A.weight,"(16, 2560)",0.8938610913098171,0.11147461086511612,2.3858089447021484,2.7389774322509766,0.0,0.0,0.010145625099539757,0.011405200697481632,777
base_model.model.model.layers.16.mlp.gate_proj.lora_B.weight,"(9728, 16)",-0.0010372548046957085,0.5002827048301697,0.9012941718101501,1.5049437284469604,0.0,0.0,0.001743663102388382,0.0030146578792482615,777
base_model.model.model.layers.16.mlp.up_proj.lora_A.weight,"(16, 2560)",0.9287672202562194,0.09152831882238388,2.3712780475616455,2.5737245082855225,0.0,0.0,0.010094823315739632,0.010821553878486156,777
base_model.model.model.layers.16.mlp.up_proj.lora_B.weight,"(9728, 16)",0.007139334312503573,0.49588173627853394,0.7415847182273865,1.3145831823349,0.0,0.0,0.0014756601303815842,0.0026445621624588966,777
base_model.model.model.layers.16.self_attn.k_proj.lora_A.weight,"(16, 2560)",0.9093009740015331,0.10107421875,2.3691625595092773,2.4865059852600098,0.0,0.0,0.010046730749309063,0.010429472662508488,777
base_model.model.model.layers.16.self_attn.k_proj.lora_B.weight,"(1024, 16)",0.016419555195499043,0.49261474609375,0.22312772274017334,0.42250168323516846,0.0,0.0,0.001357333385385573,0.0025985809043049812,777
base_model.model.model.layers.16.self_attn.o_proj.lora_A.weight,"(16, 4096)",0.890167289622403,0.1139373779296875,2.373682737350464,2.612711191177368,0.0,0.0,0.00797019898891449,0.00859215296804905,777
base_model.model.model.layers.16.self_attn.o_proj.lora_B.weight,"(2560, 16)",0.006409487625155788,0.4959716796875,0.34734466671943665,0.6518800258636475,0.0,0.0,0.0013596529606729746,0.002572308760136366,777
base_model.model.model.layers.16.self_attn.q_proj.lora_A.weight,"(16, 2560)",0.9185905607631382,0.09882812201976776,2.3660695552825928,2.5073037147521973,0.0,0.0,0.010057061910629272,0.010527200996875763,777
base_model.model.model.layers.16.self_attn.q_proj.lora_B.weight,"(4096, 16)",0.024140045501613087,0.4874420166015625,0.4698678255081177,0.8413750529289246,0.0,0.0,0.001404901617206633,0.0025934912264347076,777
base_model.model.model.layers.16.self_attn.v_proj.lora_A.weight,"(16, 2560)",0.9187585824692698,0.09731445461511612,2.370269536972046,2.4872913360595703,0.0,0.0,0.010051587596535683,0.010445625521242619,777
base_model.model.model.layers.16.self_attn.v_proj.lora_B.weight,"(1024, 16)",-0.003795897198083822,0.493408203125,0.1965162605047226,0.34574663639068604,0.0,0.0,0.0011902439873665571,0.0021454261150211096,777
base_model.model.model.layers.17.mlp.down_proj.lora_A.weight,"(16, 9728)",0.7789150760107829,0.17332057654857635,2.503063678741455,2.825374126434326,0.0,0.0,0.0053688837215304375,0.005922594107687473,777
base_model.model.model.layers.17.mlp.down_proj.lora_B.weight,"(2560, 16)",0.005884559523036588,0.4989990293979645,0.369551420211792,0.6378123760223389,0.0,0.0,0.0014462016988545656,0.0025247340090572834,777
base_model.model.model.layers.17.mlp.gate_proj.lora_A.weight,"(16, 2560)",0.8946152865628436,0.11235351860523224,2.4001376628875732,2.7057113647460938,0.0,0.0,0.010188211686909199,0.011264900676906109,777
base_model.model.model.layers.17.mlp.gate_proj.lora_B.weight,"(9728, 16)",-0.0023130338168366182,0.5010600686073303,1.0414810180664062,1.462512493133545,0.0,0.0,0.001995682017877698,0.002933637471869588,777
base_model.model.model.layers.17.mlp.up_proj.lora_A.weight,"(16, 2560)",0.9247708957263026,0.0902099609375,2.3871593475341797,2.5805394649505615,0.0,0.0,0.010125209577381611,0.010849016718566418,777
base_model.model.model.layers.17.mlp.up_proj.lora_B.weight,"(9728, 16)",0.000239326604227031,0.49667197465896606,0.9156231880187988,1.3303501605987549,0.0,0.0,0.00180008914321661,0.002667655935510993,777
base_model.model.model.layers.17.self_attn.k_proj.lora_A.weight,"(16, 2560)",0.9095165294936786,0.10190429538488388,2.3879754543304443,2.496936559677124,0.0,0.0,0.010127182118594646,0.010475524701178074,777
base_model.model.model.layers.17.self_attn.k_proj.lora_B.weight,"(1024, 16)",0.011642594172202004,0.4942626953125,0.24548232555389404,0.4070010185241699,0.0,0.0,0.0014526888262480497,0.002518379595130682,777
base_model.model.model.layers.17.self_attn.o_proj.lora_A.weight,"(16, 4096)",0.9116517643822557,0.0991973876953125,2.3608577251434326,2.555149793624878,0.0,0.0,0.00793913472443819,0.00845656730234623,777
base_model.model.model.layers.17.self_attn.o_proj.lora_B.weight,"(2560, 16)",0.006867056722063362,0.49531251192092896,0.34077540040016174,0.6354138851165771,0.0,0.0,0.0013112872838974,0.0024898063857108355,777
base_model.model.model.layers.17.self_attn.q_proj.lora_A.weight,"(16, 2560)",0.9184751924766921,0.09772948920726776,2.3610153198242188,2.499027729034424,0.0,0.0,0.010035318322479725,0.010478134267032146,777
base_model.model.model.layers.17.self_attn.q_proj.lora_B.weight,"(4096, 16)",0.02053459619969971,0.495941162109375,0.45660945773124695,0.8693246245384216,0.0,0.0,0.0013547467533499002,0.0026803030632436275,777
base_model.model.model.layers.17.self_attn.v_proj.lora_A.weight,"(16, 2560)",0.9278636701343335,0.09025879204273224,2.364858865737915,2.4805521965026855,0.0,0.0,0.010050739161670208,0.01042126677930355,777
base_model.model.model.layers.17.self_attn.v_proj.lora_B.weight,"(1024, 16)",0.022862326909194482,0.48907470703125,0.21075975894927979,0.36316409707069397,0.0,0.0,0.0012958900770172477,0.002261874033138156,777
base_model.model.model.layers.18.mlp.down_proj.lora_A.weight,"(16, 9728)",0.7670521879612244,0.17964252829551697,2.5397891998291016,2.850703477859497,0.0,0.0,0.0054350560531020164,0.005981644615530968,777
base_model.model.model.layers.18.mlp.down_proj.lora_B.weight,"(2560, 16)",0.016122832543448123,0.4952392578125,0.39700815081596375,0.6483492851257324,0.0,0.0,0.0015548616647720337,0.0025588052812963724,777
base_model.model.model.layers.18.mlp.gate_proj.lora_A.weight,"(16, 2560)",0.8873662405211238,0.116943359375,2.3961901664733887,2.7458109855651855,0.0,0.0,0.010159441269934177,0.011425169184803963,777
base_model.model.model.layers.18.mlp.gate_proj.lora_B.weight,"(9728, 16)",-0.0002475422717473398,0.5008288025856018,0.9733301997184753,1.540225863456726,0.0,0.0,0.0018566858489066362,0.0030894328374415636,777
base_model.model.model.layers.18.mlp.up_proj.lora_A.weight,"(16, 2560)",0.9276094660762775,0.08937988430261612,2.399322032928467,2.5832409858703613,0.0,0.0,0.010185765102505684,0.010868562385439873,777
base_model.model.model.layers.18.mlp.up_proj.lora_B.weight,"(9728, 16)",-0.0035950418213967373,0.5017924904823303,0.7993729710578918,1.3240573406219482,0.0,0.0,0.0015748576261103153,0.0026527754962444305,777
base_model.model.model.layers.18.self_attn.k_proj.lora_A.weight,"(16, 2560)",0.8950867947493816,0.11240234225988388,2.3942337036132812,2.5165631771087646,0.0,0.0,0.010117839090526104,0.010513506829738617,777
base_model.model.model.layers.18.self_attn.k_proj.lora_B.weight,"(1024, 16)",-0.002026867408868368,0.4996337890625,0.23518186807632446,0.4454060196876526,0.0,0.0,0.001424306770786643,0.0027581751346588135,777
base_model.model.model.layers.18.self_attn.o_proj.lora_A.weight,"(16, 4096)",0.9078214571961408,0.0999298095703125,2.3844547271728516,2.553699016571045,0.0,0.0,0.008006803691387177,0.008440556935966015,777
base_model.model.model.layers.18.self_attn.o_proj.lora_B.weight,"(2560, 16)",0.018126566669381488,0.4913330078125,0.3661574125289917,0.6335909962654114,0.0,0.0,0.0014342841459438205,0.002493358450010419,777
base_model.model.model.layers.18.self_attn.q_proj.lora_A.weight,"(16, 2560)",0.9049611926990654,0.10429687798023224,2.4023797512054443,2.503922700881958,0.0,0.0,0.010171870701014996,0.01052385289222002,777
base_model.model.model.layers.18.self_attn.q_proj.lora_B.weight,"(4096, 16)",0.009135624246868292,0.49658203125,0.5945665836334229,0.885094165802002,0.0,0.0,0.001781547674909234,0.002743358025327325,777
base_model.model.model.layers.18.self_attn.v_proj.lora_A.weight,"(16, 2560)",0.9184719706975668,0.09047851711511612,2.3763480186462402,2.4757564067840576,0.0,0.0,0.010064448229968548,0.010422724299132824,777
base_model.model.model.layers.18.self_attn.v_proj.lora_B.weight,"(1024, 16)",0.03971780580133413,0.47784423828125,0.23950640857219696,0.35185959935188293,0.0,0.0,0.0014547385508194566,0.002196267945691943,777
base_model.model.model.layers.19.mlp.down_proj.lora_A.weight,"(16, 9728)",0.7462957534930555,0.1874742954969406,2.583202362060547,2.8987879753112793,0.0,0.0,0.005500238388776779,0.0060664876364171505,777
base_model.model.model.layers.19.mlp.down_proj.lora_B.weight,"(2560, 16)",0.011618484942862026,0.4963134825229645,0.4426574409008026,0.6967254877090454,0.0,0.0,0.0017258117441087961,0.0027444972656667233,777
base_model.model.model.layers.19.mlp.gate_proj.lora_A.weight,"(16, 2560)",0.8808480968822417,0.12016601860523224,2.4141032695770264,2.7748591899871826,0.0,0.0,0.010232958011329174,0.011530013754963875,777
base_model.model.model.layers.19.mlp.gate_proj.lora_B.weight,"(9728, 16)",0.002406610053722232,0.5011950135231018,1.0211237668991089,1.536504864692688,0.0,0.0,0.001953188329935074,0.0030815082136541605,777
base_model.model.model.layers.19.mlp.up_proj.lora_A.weight,"(16, 2560)",0.913027607707218,0.09780273586511612,2.4254634380340576,2.6008341312408447,0.0,0.0,0.010278640314936638,0.010952510870993137,777
base_model.model.model.layers.19.mlp.up_proj.lora_B.weight,"(9728, 16)",0.008066260380336476,0.4983745515346527,0.9751383066177368,1.3937125205993652,0.0,0.0,0.0019163936376571655,0.0027949523646384478,777
base_model.model.model.layers.19.self_attn.k_proj.lora_A.weight,"(16, 2560)",0.8952420212192359,0.11137695610523224,2.410351276397705,2.504126787185669,0.0,0.0,0.010166654363274574,0.010486715473234653,777
base_model.model.model.layers.19.self_attn.k_proj.lora_B.weight,"(1024, 16)",0.007401925623941373,0.48858642578125,0.29117080569267273,0.4309130609035492,0.0,0.0,0.0017146391328424215,0.0026578118558973074,777
base_model.model.model.layers.19.self_attn.o_proj.lora_A.weight,"(16, 4096)",0.9001256533764538,0.1075897216796875,2.381373405456543,2.561807155609131,0.0,0.0,0.007984228432178497,0.008456812240183353,777
base_model.model.model.layers.19.self_attn.o_proj.lora_B.weight,"(2560, 16)",-0.015953251070174274,0.504150390625,0.33764341473579407,0.6451107859611511,0.0,0.0,0.0013259799452498555,0.0025435895659029484,777
base_model.model.model.layers.19.self_attn.q_proj.lora_A.weight,"(16, 2560)",0.9110426904550087,0.0997314453125,2.3980612754821777,2.5037713050842285,0.0,0.0,0.010161428712308407,0.010527633130550385,777
base_model.model.model.layers.19.self_attn.q_proj.lora_B.weight,"(4096, 16)",0.011766563119703402,0.493988037109375,0.5452254414558411,0.8696675300598145,0.0,0.0,0.0015987567603588104,0.00268648867495358,777
base_model.model.model.layers.19.self_attn.v_proj.lora_A.weight,"(16, 2560)",0.9239583798844114,0.09135742485523224,2.37249493598938,2.4600908756256104,0.0,0.0,0.010040534660220146,0.010338249616324902,777
base_model.model.model.layers.19.self_attn.v_proj.lora_B.weight,"(1024, 16)",0.029251444801069247,0.48492431640625,0.22357256710529327,0.3540559709072113,0.0,0.0,0.0013612585607916117,0.002203223528340459,777
base_model.model.model.layers.2.mlp.down_proj.lora_A.weight,"(16, 9728)",0.8225834514331164,0.13939787447452545,2.4268150329589844,2.7351813316345215,0.0,0.0,0.005251822993159294,0.005759580992162228,777
base_model.model.model.layers.2.mlp.down_proj.lora_B.weight,"(2560, 16)",0.010528563710234985,0.4952636659145355,0.3600142300128937,0.6138089299201965,0.0,0.0,0.0014263903722167015,0.002396660391241312,777
base_model.model.model.layers.2.mlp.gate_proj.lora_A.weight,"(16, 2560)",0.89323179118426,0.11518554389476776,2.3808774948120117,2.580244302749634,0.0,0.0,0.010101967491209507,0.010742011480033398,777
base_model.model.model.layers.2.mlp.gate_proj.lora_B.weight,"(9728, 16)",0.42244830394449134,0.3727770447731018,1.4141194820404053,2.5967063903808594,0.0,0.0,0.002333547454327345,0.004327076952904463,777
base_model.model.model.layers.2.mlp.up_proj.lora_A.weight,"(16, 2560)",0.921441006104857,0.09311523288488388,2.3813862800598145,2.5059659481048584,0.0,0.0,0.010113561525940895,0.010541236028075218,777
base_model.model.model.layers.2.mlp.up_proj.lora_B.weight,"(9728, 16)",0.19379331697419908,0.4252223074436188,1.5975465774536133,2.008831739425659,0.0,0.0,0.0024576454889029264,0.003097205888479948,777
base_model.model.model.layers.2.self_attn.k_proj.lora_A.weight,"(16, 2560)",0.9031001420536168,0.10710449516773224,2.3997035026550293,2.5070958137512207,0.0,0.0,0.010140830650925636,0.010520003736019135,777
base_model.model.model.layers.2.self_attn.k_proj.lora_B.weight,"(1024, 16)",0.023373527459387203,0.49420166015625,0.2720237374305725,0.385543555021286,0.0,0.0,0.0016626709839329123,0.0023695083800703287,777
base_model.model.model.layers.2.self_attn.o_proj.lora_A.weight,"(16, 4096)",0.888397097435471,0.114532470703125,2.414201498031616,2.5321710109710693,0.0,0.0,0.008071859367191792,0.00837632454931736,777
base_model.model.model.layers.2.self_attn.o_proj.lora_B.weight,"(2560, 16)",0.0008039621573292022,0.5003662109375,0.41459259390830994,0.584511399269104,0.0,0.0,0.0016270019114017487,0.002298605628311634,777
base_model.model.model.layers.2.self_attn.q_proj.lora_A.weight,"(16, 2560)",0.9188127996022695,0.09599609673023224,2.3789517879486084,2.4931881427764893,0.0,0.0,0.01010365504771471,0.010483264923095703,777
base_model.model.model.layers.2.self_attn.q_proj.lora_B.weight,"(4096, 16)",0.0006893826094605197,0.4995269775390625,0.5350194573402405,0.7401471734046936,0.0,0.0,0.0016189919551834464,0.002254673046991229,777
base_model.model.model.layers.2.self_attn.v_proj.lora_A.weight,"(16, 2560)",0.9168069954437128,0.09675292670726776,2.400442361831665,2.459674835205078,0.0,0.0,0.010151149705052376,0.01035981997847557,777
base_model.model.model.layers.2.self_attn.v_proj.lora_B.weight,"(1024, 16)",0.05599100354075609,0.47406005859375,0.31287652254104614,0.3165062367916107,0.0,0.0,0.0019216443179175258,0.0019773191306740046,777
base_model.model.model.layers.20.mlp.down_proj.lora_A.weight,"(16, 9728)",0.7336992325637687,0.19344289600849152,2.6029553413391113,2.920576572418213,0.0,0.0,0.005532683338969946,0.006113734096288681,777
base_model.model.model.layers.20.mlp.down_proj.lora_B.weight,"(2560, 16)",-0.0020089747627120144,0.5030517578125,0.49788898229599,0.7042614817619324,0.0,0.0,0.0019233778584748507,0.002779791597276926,777
base_model.model.model.layers.20.mlp.gate_proj.lora_A.weight,"(16, 2560)",0.8874832362296277,0.11850585788488388,2.4345710277557373,2.720667600631714,0.0,0.0,0.010287784039974213,0.011317521333694458,777
base_model.model.model.layers.20.mlp.gate_proj.lora_B.weight,"(9728, 16)",0.008801051788617783,0.4983295500278473,1.053366780281067,1.506950855255127,0.0,0.0,0.0020063878037035465,0.0030142844188958406,777
base_model.model.model.layers.20.mlp.up_proj.lora_A.weight,"(16, 2560)",0.9161928259672771,0.09809570014476776,2.4055449962615967,2.571575164794922,0.0,0.0,0.01018413808196783,0.010807942599058151,777
base_model.model.model.layers.20.mlp.up_proj.lora_B.weight,"(9728, 16)",0.008786252898771116,0.4955219328403473,0.8705509305000305,1.2912819385528564,0.0,0.0,0.001715006772428751,0.0025804152246564627,777
base_model.model.model.layers.20.self_attn.k_proj.lora_A.weight,"(16, 2560)",0.8887717836933703,0.11386718600988388,2.418858289718628,2.5101144313812256,0.0,0.0,0.010199850425124168,0.01051001064479351,777
base_model.model.model.layers.20.self_attn.k_proj.lora_B.weight,"(1024, 16)",-0.010025991722783746,0.50714111328125,0.2655562460422516,0.4418013095855713,0.0,0.0,0.0016026415396481752,0.002736841794103384,777
base_model.model.model.layers.20.self_attn.o_proj.lora_A.weight,"(16, 4096)",0.8831231027560804,0.115264892578125,2.4088563919067383,2.5812835693359375,0.0,0.0,0.008046586066484451,0.008517226204276085,777
base_model.model.model.layers.20.self_attn.o_proj.lora_B.weight,"(2560, 16)",0.00461673954848435,0.49616700410842896,0.3651581406593323,0.6722515821456909,0.0,0.0,0.0014238037401810288,0.002642139093950391,777
base_model.model.model.layers.20.self_attn.q_proj.lora_A.weight,"(16, 2560)",0.9044780728087349,0.102783203125,2.3952462673187256,2.5156800746917725,0.0,0.0,0.010142616927623749,0.010532161220908165,777
base_model.model.model.layers.20.self_attn.q_proj.lora_B.weight,"(4096, 16)",-0.006049040684016208,0.502685546875,0.542566180229187,0.868160605430603,0.0,0.0,0.0015838338294997811,0.002685979474335909,777
base_model.model.model.layers.20.self_attn.v_proj.lora_A.weight,"(16, 2560)",0.9054430161486426,0.09980468451976776,2.422947406768799,2.4858901500701904,0.0,0.0,0.010213436558842659,0.010465392842888832,777
base_model.model.model.layers.20.self_attn.v_proj.lora_B.weight,"(1024, 16)",0.0023185809896955904,0.49774169921875,0.24570992588996887,0.35678040981292725,0.0,0.0,0.0014957617968320847,0.002199410693719983,777
base_model.model.model.layers.21.mlp.down_proj.lora_A.weight,"(16, 9728)",0.7497814196461495,0.1854248046875,2.611994981765747,2.8619961738586426,0.0,0.0,0.005548499990254641,0.00600051786750555,777
base_model.model.model.layers.21.mlp.down_proj.lora_B.weight,"(2560, 16)",-0.006898087272267885,0.5009765625,0.5196424126625061,0.6993509531021118,0.0,0.0,0.0020168921910226345,0.0027460490819066763,777
base_model.model.model.layers.21.mlp.gate_proj.lora_A.weight,"(16, 2560)",0.8796614879674554,0.12016601860523224,2.454284191131592,2.7063167095184326,0.0,0.0,0.010353326797485352,0.011276941746473312,777
base_model.model.model.layers.21.mlp.gate_proj.lora_B.weight,"(9728, 16)",-0.005291921722907567,0.5025827288627625,1.1461046934127808,1.507254958152771,0.0,0.0,0.0021717771887779236,0.003013275098055601,777
base_model.model.model.layers.21.mlp.up_proj.lora_A.weight,"(16, 2560)",0.9179099625301373,0.09660644829273224,2.409088611602783,2.5814266204833984,0.0,0.0,0.01018592994660139,0.01085280068218708,777
base_model.model.model.layers.21.mlp.up_proj.lora_B.weight,"(9728, 16)",0.005481090330903305,0.49905556440353394,0.9343391060829163,1.450271725654602,0.0,0.0,0.0018378723179921508,0.0028784058522433043,777
base_model.model.model.layers.21.self_attn.k_proj.lora_A.weight,"(16, 2560)",0.8759473112743006,0.11772461235523224,2.4744935035705566,2.5194435119628906,0.0,0.0,0.010392272844910622,0.010567550547420979,777
base_model.model.model.layers.21.self_attn.k_proj.lora_B.weight,"(1024, 16)",0.05027688220860303,0.4765625,0.31525978446006775,0.4409083425998688,0.0,0.0,0.00189328589476645,0.0027047800831496716,777
base_model.model.model.layers.21.self_attn.o_proj.lora_A.weight,"(16, 4096)",0.8996358161347741,0.1076507568359375,2.4004738330841064,2.569272756576538,0.0,0.0,0.008039698004722595,0.008479214273393154,777
base_model.model.model.layers.21.self_attn.o_proj.lora_B.weight,"(2560, 16)",-0.0011623320074057781,0.500927746295929,0.39717793464660645,0.6631582975387573,0.0,0.0,0.0015504047041758895,0.002594010205939412,777
base_model.model.model.layers.21.self_attn.q_proj.lora_A.weight,"(16, 2560)",0.8977287664733969,0.10976562649011612,2.4333555698394775,2.479118585586548,0.0,0.0,0.010239792987704277,0.010414084419608116,777
base_model.model.model.layers.21.self_attn.q_proj.lora_B.weight,"(4096, 16)",0.012049731113759917,0.49432373046875,0.602468729019165,0.8475222587585449,0.0,0.0,0.0017832163721323013,0.0026066049467772245,777
base_model.model.model.layers.21.self_attn.v_proj.lora_A.weight,"(16, 2560)",0.9144928571951091,0.09519042819738388,2.396547555923462,2.4751110076904297,0.0,0.0,0.010137973353266716,0.010405328124761581,777
base_model.model.model.layers.21.self_attn.v_proj.lora_B.weight,"(1024, 16)",0.03144628500878553,0.482666015625,0.24499160051345825,0.3321533203125,0.0,0.0,0.0014930262695997953,0.0020555334631353617,777
base_model.model.model.layers.22.mlp.down_proj.lora_A.weight,"(16, 9728)",0.7416664633713956,0.18997353315353394,2.5939149856567383,2.908661127090454,0.0,0.0,0.005517448298633099,0.006086023058742285,777
base_model.model.model.layers.22.mlp.down_proj.lora_B.weight,"(2560, 16)",-0.014557866505430467,0.506542980670929,0.5126089453697205,0.7103421688079834,0.0,0.0,0.001991980941966176,0.0028005000203847885,777
base_model.model.model.layers.22.mlp.gate_proj.lora_A.weight,"(16, 2560)",0.8826007378214901,0.11308594048023224,2.4586830139160156,2.701045513153076,0.0,0.0,0.010397607460618019,0.011273510754108429,777
base_model.model.model.layers.22.mlp.gate_proj.lora_B.weight,"(9728, 16)",-0.004822101608527876,0.5014905333518982,1.2864348888397217,1.562546730041504,0.0,0.0,0.00244148843921721,0.0031373489182442427,777
base_model.model.model.layers.22.mlp.up_proj.lora_A.weight,"(16, 2560)",0.9118548008140165,0.09970702975988388,2.4274957180023193,2.5783674716949463,0.0,0.0,0.01027147937566042,0.01082727313041687,777
base_model.model.model.layers.22.mlp.up_proj.lora_B.weight,"(9728, 16)",0.0024051842921520993,0.49922260642051697,1.1034613847732544,1.3355298042297363,0.0,0.0,0.0021552331745624542,0.002675639232620597,777
base_model.model.model.layers.22.self_attn.k_proj.lora_A.weight,"(16, 2560)",0.9012760644504356,0.10979004204273224,2.4038896560668945,2.50734806060791,0.0,0.0,0.010151416063308716,0.010502669028937817,777
base_model.model.model.layers.22.self_attn.k_proj.lora_B.weight,"(1024, 16)",-0.012467226407477711,0.5020751953125,0.25646594166755676,0.43761956691741943,0.0,0.0,0.0015401190612465143,0.0026829694397747517,777
base_model.model.model.layers.22.self_attn.o_proj.lora_A.weight,"(16, 4096)",0.8945408628494652,0.110198974609375,2.3996365070343018,2.5553555488586426,0.0,0.0,0.0080257598310709,0.008442007005214691,777
base_model.model.model.layers.22.self_attn.o_proj.lora_B.weight,"(2560, 16)",-0.0005482318395193346,0.49846190214157104,0.36669185757637024,0.6542386412620544,0.0,0.0,0.0014494570204988122,0.002575250808149576,777
base_model.model.model.layers.22.self_attn.q_proj.lora_A.weight,"(16, 2560)",0.9108290288534611,0.10085449367761612,2.3969061374664307,2.4992034435272217,0.0,0.0,0.010162224061787128,0.010495370253920555,777
base_model.model.model.layers.22.self_attn.q_proj.lora_B.weight,"(4096, 16)",-0.0030897477993580744,0.5005035400390625,0.5684511661529541,0.913385272026062,0.0,0.0,0.0016811038367450237,0.002809180412441492,777
base_model.model.model.layers.22.self_attn.v_proj.lora_A.weight,"(16, 2560)",0.9077762477607463,0.103759765625,2.4193923473358154,2.4884257316589355,0.0,0.0,0.010203910060226917,0.010452238842844963,777
base_model.model.model.layers.22.self_attn.v_proj.lora_B.weight,"(1024, 16)",0.01154696056145729,0.49310302734375,0.2746420204639435,0.38364073634147644,0.0,0.0,0.0016961197834461927,0.002375174080953002,777
base_model.model.model.layers.23.mlp.down_proj.lora_A.weight,"(16, 9728)",0.7299525343821303,0.19591642916202545,2.6079742908477783,2.9294166564941406,0.0,0.0,0.005546334199607372,0.0061189099214971066,777
base_model.model.model.layers.23.mlp.down_proj.lora_B.weight,"(2560, 16)",0.00295577153790588,0.49995118379592896,0.548527181148529,0.7045326828956604,0.0,0.0,0.002136123599484563,0.0027775284834206104,777
base_model.model.model.layers.23.mlp.gate_proj.lora_A.weight,"(16, 2560)",0.8897124908529832,0.11447753757238388,2.4393441677093506,2.696974754333496,0.0,0.0,0.01031830906867981,0.011240864172577858,777
base_model.model.model.layers.23.mlp.gate_proj.lora_B.weight,"(9728, 16)",0.006474854564912793,0.4959331452846527,1.3910291194915771,1.5464458465576172,0.0,0.0,0.0026350992266088724,0.003109544049948454,777
base_model.model.model.layers.23.mlp.up_proj.lora_A.weight,"(16, 2560)",0.9151029926487598,0.09716796875,2.4026131629943848,2.6071341037750244,0.0,0.0,0.010185183957219124,0.010948272421956062,777
base_model.model.model.layers.23.mlp.up_proj.lora_B.weight,"(9728, 16)",-0.004449560512903777,0.503173828125,1.0701805353164673,1.3601139783859253,0.0,0.0,0.0020975517109036446,0.002730970038101077,777
base_model.model.model.layers.23.self_attn.k_proj.lora_A.weight,"(16, 2560)",0.8931182398508731,0.11423339694738388,2.408555030822754,2.493283987045288,0.0,0.0,0.010157132521271706,0.010432270355522633,777
base_model.model.model.layers.23.self_attn.k_proj.lora_B.weight,"(1024, 16)",0.017316927540157925,0.48773193359375,0.30732035636901855,0.4392373859882355,0.0,0.0,0.0018592027481645346,0.0027321334928274155,777
base_model.model.model.layers.23.self_attn.o_proj.lora_A.weight,"(16, 4096)",0.8744590074441055,0.1202545166015625,2.4185163974761963,2.631416082382202,0.0,0.0,0.008072223514318466,0.00866254698485136,777
base_model.model.model.layers.23.self_attn.o_proj.lora_B.weight,"(2560, 16)",0.0020767264541634964,0.4990234375,0.47972673177719116,0.6949225664138794,0.0,0.0,0.0018240816425532103,0.002734330017119646,777
base_model.model.model.layers.23.self_attn.q_proj.lora_A.weight,"(16, 2560)",0.8971762874361169,0.10776367038488388,2.4236490726470947,2.5136468410491943,0.0,0.0,0.010227469727396965,0.010530131869018078,777
base_model.model.model.layers.23.self_attn.q_proj.lora_B.weight,"(4096, 16)",0.013565790939949043,0.4906158447265625,0.633354127407074,0.8968751430511475,0.0,0.0,0.0018654386512935162,0.00277110212482512,777
base_model.model.model.layers.23.self_attn.v_proj.lora_A.weight,"(16, 2560)",0.9089341915489276,0.10458984225988388,2.37947940826416,2.5119588375091553,0.0,0.0,0.010067637078464031,0.01053610723465681,777
base_model.model.model.layers.23.self_attn.v_proj.lora_B.weight,"(1024, 16)",-0.023954131541076017,0.50494384765625,0.2763834297657013,0.3919854462146759,0.0,0.0,0.0016865781508386135,0.002440586220473051,777
base_model.model.model.layers.24.mlp.down_proj.lora_A.weight,"(16, 9728)",0.707460067838253,0.20215485990047455,2.713667631149292,2.898522138595581,0.0,0.0,0.005718850996345282,0.006066585425287485,777
base_model.model.model.layers.24.mlp.down_proj.lora_B.weight,"(2560, 16)",0.007299869775270873,0.49907225370407104,0.5833547115325928,0.6738967895507812,0.0,0.0,0.002261850982904434,0.0026568160392344,777
base_model.model.model.layers.24.mlp.gate_proj.lora_A.weight,"(16, 2560)",0.8556789822157592,0.1337890625,2.51878023147583,2.7095389366149902,0.0,0.0,0.010559333488345146,0.011249988339841366,777
base_model.model.model.layers.24.mlp.gate_proj.lora_B.weight,"(9728, 16)",0.00038196568949036395,0.5013427734375,1.7253731489181519,1.5747336149215698,0.0,0.0,0.003291723318397999,0.0031641474924981594,777
base_model.model.model.layers.24.mlp.up_proj.lora_A.weight,"(16, 2560)",0.9019826628680438,0.10563965141773224,2.451620101928711,2.60579514503479,0.0,0.0,0.010361786931753159,0.010944129899144173,777
base_model.model.model.layers.24.mlp.up_proj.lora_B.weight,"(9728, 16)",0.0018602808587697337,0.49763569235801697,1.2776271104812622,1.3242334127426147,0.0,0.0,0.0024904306046664715,0.0026631916407495737,777
base_model.model.model.layers.24.self_attn.k_proj.lora_A.weight,"(16, 2560)",0.8801838146617756,0.11826171725988388,2.466054677963257,2.4915616512298584,0.0,0.0,0.010373519733548164,0.010454222559928894,777
base_model.model.model.layers.24.self_attn.k_proj.lora_B.weight,"(1024, 16)",0.01619437838828884,0.4908447265625,0.3599291443824768,0.4410010576248169,0.0,0.0,0.002068973844870925,0.0027380005922168493,777
base_model.model.model.layers.24.self_attn.o_proj.lora_A.weight,"(16, 4096)",0.8614613540985627,0.1283721923828125,2.4526944160461426,2.640263319015503,0.0,0.0,0.008166961371898651,0.008670927956700325,777
base_model.model.model.layers.24.self_attn.o_proj.lora_B.weight,"(2560, 16)",0.005711112434532803,0.501879870891571,0.6258678436279297,0.7056208848953247,0.0,0.0,0.0024133275728672743,0.0027754087932407856,777
base_model.model.model.layers.24.self_attn.q_proj.lora_A.weight,"(16, 2560)",0.8909951660453742,0.11323241889476776,2.445497512817383,2.5100314617156982,0.0,0.0,0.010306957177817822,0.01053185947239399,777
base_model.model.model.layers.24.self_attn.q_proj.lora_B.weight,"(4096, 16)",0.0008660254738513231,0.495635986328125,0.7414157390594482,0.8764357566833496,0.0,0.0,0.0021684083621948957,0.002706511178985238,777
base_model.model.model.layers.24.self_attn.v_proj.lora_A.weight,"(16, 2560)",0.898703698625425,0.10847167670726776,2.421247720718384,2.484829902648926,0.0,0.0,0.01019985880702734,0.010430452413856983,777
base_model.model.model.layers.24.self_attn.v_proj.lora_B.weight,"(1024, 16)",0.0034878863771080227,0.49346923828125,0.32372304797172546,0.3894816040992737,0.0,0.0,0.0019522537477314472,0.002408381085842848,777
base_model.model.model.layers.25.mlp.down_proj.lora_A.weight,"(16, 9728)",0.6844562400190022,0.21422697603702545,2.810102701187134,2.9118428230285645,0.0,0.0,0.00588266970589757,0.006089487578719854,777
base_model.model.model.layers.25.mlp.down_proj.lora_B.weight,"(2560, 16)",-0.003490839718466271,0.5005127191543579,0.6616612076759338,0.6987485289573669,0.0,0.0,0.0025498277973383665,0.002772986190393567,777
base_model.model.model.layers.25.mlp.gate_proj.lora_A.weight,"(16, 2560)",0.8504923225649885,0.13723143935203552,2.559614658355713,2.712129592895508,0.0,0.0,0.010708038695156574,0.011290136724710464,777
base_model.model.model.layers.25.mlp.gate_proj.lora_B.weight,"(9728, 16)",-0.00656892749970806,0.5025442242622375,1.845700740814209,1.5563942193984985,0.0,0.0,0.003556540235877037,0.003121248446404934,777
base_model.model.model.layers.25.mlp.up_proj.lora_A.weight,"(16, 2560)",0.9057063783550847,0.10300292819738388,2.465144634246826,2.599846839904785,0.0,0.0,0.010411761701107025,0.010927112773060799,777
base_model.model.model.layers.25.mlp.up_proj.lora_B.weight,"(9728, 16)",0.004576887523708074,0.49938321113586426,1.3512814044952393,1.3252595663070679,0.0,0.0,0.0026319383177906275,0.0026611126959323883,777
base_model.model.model.layers.25.self_attn.k_proj.lora_A.weight,"(16, 2560)",0.9019788033812113,0.10637207329273224,2.3970608711242676,2.4893524646759033,0.0,0.0,0.010135487653315067,0.010434583760797977,777
base_model.model.model.layers.25.self_attn.k_proj.lora_B.weight,"(1024, 16)",-0.012657850118362087,0.50067138671875,0.2984655201435089,0.4466087818145752,0.0,0.0,0.0018004716839641333,0.0027490491047501564,777
base_model.model.model.layers.25.self_attn.o_proj.lora_A.weight,"(16, 4096)",0.8557373944990466,0.1321868896484375,2.4786722660064697,2.657728433609009,0.0,0.0,0.008237957954406738,0.008732084184885025,777
base_model.model.model.layers.25.self_attn.o_proj.lora_B.weight,"(2560, 16)",0.004249662519183793,0.49956053495407104,0.6358379125595093,0.7238760590553284,0.0,0.0,0.0024545476771891117,0.002854537684470415,777
base_model.model.model.layers.25.self_attn.q_proj.lora_A.weight,"(16, 2560)",0.9032017361711582,0.10524902492761612,2.427612066268921,2.489701509475708,0.0,0.0,0.010258305817842484,0.01048604678362608,777
base_model.model.model.layers.25.self_attn.q_proj.lora_B.weight,"(4096, 16)",0.007242226290495586,0.496551513671875,0.6086958050727844,0.9064294099807739,0.0,0.0,0.0018218043260276318,0.002803295385092497,777
base_model.model.model.layers.25.self_attn.v_proj.lora_A.weight,"(16, 2560)",0.9030208698989465,0.10207519680261612,2.4181103706359863,2.498141288757324,0.0,0.0,0.010213708505034447,0.010491614229977131,777
base_model.model.model.layers.25.self_attn.v_proj.lora_B.weight,"(1024, 16)",-0.006384855822249074,0.50128173828125,0.31293347477912903,0.37641841173171997,0.0,0.0,0.0019150247098878026,0.0023266535717993975,777
base_model.model.model.layers.26.mlp.down_proj.lora_A.weight,"(16, 9728)",0.6815442909781132,0.2168097198009491,2.8248984813690186,2.9055020809173584,0.0,0.0,0.005913491360843182,0.006069632712751627,777
base_model.model.model.layers.26.mlp.down_proj.lora_B.weight,"(2560, 16)",0.0013738267805437174,0.5020751953125,0.670296847820282,0.6823561787605286,0.0,0.0,0.0025948293041437864,0.0026930184103548527,777
base_model.model.model.layers.26.mlp.gate_proj.lora_A.weight,"(16, 2560)",0.8607240154532284,0.12973633408546448,2.547438621520996,2.6985056400299072,0.0,0.0,0.01067877747118473,0.011236308142542839,777
base_model.model.model.layers.26.mlp.gate_proj.lora_B.weight,"(9728, 16)",-0.0018021295297965126,0.5005396604537964,1.8245705366134644,1.5254080295562744,0.0,0.0,0.0035375996958464384,0.0030511743389070034,777
base_model.model.model.layers.26.mlp.up_proj.lora_A.weight,"(16, 2560)",0.8902885203342348,0.11015625298023224,2.4781851768493652,2.643866777420044,0.0,0.0,0.010443043895065784,0.011073783040046692,777
base_model.model.model.layers.26.mlp.up_proj.lora_B.weight,"(9728, 16)",0.0019748089977635426,0.5007195472717285,1.4984045028686523,1.3948168754577637,0.0,0.0,0.002906532259657979,0.0028034658171236515,777
base_model.model.model.layers.26.self_attn.k_proj.lora_A.weight,"(16, 2560)",0.8779534416415586,0.1185302734375,2.4550716876983643,2.5123283863067627,0.0,0.0,0.010324768722057343,0.010509137995541096,777
base_model.model.model.layers.26.self_attn.k_proj.lora_B.weight,"(1024, 16)",0.01508312220087184,0.4906005859375,0.36230817437171936,0.45190146565437317,0.0,0.0,0.0021565579809248447,0.0027950378134846687,777
base_model.model.model.layers.26.self_attn.o_proj.lora_A.weight,"(16, 4096)",0.8599741361707263,0.12957763671875,2.44004487991333,2.6949965953826904,0.0,0.0,0.008130723610520363,0.00885503925383091,777
base_model.model.model.layers.26.self_attn.o_proj.lora_B.weight,"(2560, 16)",0.0058769683040741354,0.4983886778354645,0.47974130511283875,0.757168173789978,0.0,0.0,0.0018761850660666823,0.002989684697240591,777
base_model.model.model.layers.26.self_attn.q_proj.lora_A.weight,"(16, 2560)",0.8919553622027581,0.11110839992761612,2.4340672492980957,2.53385329246521,0.0,0.0,0.010279163718223572,0.010617305524647236,777
base_model.model.model.layers.26.self_attn.q_proj.lora_B.weight,"(4096, 16)",0.006409854887932567,0.49658203125,0.6841962337493896,0.9410944581031799,0.0,0.0,0.002015527570620179,0.002922223648056388,777
base_model.model.model.layers.26.self_attn.v_proj.lora_A.weight,"(16, 2560)",0.9059633802949111,0.10434570163488388,2.3903985023498535,2.507620334625244,0.0,0.0,0.010111266747117043,0.010499767027795315,777
base_model.model.model.layers.26.self_attn.v_proj.lora_B.weight,"(1024, 16)",0.020793140130421228,0.48931884765625,0.2835671603679657,0.3801564872264862,0.0,0.0,0.001768341870047152,0.0023607953917235136,777
base_model.model.model.layers.27.mlp.down_proj.lora_A.weight,"(16, 9728)",0.687962308631365,0.21292275190353394,2.778268575668335,2.9392149448394775,0.0,0.0,0.005827033426612616,0.0061376807279884815,777
base_model.model.model.layers.27.mlp.down_proj.lora_B.weight,"(2560, 16)",0.00571580194628249,0.49833983182907104,0.567853569984436,0.7240738868713379,0.0,0.0,0.0022273152135312557,0.002857640851289034,777
base_model.model.model.layers.27.mlp.gate_proj.lora_A.weight,"(16, 2560)",0.8466665894479849,0.13876953721046448,2.539356231689453,2.739804267883301,0.0,0.0,0.010640060529112816,0.011383548378944397,777
base_model.model.model.layers.27.mlp.gate_proj.lora_B.weight,"(9728, 16)",-0.0011768059052519593,0.5005011558532715,1.8026719093322754,1.576174259185791,0.0,0.0,0.003510064212605357,0.003153483849018812,777
base_model.model.model.layers.27.mlp.up_proj.lora_A.weight,"(16, 2560)",0.8871487770647427,0.1141357421875,2.486112356185913,2.650850534439087,0.0,0.0,0.010469124652445316,0.011112311854958534,777
base_model.model.model.layers.27.mlp.up_proj.lora_B.weight,"(9728, 16)",0.0026202440931102095,0.5004432797431946,1.5014560222625732,1.3776038885116577,0.0,0.0,0.0029231379739940166,0.0027640806511044502,777
base_model.model.model.layers.27.self_attn.k_proj.lora_A.weight,"(16, 2560)",0.8261824652710782,0.14909668266773224,2.616248369216919,2.503199338912964,0.0,0.0,0.010823645628988743,0.010479750111699104,777
base_model.model.model.layers.27.self_attn.k_proj.lora_B.weight,"(1024, 16)",0.03614450245556645,0.48675537109375,0.4217471778392792,0.45717376470565796,0.0,0.0,0.0023945921566337347,0.0028201283421367407,777
base_model.model.model.layers.27.self_attn.o_proj.lora_A.weight,"(16, 4096)",0.8503118654997981,0.1320648193359375,2.50231671333313,2.66062593460083,0.0,0.0,0.008290291763842106,0.008743583224713802,777
base_model.model.model.layers.27.self_attn.o_proj.lora_B.weight,"(2560, 16)",0.008339693887582312,0.4969238340854645,0.6371105313301086,0.7151734232902527,0.0,0.0,0.002467882353812456,0.002819253597408533,777
base_model.model.model.layers.27.self_attn.q_proj.lora_A.weight,"(16, 2560)",0.8851841636345154,0.11796875298023224,2.4683897495269775,2.517859935760498,0.0,0.0,0.010393421165645123,0.010545240715146065,777
base_model.model.model.layers.27.self_attn.q_proj.lora_B.weight,"(4096, 16)",0.010833609612741645,0.49578857421875,0.8187808394432068,0.9151881337165833,0.0,0.0,0.002310624811798334,0.0028462111949920654,777
base_model.model.model.layers.27.self_attn.v_proj.lora_A.weight,"(16, 2560)",0.8758929203986099,0.11867675930261612,2.485713243484497,2.4992098808288574,0.0,0.0,0.010412750765681267,0.010507493279874325,777
base_model.model.model.layers.27.self_attn.v_proj.lora_B.weight,"(1024, 16)",0.007897103008845115,0.4837646484375,0.36004915833473206,0.37254825234413147,0.0,0.0,0.002132188528776169,0.0023048510774970055,777
base_model.model.model.layers.28.mlp.down_proj.lora_A.weight,"(16, 9728)",0.6733150796294697,0.21787624061107635,2.8555748462677,2.923330783843994,0.0,0.0,0.005955572705715895,0.0061048236675560474,777
base_model.model.model.layers.28.mlp.down_proj.lora_B.weight,"(2560, 16)",0.004944998576551728,0.49907225370407104,0.6197829246520996,0.7102394700050354,0.0,0.0,0.0024171718396246433,0.002805029507726431,777
base_model.model.model.layers.28.mlp.gate_proj.lora_A.weight,"(16, 2560)",0.8353741857390968,0.1466064453125,2.567427396774292,2.7664599418640137,0.0,0.0,0.010711835697293282,0.01147022657096386,777
base_model.model.model.layers.28.mlp.gate_proj.lora_B.weight,"(9728, 16)",0.0017037363958861212,0.4982074797153473,1.8912019729614258,1.604814887046814,0.0,0.0,0.003682028269395232,0.0032256681006401777,777
base_model.model.model.layers.28.mlp.up_proj.lora_A.weight,"(16, 2560)",0.8882378794392761,0.11289062350988388,2.4776830673217773,2.6912460327148438,0.0,0.0,0.010450351983308792,0.011283736675977707,777
base_model.model.model.layers.28.mlp.up_proj.lora_B.weight,"(9728, 16)",-0.0017787932599204507,0.49937036633491516,1.4848495721817017,1.453737497329712,0.0,0.0,0.0028814661782234907,0.002929520793259144,777
base_model.model.model.layers.28.self_attn.k_proj.lora_A.weight,"(16, 2560)",0.8752244633083069,0.1231689453125,2.4545066356658936,2.519432544708252,0.0,0.0,0.010309361852705479,0.010532665997743607,777
base_model.model.model.layers.28.self_attn.k_proj.lora_B.weight,"(1024, 16)",-0.009745916227735754,0.50250244140625,0.40354838967323303,0.4282485246658325,0.0,0.0,0.0023781047202646732,0.0026578661054372787,777
base_model.model.model.layers.28.self_attn.o_proj.lora_A.weight,"(16, 4096)",0.8594263882358204,0.1280059814453125,2.482998847961426,2.640406847000122,0.0,0.0,0.008234350942075253,0.00868275947868824,777
base_model.model.model.layers.28.self_attn.o_proj.lora_B.weight,"(2560, 16)",-0.0035549953250958682,0.4973388612270355,0.6234771609306335,0.7118539214134216,0.0,0.0,0.002405409002676606,0.0028023929335176945,777
base_model.model.model.layers.28.self_attn.q_proj.lora_A.weight,"(16, 2560)",0.9003106129196392,0.10856933891773224,2.443676233291626,2.473965644836426,0.0,0.0,0.010294388048350811,0.010416644625365734,777
base_model.model.model.layers.28.self_attn.q_proj.lora_B.weight,"(4096, 16)",-0.012406415797169704,0.50384521484375,0.7465883493423462,0.8698055744171143,0.0,0.0,0.0021778906229883432,0.0026818281039595604,777
base_model.model.model.layers.28.self_attn.v_proj.lora_A.weight,"(16, 2560)",0.8906805541326983,0.11201171576976776,2.454273223876953,2.5014865398406982,0.0,0.0,0.010331163182854652,0.010495485737919807,777
base_model.model.model.layers.28.self_attn.v_proj.lora_B.weight,"(1024, 16)",0.028921493026838038,0.47955322265625,0.3192106783390045,0.3692725598812103,0.0,0.0,0.001970991026610136,0.002279528882354498,777
base_model.model.model.layers.29.mlp.down_proj.lora_A.weight,"(16, 9728)",0.6754014599214364,0.21688039600849152,2.8410048484802246,2.9073469638824463,0.0,0.0,0.005928002763539553,0.006076083518564701,777
base_model.model.model.layers.29.mlp.down_proj.lora_B.weight,"(2560, 16)",0.006038799358954678,0.4957519471645355,0.5622521638870239,0.7061025500297546,0.0,0.0,0.0022107181139290333,0.0027893981896340847,777
base_model.model.model.layers.29.mlp.gate_proj.lora_A.weight,"(16, 2560)",0.8158467280848043,0.15244141221046448,2.6205921173095703,2.8047196865081787,0.0,0.0,0.010896789841353893,0.011633986607193947,777
base_model.model.model.layers.29.mlp.gate_proj.lora_B.weight,"(9728, 16)",0.0032542930051313993,0.4997687041759491,1.9560843706130981,1.6437008380889893,0.0,0.0,0.0038115198258310556,0.0033017105888575315,777
base_model.model.model.layers.29.mlp.up_proj.lora_A.weight,"(16, 2560)",0.8722018148818297,0.12443847954273224,2.5083770751953125,2.719823122024536,0.0,0.0,0.010538872331380844,0.011335344985127449,777
base_model.model.model.layers.29.mlp.up_proj.lora_B.weight,"(9728, 16)",-0.0019918439592568585,0.5010536313056946,1.5137548446655273,1.4711178541183472,0.0,0.0,0.0029267414938658476,0.0029614772647619247,777
base_model.model.model.layers.29.self_attn.k_proj.lora_A.weight,"(16, 2560)",0.9042965800431,0.10678710788488388,2.401430606842041,2.485039710998535,0.0,0.0,0.010152740404009819,0.01043243519961834,777
base_model.model.model.layers.29.self_attn.k_proj.lora_B.weight,"(1024, 16)",0.015672376249063327,0.48651123046875,0.3194052577018738,0.41912591457366943,0.0,0.0,0.0019119158387184143,0.0025927857495844364,777
base_model.model.model.layers.29.self_attn.o_proj.lora_A.weight,"(16, 4096)",0.8572817725268486,0.133392333984375,2.430248260498047,2.7149057388305664,0.0,0.0,0.00810655951499939,0.008887529373168945,777
base_model.model.model.layers.29.self_attn.o_proj.lora_B.weight,"(2560, 16)",-0.0021718521983485582,0.5015869140625,0.44520750641822815,0.7688493728637695,0.0,0.0,0.001762200496159494,0.0030452029313892126,777
base_model.model.model.layers.29.self_attn.q_proj.lora_A.weight,"(16, 2560)",0.8899813582917365,0.11357422173023224,2.4378833770751953,2.5167922973632812,0.0,0.0,0.010280514135956764,0.010545390658080578,777
base_model.model.model.layers.29.self_attn.q_proj.lora_B.weight,"(4096, 16)",-0.011148627997079575,0.5034942626953125,0.694756031036377,0.935938835144043,0.0,0.0,0.0020531192421913147,0.002896790625527501,777
base_model.model.model.layers.29.self_attn.v_proj.lora_A.weight,"(16, 2560)",0.8861965824070187,0.10727538913488388,2.4503235816955566,2.48712158203125,0.0,0.0,0.010191363282501698,0.01043393462896347,777
base_model.model.model.layers.29.self_attn.v_proj.lora_B.weight,"(1024, 16)",0.021707072030393213,0.48748779296875,0.3216399550437927,0.3774559199810028,0.0,0.0,0.0020182880107313395,0.0023204656317830086,777
base_model.model.model.layers.3.mlp.down_proj.lora_A.weight,"(16, 9728)",0.7664506077751745,0.1771240234375,2.463005304336548,2.905086040496826,0.0,0.0,0.005302832927554846,0.006058776285499334,777
base_model.model.model.layers.3.mlp.down_proj.lora_B.weight,"(2560, 16)",-0.0009338815678986508,0.501147449016571,0.3675088882446289,0.6687696576118469,0.0,0.0,0.0014479011297225952,0.002636329736560583,777
base_model.model.model.layers.3.mlp.gate_proj.lora_A.weight,"(16, 2560)",0.8814939403875527,0.1239013671875,2.3606760501861572,2.6526284217834473,0.0,0.0,0.010025116614997387,0.010980810970067978,777
base_model.model.model.layers.3.mlp.gate_proj.lora_B.weight,"(9728, 16)",0.00810333179608154,0.4976549744606018,0.8777674436569214,1.7563133239746094,0.0,0.0,0.0016100992215797305,0.0030325038824230433,777
base_model.model.model.layers.3.mlp.up_proj.lora_A.weight,"(16, 2560)",0.9173762196339915,0.09921874850988388,2.3526790142059326,2.5265541076660156,0.0,0.0,0.009994661435484886,0.010568225756287575,777
base_model.model.model.layers.3.mlp.up_proj.lora_B.weight,"(9728, 16)",-0.026954734004208454,0.5175588726997375,0.8703025579452515,1.2333542108535767,0.0,0.0,0.001519849058240652,0.002243926515802741,777
base_model.model.model.layers.3.self_attn.k_proj.lora_A.weight,"(16, 2560)",0.899200426109288,0.11201171576976776,2.4271881580352783,2.4756405353546143,0.0,0.0,0.010230210609734058,0.0103903291746974,777
base_model.model.model.layers.3.self_attn.k_proj.lora_B.weight,"(1024, 16)",-0.007966539054180726,0.5054931640625,0.29990726709365845,0.3530704975128174,0.0,0.0,0.0018469170900061727,0.0021579491440206766,777
base_model.model.model.layers.3.self_attn.o_proj.lora_A.weight,"(16, 4096)",0.8862472091067738,0.1168670654296875,2.417188882827759,2.5585556030273438,0.0,0.0,0.008062448352575302,0.008450455963611603,777
base_model.model.model.layers.3.self_attn.o_proj.lora_B.weight,"(2560, 16)",-0.0002820482951728266,0.4999023377895355,0.41787728667259216,0.5667204856872559,0.0,0.0,0.001636254251934588,0.002221321687102318,777
base_model.model.model.layers.3.self_attn.q_proj.lora_A.weight,"(16, 2560)",0.9063436724816472,0.10671386867761612,2.4007081985473633,2.4867703914642334,0.0,0.0,0.010142321698367596,0.010427680797874928,777
base_model.model.model.layers.3.self_attn.q_proj.lora_B.weight,"(4096, 16)",0.009520587886368502,0.4949951171875,0.6122008562088013,0.748461127281189,0.0,0.0,0.0018196932505816221,0.0022892397828400135,777
base_model.model.model.layers.3.self_attn.v_proj.lora_A.weight,"(16, 2560)",0.9179234354214619,0.09812011569738388,2.3749585151672363,2.447031021118164,0.0,0.0,0.010049873031675816,0.010285018011927605,777
base_model.model.model.layers.3.self_attn.v_proj.lora_B.weight,"(1024, 16)",0.05276906938986762,0.48248291015625,0.27271801233291626,0.30763036012649536,0.0,0.0,0.0016818344593048096,0.0019146979320794344,777
base_model.model.model.layers.30.mlp.down_proj.lora_A.weight,"(16, 9728)",0.6496331789457397,0.23026958107948303,2.9683752059936523,2.890418529510498,0.0,0.0,0.0061501082964241505,0.00604492612183094,777
base_model.model.model.layers.30.mlp.down_proj.lora_B.weight,"(2560, 16)",-0.0012410951060407654,0.4989013671875,0.6435840725898743,0.6885838508605957,0.0,0.0,0.00249280733987689,0.0027133182156831026,777
base_model.model.model.layers.30.mlp.gate_proj.lora_A.weight,"(16, 2560)",0.8236662817281436,0.15126952528953552,2.5838749408721924,2.7963993549346924,0.0,0.0,0.010787837207317352,0.011591695249080658,777
base_model.model.model.layers.30.mlp.gate_proj.lora_B.weight,"(9728, 16)",0.004460836632660983,0.49850302934646606,1.9167767763137817,1.6263688802719116,0.0,0.0,0.003733387216925621,0.0032814107835292816,777
base_model.model.model.layers.30.mlp.up_proj.lora_A.weight,"(16, 2560)",0.8782559335783978,0.118896484375,2.4855434894561768,2.7199747562408447,0.0,0.0,0.010478436946868896,0.011351150460541248,777
base_model.model.model.layers.30.mlp.up_proj.lora_B.weight,"(9728, 16)",-0.00412257675731377,0.5022358298301697,1.6012355089187622,1.4894355535507202,0.0,0.0,0.0031156607437878847,0.003002425655722618,777
base_model.model.model.layers.30.self_attn.k_proj.lora_A.weight,"(16, 2560)",0.8885615521214484,0.11479492485523224,2.4580206871032715,2.4837474822998047,0.0,0.0,0.010333750396966934,0.010427865199744701,777
base_model.model.model.layers.30.self_attn.k_proj.lora_B.weight,"(1024, 16)",0.013472421390177647,0.49078369140625,0.33478692173957825,0.4198024272918701,0.0,0.0,0.001989341340959072,0.002589479787275195,777
base_model.model.model.layers.30.self_attn.o_proj.lora_A.weight,"(16, 4096)",0.8543297102727959,0.1328887939453125,2.47660231590271,2.6459598541259766,0.0,0.0,0.008208835497498512,0.00869570579379797,777
base_model.model.model.layers.30.self_attn.o_proj.lora_B.weight,"(2560, 16)",0.00430024577306414,0.49797362089157104,0.527523934841156,0.6931836009025574,0.0,0.0,0.0020674641709774733,0.0027196030132472515,777
base_model.model.model.layers.30.self_attn.q_proj.lora_A.weight,"(16, 2560)",0.8907958981852733,0.11452636867761612,2.4631805419921875,2.4921517372131348,0.0,0.0,0.010352108627557755,0.010466798208653927,777
base_model.model.model.layers.30.self_attn.q_proj.lora_B.weight,"(4096, 16)",0.0038496968963116153,0.495025634765625,0.766137421131134,0.8797572255134583,0.0,0.0,0.0022381525486707687,0.0027183976490050554,777
base_model.model.model.layers.30.self_attn.v_proj.lora_A.weight,"(16, 2560)",0.8956825125647827,0.10734863579273224,2.4488182067871094,2.4951961040496826,0.0,0.0,0.010311335325241089,0.010482661426067352,777
base_model.model.model.layers.30.self_attn.v_proj.lora_B.weight,"(1024, 16)",0.023925618996510266,0.48638916015625,0.33199775218963623,0.38832810521125793,0.0,0.0,0.002021404216066003,0.0023920622188597918,777
base_model.model.model.layers.31.mlp.down_proj.lora_A.weight,"(16, 9728)",0.628221581907215,0.23714406788349152,3.0315234661102295,2.9394936561584473,0.0,0.0,0.006265601143240929,0.006141842808574438,777
base_model.model.model.layers.31.mlp.down_proj.lora_B.weight,"(2560, 16)",0.009697036123639587,0.4957031309604645,0.6555123329162598,0.7360954284667969,0.0,0.0,0.0025559242349117994,0.0028960539493709803,777
base_model.model.model.layers.31.mlp.gate_proj.lora_A.weight,"(16, 2560)",0.8303395544862088,0.14584961533546448,2.5500950813293457,2.81768536567688,0.0,0.0,0.010675707831978798,0.011663065291941166,777
base_model.model.model.layers.31.mlp.gate_proj.lora_B.weight,"(9728, 16)",0.00010008209656504759,0.5011178851127625,1.8607277870178223,1.631311297416687,0.0,0.0,0.00363355060108006,0.0032961454708129168,777
base_model.model.model.layers.31.mlp.up_proj.lora_A.weight,"(16, 2560)",0.8681825222408852,0.12578125298023224,2.47959041595459,2.7711021900177,0.0,0.0,0.010448871180415154,0.011506348848342896,777
base_model.model.model.layers.31.mlp.up_proj.lora_B.weight,"(9728, 16)",0.00034413385313877284,0.49796977639198303,1.4518506526947021,1.514814019203186,0.0,0.0,0.0028346965555101633,0.003056766465306282,777
base_model.model.model.layers.31.self_attn.k_proj.lora_A.weight,"(16, 2560)",0.8839923236444049,0.11972656100988388,2.452979803085327,2.5008320808410645,0.0,0.0,0.010312176309525967,0.01047166995704174,777
base_model.model.model.layers.31.self_attn.k_proj.lora_B.weight,"(1024, 16)",-0.015997483187460748,0.5030517578125,0.3444051742553711,0.4513716995716095,0.0,0.0,0.0020228263456374407,0.0028018788434565067,777
base_model.model.model.layers.31.self_attn.o_proj.lora_A.weight,"(16, 4096)",0.8366530513739132,0.14013671875,2.521655797958374,2.7047512531280518,0.0,0.0,0.008327644318342209,0.008862284943461418,777
base_model.model.model.layers.31.self_attn.o_proj.lora_B.weight,"(2560, 16)",-0.000685336614096455,0.501171886920929,0.6789287328720093,0.7664766311645508,0.0,0.0,0.002625824185088277,0.003029541578143835,777
base_model.model.model.layers.31.self_attn.q_proj.lora_A.weight,"(16, 2560)",0.8828603688428436,0.11921386420726776,2.4672114849090576,2.504249334335327,0.0,0.0,0.010363194160163403,0.010497434064745903,777
base_model.model.model.layers.31.self_attn.q_proj.lora_B.weight,"(4096, 16)",0.006480791465520549,0.49627685546875,0.8030032515525818,0.9364524483680725,0.0,0.0,0.0023201608564704657,0.0029086696449667215,777
base_model.model.model.layers.31.self_attn.v_proj.lora_A.weight,"(16, 2560)",0.865667429560261,0.1248779296875,2.49468731880188,2.5526609420776367,0.0,0.0,0.01044016145169735,0.010668948292732239,777
base_model.model.model.layers.31.self_attn.v_proj.lora_B.weight,"(1024, 16)",0.011886632991529823,0.4920654296875,0.38792479038238525,0.4079122841358185,0.0,0.0,0.002353048650547862,0.0025120165664702654,777
base_model.model.model.layers.32.mlp.down_proj.lora_A.weight,"(16, 9728)",0.6384145166306873,0.23346911370754242,2.9622244834899902,2.971792459487915,0.0,0.0,0.006135562434792519,0.00618702219799161,777
base_model.model.model.layers.32.mlp.down_proj.lora_B.weight,"(2560, 16)",-0.009642597175607075,0.5019286870956421,0.6962146759033203,0.7795772552490234,0.0,0.0,0.0027198740281164646,0.0030763992108404636,777
base_model.model.model.layers.32.mlp.gate_proj.lora_A.weight,"(16, 2560)",0.8011135444390161,0.16062012314796448,2.6183040142059326,2.8878467082977295,0.0,0.0,0.010926993563771248,0.011918546631932259,777
base_model.model.model.layers.32.mlp.gate_proj.lora_B.weight,"(9728, 16)",0.004829175197626971,0.4996851980686188,1.9431120157241821,1.6630446910858154,0.0,0.0,0.0037677327636629343,0.0033552180975675583,777
base_model.model.model.layers.32.mlp.up_proj.lora_A.weight,"(16, 2560)",0.868862754234596,0.126220703125,2.4923338890075684,2.713196039199829,0.0,0.0,0.01046852208673954,0.0112993773072958,777
base_model.model.model.layers.32.mlp.up_proj.lora_B.weight,"(9728, 16)",-0.00010640303561254707,0.5009315609931946,1.5759943723678589,1.5068089962005615,0.0,0.0,0.0030505387112498283,0.0030333204194903374,777
base_model.model.model.layers.32.self_attn.k_proj.lora_A.weight,"(16, 2560)",0.8813437905567304,0.11921386420726776,2.4459986686706543,2.4913952350616455,0.0,0.0,0.010272420942783356,0.010435955598950386,777
base_model.model.model.layers.32.self_attn.k_proj.lora_B.weight,"(1024, 16)",0.028836717086133952,0.48468017578125,0.39668217301368713,0.43123123049736023,0.0,0.0,0.0022875466383993626,0.002659127116203308,777
base_model.model.model.layers.32.self_attn.o_proj.lora_A.weight,"(16, 4096)",0.8375190852410592,0.138763427734375,2.542388439178467,2.6628072261810303,0.0,0.0,0.008387746289372444,0.008753488771617413,777
base_model.model.model.layers.32.self_attn.o_proj.lora_B.weight,"(2560, 16)",0.0043542861462390475,0.4947265684604645,0.6896817684173584,0.7440675497055054,0.0,0.0,0.0026699260342866182,0.0029282825998961926,777
base_model.model.model.layers.32.self_attn.q_proj.lora_A.weight,"(16, 2560)",0.8917721565418186,0.1119384765625,2.4604203701019287,2.483275890350342,0.0,0.0,0.010351519100368023,0.010444740764796734,777
base_model.model.model.layers.32.self_attn.q_proj.lora_B.weight,"(4096, 16)",-0.0039191737065764525,0.4969024658203125,0.7952711582183838,0.8804560303688049,0.0,0.0,0.0023318552412092686,0.002639608457684517,777
base_model.model.model.layers.32.self_attn.v_proj.lora_A.weight,"(16, 2560)",0.8610820306971032,0.12761230766773224,2.5197596549987793,2.5095231533050537,0.0,0.0,0.010526708327233791,0.010516968555748463,777
base_model.model.model.layers.32.self_attn.v_proj.lora_B.weight,"(1024, 16)",0.019692342999469457,0.48516845703125,0.3860276937484741,0.3900553584098816,0.0,0.0,0.002324635162949562,0.00240315985865891,777
base_model.model.model.layers.33.mlp.down_proj.lora_A.weight,"(16, 9728)",0.6524026339006725,0.2220458984375,2.9664745330810547,2.8535289764404297,0.0,0.0,0.006131211295723915,0.005976998712867498,777
base_model.model.model.layers.33.mlp.down_proj.lora_B.weight,"(2560, 16)",0.01242870074810345,0.49519044160842896,0.683769941329956,0.6672465205192566,0.0,0.0,0.002669069916009903,0.002631317125633359,777
base_model.model.model.layers.33.mlp.gate_proj.lora_A.weight,"(16, 2560)",0.8087417756683226,0.15986327826976776,2.6068115234375,2.822835922241211,0.0,0.0,0.010857770219445229,0.011665303260087967,777
base_model.model.model.layers.33.mlp.gate_proj.lora_B.weight,"(9728, 16)",0.000602411915192879,0.49916478991508484,1.9061099290847778,1.615681529045105,0.0,0.0,0.0036107152700424194,0.003255337942391634,777
base_model.model.model.layers.33.mlp.up_proj.lora_A.weight,"(16, 2560)",0.8563776838850415,0.13332518935203552,2.4948575496673584,2.7328150272369385,0.0,0.0,0.010472923517227173,0.011350074782967567,777
base_model.model.model.layers.33.mlp.up_proj.lora_B.weight,"(9728, 16)",0.0010261024789373161,0.49928686022758484,1.6255784034729004,1.544750452041626,0.0,0.0,0.0030883075669407845,0.0031048161908984184,777
base_model.model.model.layers.33.self_attn.k_proj.lora_A.weight,"(16, 2560)",0.8680054775236001,0.12556152045726776,2.5053153038024902,2.4887542724609375,0.0,0.0,0.010477018542587757,0.010448907501995564,777
base_model.model.model.layers.33.self_attn.k_proj.lora_B.weight,"(1024, 16)",-0.0031177060092993265,0.502197265625,0.3894585072994232,0.43970686197280884,0.0,0.0,0.002247702796012163,0.002731071086600423,777
base_model.model.model.layers.33.self_attn.o_proj.lora_A.weight,"(16, 4096)",0.8342777128288824,0.1384124755859375,2.5265886783599854,2.686722993850708,0.0,0.0,0.008346536196768284,0.008817508816719055,777
base_model.model.model.layers.33.self_attn.o_proj.lora_B.weight,"(2560, 16)",0.00623540272137988,0.4964599609375,0.7608047723770142,0.7589877843856812,0.0,0.0,0.0029267515055835247,0.0029850746504962444,777
base_model.model.model.layers.33.self_attn.q_proj.lora_A.weight,"(16, 2560)",0.8763265209243397,0.12260742485523224,2.4667065143585205,2.5166053771972656,0.0,0.0,0.010344890877604485,0.01052857469767332,777
base_model.model.model.layers.33.self_attn.q_proj.lora_B.weight,"(4096, 16)",-0.008142774587148332,0.5031280517578125,0.7472666501998901,0.9271690845489502,0.0,0.0,0.002137583214789629,0.002861405024304986,777
base_model.model.model.layers.33.self_attn.v_proj.lora_A.weight,"(16, 2560)",0.8409554553479198,0.13618163764476776,2.591557264328003,2.512589454650879,0.0,0.0,0.010745099745690823,0.010536927729845047,777
base_model.model.model.layers.33.self_attn.v_proj.lora_B.weight,"(1024, 16)",-0.003263665078442086,0.49462890625,0.3990992307662964,0.419513463973999,0.0,0.0,0.0023804516531527042,0.002588139846920967,777
base_model.model.model.layers.34.mlp.down_proj.lora_A.weight,"(16, 9728)",0.6568568594740686,0.21727873384952545,2.9650988578796387,2.8293352127075195,0.0,0.0,0.006114919204264879,0.005925638135522604,777
base_model.model.model.layers.34.mlp.down_proj.lora_B.weight,"(2560, 16)",-0.004079471071967336,0.5001465082168579,0.6084854602813721,0.6717103719711304,0.0,0.0,0.0023868409916758537,0.0026405230164527893,777
base_model.model.model.layers.34.mlp.gate_proj.lora_A.weight,"(16, 2560)",0.8076432710076717,0.15690918266773224,2.6620640754699707,2.7208027839660645,0.0,0.0,0.010980452410876751,0.011295581236481667,777
base_model.model.model.layers.34.mlp.gate_proj.lora_B.weight,"(9728, 16)",0.005748771300206995,0.4960680603981018,2.0185365676879883,1.5927013158798218,0.0,0.0,0.0038414052687585354,0.003206770634278655,777
base_model.model.model.layers.34.mlp.up_proj.lora_A.weight,"(16, 2560)",0.8482314328534621,0.13503417372703552,2.579388380050659,2.6263444423675537,0.0,0.0,0.010752429254353046,0.010952160693705082,777
base_model.model.model.layers.34.mlp.up_proj.lora_B.weight,"(9728, 16)",0.003153266996808494,0.4994153380393982,1.6780710220336914,1.4702907800674438,0.0,0.0,0.003175632329657674,0.002951244590803981,777
base_model.model.model.layers.34.self_attn.k_proj.lora_A.weight,"(16, 2560)",0.8642996978502647,0.128662109375,2.5570220947265625,2.4773075580596924,0.0,0.0,0.010659092105925083,0.010429788380861282,777
base_model.model.model.layers.34.self_attn.k_proj.lora_B.weight,"(1024, 16)",-0.004277523564032278,0.494384765625,0.5151681900024414,0.40865927934646606,0.0,0.0,0.003020921954885125,0.002502863761037588,777
base_model.model.model.layers.34.self_attn.o_proj.lora_A.weight,"(16, 4096)",0.8214668984689821,0.1471099853515625,2.6094326972961426,2.598114490509033,0.0,0.0,0.0085517056286335,0.008575775660574436,777
base_model.model.model.layers.34.self_attn.o_proj.lora_B.weight,"(2560, 16)",0.013893925127578186,0.4927734434604645,0.6987376809120178,0.6987326145172119,0.0,0.0,0.0027007274329662323,0.002749429550021887,777
base_model.model.model.layers.34.self_attn.q_proj.lora_A.weight,"(16, 2560)",0.8982496854980344,0.10759277641773224,2.4479610919952393,2.459782838821411,0.0,0.0,0.010281476192176342,0.010362035594880581,777
base_model.model.model.layers.34.self_attn.q_proj.lora_B.weight,"(4096, 16)",0.0034829695444800733,0.492462158203125,0.9533506631851196,0.8833827376365662,0.0,0.0,0.0027638364117592573,0.002712738234549761,777
base_model.model.model.layers.34.self_attn.v_proj.lora_A.weight,"(16, 2560)",0.8487397723320881,0.13103027641773224,2.543520212173462,2.5180366039276123,0.0,0.0,0.010585257783532143,0.010538195259869099,777
base_model.model.model.layers.34.self_attn.v_proj.lora_B.weight,"(1024, 16)",0.0122601171145277,0.47930908203125,0.4286789894104004,0.402965784072876,0.0,0.0,0.0025950756389647722,0.002490171231329441,777
base_model.model.model.layers.35.mlp.down_proj.lora_A.weight,"(16, 9728)",0.518158163548711,0.19492702186107635,3.5804033279418945,3.361419439315796,0.0,0.0,0.005892694462090731,0.005934527143836021,777
base_model.model.model.layers.35.mlp.down_proj.lora_B.weight,"(2560, 16)",0.021317674923023663,0.48881834745407104,0.42822426557540894,0.5131393074989319,0.0,0.0,0.001760532846674323,0.002012945245951414,777
base_model.model.model.layers.35.mlp.gate_proj.lora_A.weight,"(16, 2560)",0.8280461577285264,0.14580078423023224,2.603588819503784,2.641004800796509,0.0,0.0,0.010789559222757816,0.011008201166987419,777
base_model.model.model.layers.35.mlp.gate_proj.lora_B.weight,"(9728, 16)",0.00242751069106522,0.49752646684646606,1.581708312034607,1.6871298551559448,0.0,0.0,0.0029787058010697365,0.0033671825658529997,777
base_model.model.model.layers.35.mlp.up_proj.lora_A.weight,"(16, 2560)",0.8746953158357859,0.1195068359375,2.511791944503784,2.5147087574005127,0.0,0.0,0.010487392544746399,0.010563910007476807,777
base_model.model.model.layers.35.mlp.up_proj.lora_B.weight,"(9728, 16)",0.011294045247635793,0.4959202706813812,1.5676404237747192,1.701491355895996,0.0,0.0,0.0024037219118326902,0.002956248354166746,777
base_model.model.model.layers.35.self_attn.k_proj.lora_A.weight,"(16, 2560)",0.8584195734154687,0.13203124701976776,2.5471856594085693,2.475740671157837,0.0,0.0,0.010607028380036354,0.010383455082774162,777
base_model.model.model.layers.35.self_attn.k_proj.lora_B.weight,"(1024, 16)",-0.012023475320581588,0.49761962890625,0.5215678215026855,0.4266398251056671,0.0,0.0,0.003189323004335165,0.0026555261574685574,777
base_model.model.model.layers.35.self_attn.o_proj.lora_A.weight,"(16, 4096)",0.7927814088067876,0.1636505126953125,2.7531988620758057,2.5604441165924072,0.0,0.0,0.008925643749535084,0.008472699671983719,777
base_model.model.model.layers.35.self_attn.o_proj.lora_B.weight,"(2560, 16)",0.0115293313647463,0.4931396543979645,0.7895684242248535,0.6938575506210327,0.0,0.0,0.003030328080058098,0.00273680267855525,777
base_model.model.model.layers.35.self_attn.q_proj.lora_A.weight,"(16, 2560)",0.8628084960784658,0.12629394233226776,2.561244249343872,2.4920706748962402,0.0,0.0,0.010698090307414532,0.010474937036633492,777
base_model.model.model.layers.35.self_attn.q_proj.lora_B.weight,"(4096, 16)",0.0057553642500816305,0.49755859375,1.1073952913284302,0.8921188116073608,0.0,0.0,0.003269590437412262,0.002749217674136162,777
base_model.model.model.layers.35.self_attn.v_proj.lora_A.weight,"(16, 2560)",0.8123396426312876,0.15380859375,2.7408463954925537,2.450352668762207,0.0,0.0,0.01123752910643816,0.010308374650776386,777
base_model.model.model.layers.35.self_attn.v_proj.lora_B.weight,"(1024, 16)",0.012708843630724002,0.4949951171875,0.48528459668159485,0.36948609352111816,0.0,0.0,0.002864769659936428,0.002298526931554079,777
base_model.model.model.layers.4.mlp.down_proj.lora_A.weight,"(16, 9728)",0.7609691873332658,0.18376721441745758,2.473362922668457,2.9291818141937256,0.0,0.0,0.005321186501532793,0.006110731046646833,777
base_model.model.model.layers.4.mlp.down_proj.lora_B.weight,"(2560, 16)",0.0007624953710643784,0.500683605670929,0.3798173666000366,0.641461193561554,0.0,0.0,0.0014930886682122946,0.0025261950213462114,777
base_model.model.model.layers.4.mlp.gate_proj.lora_A.weight,"(16, 2560)",0.873961154076829,0.12236328423023224,2.3714563846588135,2.6877737045288086,0.0,0.0,0.010059994645416737,0.011129165068268776,777
base_model.model.model.layers.4.mlp.gate_proj.lora_B.weight,"(9728, 16)",0.0036614995196402344,0.49917763471603394,0.8737067580223083,1.6918774843215942,0.0,0.0,0.0017152640502899885,0.0031124339438974857,777
base_model.model.model.layers.4.mlp.up_proj.lora_A.weight,"(16, 2560)",0.9210695086533762,0.09421386569738388,2.36983585357666,2.557615280151367,0.0,0.0,0.01007287111133337,0.010731834918260574,777
base_model.model.model.layers.4.mlp.up_proj.lora_B.weight,"(9728, 16)",0.006326694415513672,0.49871504306793213,0.7575863599777222,1.1469460725784302,0.0,0.0,0.0015010196948423982,0.002279293956235051,777
base_model.model.model.layers.4.self_attn.k_proj.lora_A.weight,"(16, 2560)",0.9058791707239273,0.10566405951976776,2.3734025955200195,2.5231640338897705,0.0,0.0,0.010060991160571575,0.01057257317006588,777
base_model.model.model.layers.4.self_attn.k_proj.lora_B.weight,"(1024, 16)",0.009374846463840878,0.49151611328125,0.2801112234592438,0.4190249741077423,0.0,0.0,0.0017239871667698026,0.0026016635820269585,777
base_model.model.model.layers.4.self_attn.o_proj.lora_A.weight,"(16, 4096)",0.8916481252467064,0.1151275634765625,2.4030656814575195,2.5707781314849854,0.0,0.0,0.008035030215978622,0.008482307195663452,777
base_model.model.model.layers.4.self_attn.o_proj.lora_B.weight,"(2560, 16)",0.0084952379079429,0.5008544921875,0.38808903098106384,0.5890201330184937,0.0,0.0,0.0015227942494675517,0.0023138970136642456,777
base_model.model.model.layers.4.self_attn.q_proj.lora_A.weight,"(16, 2560)",0.8998744537939936,0.11113281548023224,2.3947677612304688,2.5632927417755127,0.0,0.0,0.010141069069504738,0.010714398697018623,777
base_model.model.model.layers.4.self_attn.q_proj.lora_B.weight,"(4096, 16)",-0.0035144477071711775,0.4998779296875,0.6243530511856079,0.8629078269004822,0.0,0.0,0.0018741943640634418,0.0026521552354097366,777
base_model.model.model.layers.4.self_attn.v_proj.lora_A.weight,"(16, 2560)",0.9270409128587686,0.09113769233226776,2.370870351791382,2.459785223007202,0.0,0.0,0.01005055196583271,0.010347162373363972,777
base_model.model.model.layers.4.self_attn.v_proj.lora_B.weight,"(1024, 16)",0.01338791414415133,0.488037109375,0.24074715375900269,0.31737855076789856,0.0,0.0,0.0014806723920628428,0.0019693647045642138,777
base_model.model.model.layers.5.mlp.down_proj.lora_A.weight,"(16, 9728)",0.7665444728205223,0.1791735142469406,2.4799556732177734,2.9257290363311768,0.0,0.0,0.0053413971327245235,0.006114048417657614,777
base_model.model.model.layers.5.mlp.down_proj.lora_B.weight,"(2560, 16)",0.00026886629786783693,0.49724119901657104,0.374369740486145,0.6656933426856995,0.0,0.0,0.0014719463651999831,0.0026214190293103456,777
base_model.model.model.layers.5.mlp.gate_proj.lora_A.weight,"(16, 2560)",0.8817026544447817,0.11691894382238388,2.368187189102173,2.7448723316192627,0.0,0.0,0.010083730332553387,0.011387069709599018,777
base_model.model.model.layers.5.mlp.gate_proj.lora_B.weight,"(9728, 16)",-0.0003367711841295464,0.5004818439483643,0.8235647082328796,1.5421497821807861,0.0,0.0,0.0016185510903596878,0.003078112378716469,777
base_model.model.model.layers.5.mlp.up_proj.lora_A.weight,"(16, 2560)",0.9321638190329853,0.08393554389476776,2.376985788345337,2.5938868522644043,0.0,0.0,0.010127918794751167,0.010933171957731247,777
base_model.model.model.layers.5.mlp.up_proj.lora_B.weight,"(9728, 16)",0.008754830988396464,0.49507221579551697,0.7396842241287231,1.1605781316757202,0.0,0.0,0.0014865003759041429,0.002320861676707864,777
base_model.model.model.layers.5.self_attn.k_proj.lora_A.weight,"(16, 2560)",0.9012996359075571,0.10732422024011612,2.425731897354126,2.4917056560516357,0.0,0.0,0.01025649905204773,0.010478277690708637,777
base_model.model.model.layers.5.self_attn.k_proj.lora_B.weight,"(1024, 16)",0.007388099896325121,0.4949951171875,0.31310319900512695,0.3751119077205658,0.0,0.0,0.0019001137698069215,0.002289504511281848,777
base_model.model.model.layers.5.self_attn.o_proj.lora_A.weight,"(16, 4096)",0.8939535147585427,0.1111907958984375,2.4131150245666504,2.56360125541687,0.0,0.0,0.008067408576607704,0.008473031222820282,777
base_model.model.model.layers.5.self_attn.o_proj.lora_B.weight,"(2560, 16)",0.008945834528011495,0.4989257752895355,0.3941885530948639,0.5735129117965698,0.0,0.0,0.001546821091324091,0.002259808126837015,777
base_model.model.model.layers.5.self_attn.q_proj.lora_A.weight,"(16, 2560)",0.911395398615586,0.099609375,2.3943560123443604,2.5111639499664307,0.0,0.0,0.010140401311218739,0.010558141395449638,777
base_model.model.model.layers.5.self_attn.q_proj.lora_B.weight,"(4096, 16)",0.00016092662359689806,0.497528076171875,0.5194789171218872,0.7647640109062195,0.0,0.0,0.001549844047985971,0.002319827675819397,777
base_model.model.model.layers.5.self_attn.v_proj.lora_A.weight,"(16, 2560)",0.9225361707801619,0.09501953423023224,2.4019882678985596,2.4535915851593018,0.0,0.0,0.010162996128201485,0.010334007441997528,777
base_model.model.model.layers.5.self_attn.v_proj.lora_B.weight,"(1024, 16)",0.08051830030880547,0.46893310546875,0.2747417390346527,0.32319432497024536,0.0,0.0,0.0016974221216514707,0.002011185511946678,777
base_model.model.model.layers.6.mlp.down_proj.lora_A.weight,"(16, 9728)",0.015515258233921211,0.22869551181793213,11.260396003723145,9.985430717468262,0.0,0.0,0.01090259663760662,0.010739954188466072,777
base_model.model.model.layers.6.mlp.down_proj.lora_B.weight,"(2560, 16)",0.04725386717509689,0.4742675721645355,0.3970101475715637,0.5017942786216736,0.0,0.0,0.0015563452616333961,0.0019744320306926966,777
base_model.model.model.layers.6.mlp.gate_proj.lora_A.weight,"(16, 2560)",0.8905329883699424,0.11264648288488388,2.3647961616516113,2.7517895698547363,0.0,0.0,0.010063543915748596,0.011428180150687695,777
base_model.model.model.layers.6.mlp.gate_proj.lora_B.weight,"(9728, 16)",0.004446837305227994,0.5003469586372375,0.8792284727096558,1.4858081340789795,0.0,0.0,0.00174704659730196,0.002977070864289999,777
base_model.model.model.layers.6.mlp.up_proj.lora_A.weight,"(16, 2560)",0.9279260787742915,0.08903808891773224,2.3641109466552734,2.610945463180542,0.0,0.0,0.010062038898468018,0.01096478383988142,777
base_model.model.model.layers.6.mlp.up_proj.lora_B.weight,"(9728, 16)",0.010734755048267113,0.4968390166759491,0.7253989577293396,1.165547490119934,0.0,0.0,0.0014537889510393143,0.0023224782198667526,777
base_model.model.model.layers.6.self_attn.k_proj.lora_A.weight,"(16, 2560)",0.9039831726962813,0.1048583984375,2.4088809490203857,2.4952006340026855,0.0,0.0,0.010177148506045341,0.01045871339738369,777
base_model.model.model.layers.6.self_attn.k_proj.lora_B.weight,"(1024, 16)",0.00810628719606996,0.49969482421875,0.2738577425479889,0.38891080021858215,0.0,0.0,0.0016735609387978911,0.0023772239219397306,777
base_model.model.model.layers.6.self_attn.o_proj.lora_A.weight,"(16, 4096)",0.8932697630221752,0.110595703125,2.4023821353912354,2.5928354263305664,0.0,0.0,0.008044796995818615,0.008565220981836319,777
base_model.model.model.layers.6.self_attn.o_proj.lora_B.weight,"(2560, 16)",0.0035940396784927948,0.5005859136581421,0.3907134532928467,0.6081546545028687,0.0,0.0,0.0015333248302340508,0.0023761363700032234,777
base_model.model.model.layers.6.self_attn.q_proj.lora_A.weight,"(16, 2560)",0.9026042433270567,0.10642089694738388,2.401623487472534,2.503634214401245,0.0,0.0,0.010138074867427349,0.0104897515848279,777
base_model.model.model.layers.6.self_attn.q_proj.lora_B.weight,"(4096, 16)",0.010829037905681576,0.49603271484375,0.58211749792099,0.814780056476593,0.0,0.0,0.001727589638903737,0.0025119101628661156,777
base_model.model.model.layers.6.self_attn.v_proj.lora_A.weight,"(16, 2560)",0.9215283264824373,0.09658203274011612,2.3961780071258545,2.4696860313415527,0.0,0.0,0.010127550922334194,0.0103809405118227,777
base_model.model.model.layers.6.self_attn.v_proj.lora_B.weight,"(1024, 16)",0.023189157515208128,0.4918212890625,0.24510931968688965,0.32019680738449097,0.0,0.0,0.0015104138292372227,0.0019905350636690855,777
base_model.model.model.layers.7.mlp.down_proj.lora_A.weight,"(16, 9728)",0.7646543449915024,0.18082468211650848,2.5125386714935303,2.866884469985962,0.0,0.0,0.00539102777838707,0.005999469663947821,777
base_model.model.model.layers.7.mlp.down_proj.lora_B.weight,"(2560, 16)",0.0010303433978388619,0.4993896484375,0.38018226623535156,0.6041595935821533,0.0,0.0,0.0014984533190727234,0.0023622524458914995,777
base_model.model.model.layers.7.mlp.gate_proj.lora_A.weight,"(16, 2560)",0.8896223925872943,0.11582031100988388,2.3754961490631104,2.756985902786255,0.0,0.0,0.01007477380335331,0.011456633917987347,777
base_model.model.model.layers.7.mlp.gate_proj.lora_B.weight,"(9728, 16)",-0.00338225009070547,0.5009315609931946,0.940690279006958,1.4606764316558838,0.0,0.0,0.0018449887866154313,0.002909434260800481,777
base_model.model.model.layers.7.mlp.up_proj.lora_A.weight,"(16, 2560)",0.9402233099750235,0.08095703274011612,2.375424385070801,2.538908004760742,0.0,0.0,0.01009869109839201,0.010714875534176826,777
base_model.model.model.layers.7.mlp.up_proj.lora_B.weight,"(9728, 16)",-0.004242364037278422,0.5007067322731018,0.7271769642829895,1.079154133796692,0.0,0.0,0.0014619342982769012,0.002156656002625823,777
base_model.model.model.layers.7.self_attn.k_proj.lora_A.weight,"(16, 2560)",0.8913322184448499,0.11484374850988388,2.44718337059021,2.4812979698181152,0.0,0.0,0.010284635238349438,0.01042875088751316,777
base_model.model.model.layers.7.self_attn.k_proj.lora_B.weight,"(1024, 16)",0.028188878417079122,0.486083984375,0.30045443773269653,0.38318896293640137,0.0,0.0,0.0018223252845928073,0.002346924738958478,777
base_model.model.model.layers.7.self_attn.o_proj.lora_A.weight,"(16, 4096)",0.8965116470336301,0.1084442138671875,2.4205472469329834,2.550930976867676,0.0,0.0,0.00809491891413927,0.008438210934400558,777
base_model.model.model.layers.7.self_attn.o_proj.lora_B.weight,"(2560, 16)",-0.002408629206838577,0.49809569120407104,0.4261419177055359,0.5826241970062256,0.0,0.0,0.0016567480051890016,0.0022876828443259,777
base_model.model.model.layers.7.self_attn.q_proj.lora_A.weight,"(16, 2560)",0.9052054566354995,0.10495605319738388,2.4164416790008545,2.4784634113311768,0.0,0.0,0.010213302448391914,0.010407603345811367,777
base_model.model.model.layers.7.self_attn.q_proj.lora_B.weight,"(4096, 16)",-0.0027479176180787946,0.498931884765625,0.5712350606918335,0.7945522665977478,0.0,0.0,0.0017196134431287646,0.002426089718937874,777
base_model.model.model.layers.7.self_attn.v_proj.lora_A.weight,"(16, 2560)",0.9114382532617124,0.09897460788488388,2.4187142848968506,2.4676260948181152,0.0,0.0,0.010230481624603271,0.01039903238415718,777
base_model.model.model.layers.7.self_attn.v_proj.lora_B.weight,"(1024, 16)",0.012564212196327706,0.49334716796875,0.25610601902008057,0.31501051783561707,0.0,0.0,0.0015796903753653169,0.0019438366871327162,777
base_model.model.model.layers.8.mlp.down_proj.lora_A.weight,"(16, 9728)",0.7586856577497497,0.1844739466905594,2.514591693878174,2.901979446411133,0.0,0.0,0.005391762591898441,0.006066127214580774,777
base_model.model.model.layers.8.mlp.down_proj.lora_B.weight,"(2560, 16)",0.006057629724419912,0.49853515625,0.35235121846199036,0.6325410008430481,0.0,0.0,0.0013813117984682322,0.0024869404733181,777
base_model.model.model.layers.8.mlp.gate_proj.lora_A.weight,"(16, 2560)",0.908993452416471,0.10649414360523224,2.3738205432891846,2.730093240737915,0.0,0.0,0.01010911911725998,0.011400910094380379,777
base_model.model.model.layers.8.mlp.gate_proj.lora_B.weight,"(9728, 16)",-0.00453591952993908,0.5006167888641357,0.8507109880447388,1.418428659439087,0.0,0.0,0.0016664062859490514,0.002818815177306533,777
base_model.model.model.layers.8.mlp.up_proj.lora_A.weight,"(16, 2560)",0.9332482189628037,0.08615722507238388,2.368117570877075,2.5974063873291016,0.0,0.0,0.010091607458889484,0.010937917046248913,777
base_model.model.model.layers.8.mlp.up_proj.lora_B.weight,"(9728, 16)",0.0032752961385631,0.49929970502853394,0.7524117231369019,1.2518699169158936,0.0,0.0,0.0015067076310515404,0.002506449120119214,777
base_model.model.model.layers.8.self_attn.k_proj.lora_A.weight,"(16, 2560)",0.9096408200368641,0.1014404296875,2.3971028327941895,2.4767038822174072,0.0,0.0,0.010136821307241917,0.01040450856089592,777
base_model.model.model.layers.8.self_attn.k_proj.lora_B.weight,"(1024, 16)",-0.013533976111767484,0.49554443359375,0.2427918165922165,0.3651895523071289,0.0,0.0,0.0014900782844051719,0.0022390088997781277,777
base_model.model.model.layers.8.self_attn.o_proj.lora_A.weight,"(16, 4096)",0.8969079255460866,0.110565185546875,2.385019302368164,2.5551576614379883,0.0,0.0,0.00798806268721819,0.008438440039753914,777
base_model.model.model.layers.8.self_attn.o_proj.lora_B.weight,"(2560, 16)",0.005853386599338868,0.4979492127895355,0.338824599981308,0.581497848033905,0.0,0.0,0.0013337223790585995,0.002292777644470334,777
base_model.model.model.layers.8.self_attn.q_proj.lora_A.weight,"(16, 2560)",0.9144220959687244,0.09707031399011612,2.395846128463745,2.502384901046753,0.0,0.0,0.010159650817513466,0.010516292415559292,777
base_model.model.model.layers.8.self_attn.q_proj.lora_B.weight,"(4096, 16)",-0.013790427909331838,0.506256103515625,0.5439162254333496,0.8059554100036621,0.0,0.0,0.001632611732929945,0.0024891430512070656,777
base_model.model.model.layers.8.self_attn.v_proj.lora_A.weight,"(16, 2560)",0.9192331904453026,0.09555663913488388,2.3775553703308105,2.4741737842559814,0.0,0.0,0.010088625364005566,0.010410829447209835,777
base_model.model.model.layers.8.self_attn.v_proj.lora_B.weight,"(1024, 16)",0.007237820184024909,0.49688720703125,0.22594872117042542,0.3009640574455261,0.0,0.0,0.0013995706103742123,0.001857819501310587,777
base_model.model.model.layers.9.mlp.down_proj.lora_A.weight,"(16, 9728)",0.7777390781722419,0.17596113681793213,2.470547914505005,2.8555376529693604,0.0,0.0,0.00531824491918087,0.0059875682927668095,777
base_model.model.model.layers.9.mlp.down_proj.lora_B.weight,"(2560, 16)",-0.004663889072013826,0.5039306879043579,0.35040774941444397,0.6105440855026245,0.0,0.0,0.0013822457985952497,0.002404322847723961,777
base_model.model.model.layers.9.mlp.gate_proj.lora_A.weight,"(16, 2560)",0.8936191378922966,0.11245117336511612,2.377352714538574,2.721888780593872,0.0,0.0,0.010108043439686298,0.011328265070915222,777
base_model.model.model.layers.9.mlp.gate_proj.lora_B.weight,"(9728, 16)",-0.0018159546954512544,0.5029489398002625,0.8955144882202148,1.4901498556137085,0.0,0.0,0.0017503981944173574,0.002963399048894644,777
base_model.model.model.layers.9.mlp.up_proj.lora_A.weight,"(16, 2560)",0.9327796816281133,0.08647461235523224,2.3565750122070312,2.5571231842041016,0.0,0.0,0.010028423741459846,0.01076372992247343,777
base_model.model.model.layers.9.mlp.up_proj.lora_B.weight,"(9728, 16)",-0.0008279354125999551,0.5001091957092285,0.7669614553451538,1.2120189666748047,0.0,0.0,0.0015438973205164075,0.002436206443235278,777
base_model.model.model.layers.9.self_attn.k_proj.lora_A.weight,"(16, 2560)",0.8970914673778522,0.10856933891773224,2.4459621906280518,2.4675731658935547,0.0,0.0,0.01031003799289465,0.010385632514953613,777
base_model.model.model.layers.9.self_attn.k_proj.lora_B.weight,"(1024, 16)",-0.03530003003182565,0.51007080078125,0.30807289481163025,0.3769584894180298,0.0,0.0,0.001890468643978238,0.0023259695153683424,777
base_model.model.model.layers.9.self_attn.o_proj.lora_A.weight,"(16, 4096)",0.8956370000381226,0.1077728271484375,2.40972638130188,2.5174508094787598,0.0,0.0,0.008050454780459404,0.00833996944129467,777
base_model.model.model.layers.9.self_attn.o_proj.lora_B.weight,"(2560, 16)",-0.0014526768396965527,0.4957519471645355,0.38314980268478394,0.5617303848266602,0.0,0.0,0.0014859840739518404,0.002200464950874448,777
base_model.model.model.layers.9.self_attn.q_proj.lora_A.weight,"(16, 2560)",0.9110930605485741,0.10334472358226776,2.3793931007385254,2.485682725906372,0.0,0.0,0.010060569271445274,0.01041318941861391,777
base_model.model.model.layers.9.self_attn.q_proj.lora_B.weight,"(4096, 16)",-0.001053945422357018,0.5011138916015625,0.6420791745185852,0.7933555245399475,0.0,0.0,0.0018763134721666574,0.0024441578425467014,777
base_model.model.model.layers.9.self_attn.v_proj.lora_A.weight,"(16, 2560)",0.907036334264713,0.10683593899011612,2.385833740234375,2.484415292739868,0.0,0.0,0.010111840441823006,0.010423528961837292,777
base_model.model.model.layers.9.self_attn.v_proj.lora_B.weight,"(1024, 16)",0.04153408939198032,0.48358154296875,0.2407756745815277,0.32217541337013245,0.0,0.0,0.00147964246571064,0.0020007917191833258,777
