key,shape,cosine,conflict_frac,a_l2,b_l2,a_zero_frac,b_zero_frac,a_abs_mean,b_abs_mean
base_model.model.model.layers.0.mlp.down_proj.lora_A.weight,"(16, 9728)",0.7464408134999132,0.18816816806793213,2.5347588062286377,2.9114818572998047,0.0,0.0,0.005422052461653948,0.006079401820898056
base_model.model.model.layers.0.mlp.down_proj.lora_B.weight,"(2560, 16)",-0.003986520184828019,0.5008789300918579,0.41432300209999084,0.6175988912582397,0.0,0.0,0.0016343332827091217,0.0023997563403099775
base_model.model.model.layers.0.mlp.gate_proj.lora_A.weight,"(16, 2560)",0.9148729342404245,0.09521484375,2.3451688289642334,2.661834955215454,0.0,0.0,0.009981043636798859,0.011086736805737019
base_model.model.model.layers.0.mlp.gate_proj.lora_B.weight,"(9728, 16)",8.004196503654193e-05,0.4994731843471527,0.7524095773696899,1.3195098638534546,0.0,0.0,0.001511546317487955,0.0025953883305191994
base_model.model.model.layers.0.mlp.up_proj.lora_A.weight,"(16, 2560)",0.9382022107974248,0.07888183742761612,2.3570830821990967,2.591960906982422,0.0,0.0,0.010045227594673634,0.01090254820883274
base_model.model.model.layers.0.mlp.up_proj.lora_B.weight,"(9728, 16)",0.00465177319525586,0.4990362823009491,0.7585815787315369,1.2690554857254028,0.0,0.0,0.0015209268312901258,0.002490558195859194
base_model.model.model.layers.0.self_attn.k_proj.lora_A.weight,"(16, 2560)",0.915829856720656,0.09858398139476776,2.42850661277771,2.450082540512085,0.0,0.0,0.010259771719574928,0.010351487435400486
base_model.model.model.layers.0.self_attn.k_proj.lora_B.weight,"(1024, 16)",-0.010727549756201127,0.50628662109375,0.3622229993343353,0.36795809864997864,0.0,0.0,0.0022076130844652653,0.0022262493148446083
base_model.model.model.layers.0.self_attn.o_proj.lora_A.weight,"(16, 4096)",0.9141960861471818,0.0957183837890625,2.3919405937194824,2.4681713581085205,0.0,0.0,0.00800757110118866,0.008214954286813736
base_model.model.model.layers.0.self_attn.o_proj.lora_B.weight,"(2560, 16)",0.005541091869345311,0.4971679747104645,0.409332811832428,0.5386192202568054,0.0,0.0,0.0016147404676303267,0.0020708884112536907
base_model.model.model.layers.0.self_attn.q_proj.lora_A.weight,"(16, 2560)",0.9394377547982344,0.0794677734375,2.388511896133423,2.4427490234375,0.0,0.0,0.010156163945794106,0.010346656665205956
base_model.model.model.layers.0.self_attn.q_proj.lora_B.weight,"(4096, 16)",0.002766233524196653,0.502410888671875,0.6633296608924866,0.7660084366798401,0.0,0.0,0.0019614649936556816,0.00230451044626534
base_model.model.model.layers.0.self_attn.v_proj.lora_A.weight,"(16, 2560)",0.924315651109001,0.0902099609375,2.3938026428222656,2.461799144744873,0.0,0.0,0.010155022144317627,0.010384131222963333
base_model.model.model.layers.0.self_attn.v_proj.lora_B.weight,"(1024, 16)",0.00163555492336328,0.49261474609375,0.2835318446159363,0.35670047998428345,0.0,0.0,0.001775293960236013,0.002145268488675356
base_model.model.model.layers.1.mlp.down_proj.lora_A.weight,"(16, 9728)",0.47009273600934853,0.1296129673719406,2.952458143234253,3.9958655834198,0.0,0.0,0.005516705568879843,0.0062268697656691074
base_model.model.model.layers.1.mlp.down_proj.lora_B.weight,"(2560, 16)",0.020277907981080277,0.4952148497104645,0.3658483028411865,0.5601248741149902,0.0,0.0,0.0014512889320030808,0.002072900766506791
base_model.model.model.layers.1.mlp.gate_proj.lora_A.weight,"(16, 2560)",0.8995948909228486,0.10812988132238388,2.412137269973755,2.560786485671997,0.0,0.0,0.010213060304522514,0.010688325390219688
base_model.model.model.layers.1.mlp.gate_proj.lora_B.weight,"(9728, 16)",0.09468420744036564,0.41742265224456787,1.108922004699707,1.4649181365966797,0.0,0.0,0.001739639788866043,0.002176925539970398
base_model.model.model.layers.1.mlp.up_proj.lora_A.weight,"(16, 2560)",0.9247697705492347,0.09196777641773224,2.3748388290405273,2.4844233989715576,0.0,0.0,0.010076809674501419,0.01045846939086914
base_model.model.model.layers.1.mlp.up_proj.lora_B.weight,"(9728, 16)",0.15006631181127797,0.3707982003688812,1.037185549736023,1.0731455087661743,0.0,0.0,0.0016897646710276604,0.0020493764895945787
base_model.model.model.layers.1.self_attn.k_proj.lora_A.weight,"(16, 2560)",0.9214000497709954,0.09519042819738388,2.4411890506744385,2.391634464263916,0.0,0.0,0.010276762768626213,0.010136144235730171
base_model.model.model.layers.1.self_attn.k_proj.lora_B.weight,"(1024, 16)",-0.011266664443408183,0.50439453125,0.3408607244491577,0.31846117973327637,0.0,0.0,0.0020983307622373104,0.001856641611084342
base_model.model.model.layers.1.self_attn.o_proj.lora_A.weight,"(16, 4096)",0.9174289129378755,0.095184326171875,2.3840136528015137,2.480764150619507,0.0,0.0,0.007989948615431786,0.00824093259871006
base_model.model.model.layers.1.self_attn.o_proj.lora_B.weight,"(2560, 16)",0.027052141272757464,0.4913574159145355,0.40439844131469727,0.5099549889564514,0.0,0.0,0.0016012785490602255,0.0019919355399906635
base_model.model.model.layers.1.self_attn.q_proj.lora_A.weight,"(16, 2560)",0.9333191411933571,0.08474121242761612,2.3919382095336914,2.4366226196289062,0.0,0.0,0.010149290785193443,0.010290391743183136
base_model.model.model.layers.1.self_attn.q_proj.lora_B.weight,"(4096, 16)",0.011094755821266166,0.495025634765625,0.6298116445541382,0.7336166501045227,0.0,0.0,0.001917385496199131,0.0021818652749061584
base_model.model.model.layers.1.self_attn.v_proj.lora_A.weight,"(16, 2560)",0.9409479308864097,0.08037109673023224,2.3840858936309814,2.3940722942352295,0.0,0.0,0.010089457035064697,0.010131248272955418
base_model.model.model.layers.1.self_attn.v_proj.lora_B.weight,"(1024, 16)",0.03380992709629031,0.4862060546875,0.26601773500442505,0.2971752882003784,0.0,0.0,0.0016565013211220503,0.001782086445018649
base_model.model.model.layers.10.mlp.down_proj.lora_A.weight,"(16, 9728)",0.7706041766193815,0.1771368682384491,2.4901905059814453,2.8743155002593994,0.0,0.0,0.005350796971470118,0.006022154353559017
base_model.model.model.layers.10.mlp.down_proj.lora_B.weight,"(2560, 16)",0.010323344381005604,0.49506837129592896,0.36485302448272705,0.5925551652908325,0.0,0.0,0.0014318840112537146,0.0023291066754609346
base_model.model.model.layers.10.mlp.gate_proj.lora_A.weight,"(16, 2560)",0.8763026552694801,0.12456054985523224,2.382331609725952,2.7796425819396973,0.0,0.0,0.010129119269549847,0.011519966647028923
base_model.model.model.layers.10.mlp.gate_proj.lora_B.weight,"(9728, 16)",-0.0009840317681542533,0.4994153380393982,0.9295015931129456,1.5234758853912354,0.0,0.0,0.0018204846419394016,0.003049128456041217
base_model.model.model.layers.10.mlp.up_proj.lora_A.weight,"(16, 2560)",0.9247832809837258,0.0908203125,2.37151837348938,2.597839832305908,0.0,0.0,0.010092360898852348,0.010916844010353088
base_model.model.model.layers.10.mlp.up_proj.lora_B.weight,"(9728, 16)",0.003982967839928415,0.49825888872146606,0.7510831952095032,1.2475595474243164,0.0,0.0,0.0015055709518492222,0.0025149404536932707
base_model.model.model.layers.10.self_attn.k_proj.lora_A.weight,"(16, 2560)",0.9060627168055199,0.1080322265625,2.3979265689849854,2.471165180206299,0.0,0.0,0.010124599561095238,0.01037355326116085
base_model.model.model.layers.10.self_attn.k_proj.lora_B.weight,"(1024, 16)",0.015118202107681488,0.49810791015625,0.27156609296798706,0.3905973434448242,0.0,0.0,0.0016444758512079716,0.002420746721327305
base_model.model.model.layers.10.self_attn.o_proj.lora_A.weight,"(16, 4096)",0.8960819620203019,0.109832763671875,2.3836007118225098,2.5501773357391357,0.0,0.0,0.007974537089467049,0.008417081087827682
base_model.model.model.layers.10.self_attn.o_proj.lora_B.weight,"(2560, 16)",-0.00043493046337450975,0.49992674589157104,0.3706924617290497,0.5777435302734375,0.0,0.0,0.0014474533963948488,0.0022807996720075607
base_model.model.model.layers.10.self_attn.q_proj.lora_A.weight,"(16, 2560)",0.9192526408150202,0.09663085639476776,2.382739782333374,2.468027114868164,0.0,0.0,0.010094346478581429,0.010380574502050877
base_model.model.model.layers.10.self_attn.q_proj.lora_B.weight,"(4096, 16)",0.004916121278005749,0.4967498779296875,0.5170283317565918,0.8283064961433411,0.0,0.0,0.0015553680714219809,0.002558301668614149
base_model.model.model.layers.10.self_attn.v_proj.lora_A.weight,"(16, 2560)",0.918984775390738,0.0982666015625,2.386993885040283,2.4865145683288574,0.0,0.0,0.010123370215296745,0.010446911677718163
base_model.model.model.layers.10.self_attn.v_proj.lora_B.weight,"(1024, 16)",0.0017777110744875498,0.49853515625,0.2324834018945694,0.32354840636253357,0.0,0.0,0.001445988891646266,0.0020126663148403168
base_model.model.model.layers.11.mlp.down_proj.lora_A.weight,"(16, 9728)",0.7641468939775967,0.18194258213043213,2.49100661277771,2.918367385864258,0.0,0.0,0.0053551155142486095,0.006096796132624149
base_model.model.model.layers.11.mlp.down_proj.lora_B.weight,"(2560, 16)",0.004029196747103669,0.4964599609375,0.37346893548965454,0.6168605089187622,0.0,0.0,0.0014608517521992326,0.0024134765844792128
base_model.model.model.layers.11.mlp.gate_proj.lora_A.weight,"(16, 2560)",0.8804180783685056,0.12092284858226776,2.3753581047058105,2.809091567993164,0.0,0.0,0.0101009551435709,0.011657064780592918
base_model.model.model.layers.11.mlp.gate_proj.lora_B.weight,"(9728, 16)",0.002670904559074997,0.49741724133491516,0.8583235740661621,1.4957672357559204,0.0,0.0,0.0016891434788703918,0.0029819675255566835
base_model.model.model.layers.11.mlp.up_proj.lora_A.weight,"(16, 2560)",0.9244310359386159,0.09174804389476776,2.3660900592803955,2.594308376312256,0.0,0.0,0.010065270587801933,0.010894665494561195
base_model.model.model.layers.11.mlp.up_proj.lora_B.weight,"(9728, 16)",-0.0006917143416648486,0.5015997886657715,0.78709876537323,1.2106727361679077,0.0,0.0,0.001570340828038752,0.0024251798167824745
base_model.model.model.layers.11.self_attn.k_proj.lora_A.weight,"(16, 2560)",0.91275564598234,0.10014648735523224,2.3943216800689697,2.488189935684204,0.0,0.0,0.010173792019486427,0.010463688522577286
base_model.model.model.layers.11.self_attn.k_proj.lora_B.weight,"(1024, 16)",0.00030322195067261827,0.4996337890625,0.2880263924598694,0.4010057747364044,0.0,0.0,0.0017663059988990426,0.0024682702496647835
base_model.model.model.layers.11.self_attn.o_proj.lora_A.weight,"(16, 4096)",0.879618512476882,0.118499755859375,2.407958745956421,2.599321126937866,0.0,0.0,0.00805087573826313,0.008553750813007355
base_model.model.model.layers.11.self_attn.o_proj.lora_B.weight,"(2560, 16)",-0.0012714473705039125,0.5029541254043579,0.41466808319091797,0.6083880066871643,0.0,0.0,0.001603935263119638,0.0023918631486594677
base_model.model.model.layers.11.self_attn.q_proj.lora_A.weight,"(16, 2560)",0.9179773845336056,0.0963134765625,2.399336338043213,2.4716708660125732,0.0,0.0,0.01015151385217905,0.010403257794678211
base_model.model.model.layers.11.self_attn.q_proj.lora_B.weight,"(4096, 16)",0.024640095669148897,0.4922943115234375,0.5798143744468689,0.8029652833938599,0.0,0.0,0.0017619372811168432,0.002471462357789278
base_model.model.model.layers.11.self_attn.v_proj.lora_A.weight,"(16, 2560)",0.9046759157098035,0.10786132514476776,2.374725341796875,2.533296823501587,0.0,0.0,0.010066966526210308,0.010590948164463043
base_model.model.model.layers.11.self_attn.v_proj.lora_B.weight,"(1024, 16)",0.004276505095790329,0.49737548828125,0.25298237800598145,0.3636011481285095,0.0,0.0,0.0015616435557603836,0.002262976486235857
base_model.model.model.layers.12.mlp.down_proj.lora_A.weight,"(16, 9728)",0.7636655212033233,0.18212248384952545,2.482668399810791,2.9263885021209717,0.0,0.0,0.00534411147236824,0.00611223466694355
base_model.model.model.layers.12.mlp.down_proj.lora_B.weight,"(2560, 16)",0.005694029626220263,0.49763184785842896,0.36379238963127136,0.6109413504600525,0.0,0.0,0.0014356698375195265,0.002393303904682398
base_model.model.model.layers.12.mlp.gate_proj.lora_A.weight,"(16, 2560)",0.888782807011196,0.11640624701976776,2.378736734390259,2.7922801971435547,0.0,0.0,0.010117711499333382,0.011615348048508167
base_model.model.model.layers.12.mlp.gate_proj.lora_B.weight,"(9728, 16)",0.001339211166736531,0.4991711974143982,0.903416633605957,1.5160112380981445,0.0,0.0,0.0017669303342700005,0.003003289457410574
base_model.model.model.layers.12.mlp.up_proj.lora_A.weight,"(16, 2560)",0.9242230681958411,0.0943603515625,2.3696906566619873,2.6237027645111084,0.0,0.0,0.010083155706524849,0.011016659438610077
base_model.model.model.layers.12.mlp.up_proj.lora_B.weight,"(9728, 16)",0.003408372480630618,0.4988628327846527,0.7549829483032227,1.2809948921203613,0.0,0.0,0.0015107729705050588,0.002565262373536825
base_model.model.model.layers.12.self_attn.k_proj.lora_A.weight,"(16, 2560)",0.9097331152740576,0.10407714545726776,2.381758451461792,2.479893922805786,0.0,0.0,0.010084968991577625,0.01040060818195343
base_model.model.model.layers.12.self_attn.k_proj.lora_B.weight,"(1024, 16)",0.03391747144940741,0.48858642578125,0.22500477731227875,0.3956253230571747,0.0,0.0,0.0013653601054102182,0.0024608089588582516
base_model.model.model.layers.12.self_attn.o_proj.lora_A.weight,"(16, 4096)",0.9003181074291666,0.10760498046875,2.386091709136963,2.581528902053833,0.0,0.0,0.008011870086193085,0.008522754535079002
base_model.model.model.layers.12.self_attn.o_proj.lora_B.weight,"(2560, 16)",-0.000178967823342476,0.49812012910842896,0.3650986850261688,0.6038485765457153,0.0,0.0,0.00143184675835073,0.002371471840888262
base_model.model.model.layers.12.self_attn.q_proj.lora_A.weight,"(16, 2560)",0.9278152687389495,0.09033203125,2.368013620376587,2.4708328247070312,0.0,0.0,0.010058782994747162,0.010409940965473652
base_model.model.model.layers.12.self_attn.q_proj.lora_B.weight,"(4096, 16)",-0.013157858532244503,0.5042572021484375,0.5015187859535217,0.8044736981391907,0.0,0.0,0.0014952002093195915,0.0024669338017702103
base_model.model.model.layers.12.self_attn.v_proj.lora_A.weight,"(16, 2560)",0.9332363354499428,0.08708496391773224,2.3620071411132812,2.4513096809387207,0.0,0.0,0.010033300146460533,0.01032201573252678
base_model.model.model.layers.12.self_attn.v_proj.lora_B.weight,"(1024, 16)",-0.0040499947960810885,0.501708984375,0.2293054461479187,0.35444965958595276,0.0,0.0,0.0014173865783959627,0.0022057746537029743
base_model.model.model.layers.13.mlp.down_proj.lora_A.weight,"(16, 9728)",0.7699619590852884,0.1768798828125,2.486802577972412,2.900029420852661,0.0,0.0,0.005353804677724838,0.006071973592042923
base_model.model.model.layers.13.mlp.down_proj.lora_B.weight,"(2560, 16)",0.005590202203328658,0.5005859136581421,0.3612480163574219,0.5983037948608398,0.0,0.0,0.0014199379365891218,0.002346199471503496
base_model.model.model.layers.13.mlp.gate_proj.lora_A.weight,"(16, 2560)",0.8874732774551053,0.11691894382238388,2.3912575244903564,2.7791037559509277,0.0,0.0,0.010161545127630234,0.011533468030393124
base_model.model.model.layers.13.mlp.gate_proj.lora_B.weight,"(9728, 16)",-0.0002836985465818593,0.5008288025856018,0.9354774355888367,1.4425952434539795,0.0,0.0,0.00181551871355623,0.002854428719729185
base_model.model.model.layers.13.mlp.up_proj.lora_A.weight,"(16, 2560)",0.9219390592274476,0.097412109375,2.3843531608581543,2.6447298526763916,0.0,0.0,0.010154815390706062,0.011109722778201103
base_model.model.model.layers.13.mlp.up_proj.lora_B.weight,"(9728, 16)",0.007724686129937598,0.49768710136413574,0.8000299334526062,1.248038649559021,0.0,0.0,0.0015859283739700913,0.002496232045814395
base_model.model.model.layers.13.self_attn.k_proj.lora_A.weight,"(16, 2560)",0.9101720728359997,0.10187987983226776,2.3815083503723145,2.4833314418792725,0.0,0.0,0.010074140504002571,0.01039646752178669
base_model.model.model.layers.13.self_attn.k_proj.lora_B.weight,"(1024, 16)",-0.004077148298652706,0.50714111328125,0.2897886037826538,0.3978268802165985,0.0,0.0,0.0017356524476781487,0.0024396332446485758
base_model.model.model.layers.13.self_attn.o_proj.lora_A.weight,"(16, 4096)",0.8867905919992085,0.1166229248046875,2.4026854038238525,2.5998775959014893,0.0,0.0,0.00804042350500822,0.008566787466406822
base_model.model.model.layers.13.self_attn.o_proj.lora_B.weight,"(2560, 16)",0.016454647430106745,0.49345701932907104,0.3642024099826813,0.6408830881118774,0.0,0.0,0.0014247874496504664,0.002515125321224332
base_model.model.model.layers.13.self_attn.q_proj.lora_A.weight,"(16, 2560)",0.9136890593282041,0.09982910007238388,2.383085250854492,2.4898812770843506,0.0,0.0,0.010106345638632774,0.010455683805048466
base_model.model.model.layers.13.self_attn.q_proj.lora_B.weight,"(4096, 16)",-0.0038510480302666595,0.492889404296875,0.5246988534927368,0.8716958165168762,0.0,0.0,0.0015549921663478017,0.0026863000821322203
base_model.model.model.layers.13.self_attn.v_proj.lora_A.weight,"(16, 2560)",0.9102673740290842,0.10065917670726776,2.3813419342041016,2.5016560554504395,0.0,0.0,0.010102041065692902,0.010496584698557854
base_model.model.model.layers.13.self_attn.v_proj.lora_B.weight,"(1024, 16)",0.004226656333153131,0.4921875,0.2588995099067688,0.35782819986343384,0.0,0.0,0.0015753748593851924,0.0022219251841306686
base_model.model.model.layers.14.mlp.down_proj.lora_A.weight,"(16, 9728)",0.764874031304677,0.18086323142051697,2.5111169815063477,2.881572723388672,0.0,0.0,0.005383922252804041,0.006026257295161486
base_model.model.model.layers.14.mlp.down_proj.lora_B.weight,"(2560, 16)",0.015013691123049193,0.4935302734375,0.38145631551742554,0.6239952445030212,0.0,0.0,0.0014840156072750688,0.002458264585584402
base_model.model.model.layers.14.mlp.gate_proj.lora_A.weight,"(16, 2560)",0.8804999406097018,0.12094726413488388,2.410346508026123,2.8013739585876465,0.0,0.0,0.010236171074211597,0.011640588752925396
base_model.model.model.layers.14.mlp.gate_proj.lora_B.weight,"(9728, 16)",0.002855819111548218,0.4984644949436188,0.9449180960655212,1.5038448572158813,0.0,0.0,0.0018132295226678252,0.0030013294890522957
base_model.model.model.layers.14.mlp.up_proj.lora_A.weight,"(16, 2560)",0.9241661966317479,0.09467773139476776,2.364439010620117,2.5789713859558105,0.0,0.0,0.010039390996098518,0.010822484269738197
base_model.model.model.layers.14.mlp.up_proj.lora_B.weight,"(9728, 16)",0.0022905563055321894,0.49957597255706787,0.8025871515274048,1.2316101789474487,0.0,0.0,0.0015899568097665906,0.0024729326833039522
base_model.model.model.layers.14.self_attn.k_proj.lora_A.weight,"(16, 2560)",0.8984174932004654,0.10849609225988388,2.397381544113159,2.517782211303711,0.0,0.0,0.010129081085324287,0.010545658878982067
base_model.model.model.layers.14.self_attn.k_proj.lora_B.weight,"(1024, 16)",0.017840690720104455,0.4898681640625,0.2548608183860779,0.4217298626899719,0.0,0.0,0.0015506009804084897,0.0026216732803732157
base_model.model.model.layers.14.self_attn.o_proj.lora_A.weight,"(16, 4096)",0.8857847558137534,0.116790771484375,2.3985657691955566,2.62294864654541,0.0,0.0,0.008033422753214836,0.008643717505037785
base_model.model.model.layers.14.self_attn.o_proj.lora_B.weight,"(2560, 16)",0.004070943681889799,0.49992674589157104,0.4096352159976959,0.6649362444877625,0.0,0.0,0.001575091271661222,0.0026211035437881947
base_model.model.model.layers.14.self_attn.q_proj.lora_A.weight,"(16, 2560)",0.9088882271982527,0.10263671725988388,2.404155969619751,2.4892187118530273,0.0,0.0,0.010160962119698524,0.010454416275024414
base_model.model.model.layers.14.self_attn.q_proj.lora_B.weight,"(4096, 16)",0.014763535675130257,0.4979248046875,0.5409955978393555,0.8137425184249878,0.0,0.0,0.0016086841933429241,0.002497105160728097
base_model.model.model.layers.14.self_attn.v_proj.lora_A.weight,"(16, 2560)",0.9201479170742758,0.09458007663488388,2.3772363662719727,2.4933090209960938,0.0,0.0,0.010084262117743492,0.010463503189384937
base_model.model.model.layers.14.self_attn.v_proj.lora_B.weight,"(1024, 16)",0.015812909896087433,0.4932861328125,0.2644224464893341,0.3699745237827301,0.0,0.0,0.0016048222314566374,0.002308240160346031
base_model.model.model.layers.15.mlp.down_proj.lora_A.weight,"(16, 9728)",0.7591641582395974,0.18415270745754242,2.5325405597686768,2.861811637878418,0.0,0.0,0.005419133231043816,0.005986847449094057
base_model.model.model.layers.15.mlp.down_proj.lora_B.weight,"(2560, 16)",0.0029184191592096574,0.4980224668979645,0.40631920099258423,0.619085431098938,0.0,0.0,0.0015835913363844156,0.002432418754324317
base_model.model.model.layers.15.mlp.gate_proj.lora_A.weight,"(16, 2560)",0.8923093947606802,0.11301269382238388,2.405283212661743,2.7176966667175293,0.0,0.0,0.010201471857726574,0.011348755098879337
base_model.model.model.layers.15.mlp.gate_proj.lora_B.weight,"(9728, 16)",0.006362556276859433,0.49874716997146606,1.02242910861969,1.4243857860565186,0.0,0.0,0.001961640315130353,0.0028354765381664038
base_model.model.model.layers.15.mlp.up_proj.lora_A.weight,"(16, 2560)",0.9283534822145654,0.08991698920726776,2.3726203441619873,2.5819644927978516,0.0,0.0,0.010085414163768291,0.010865527205169201
base_model.model.model.layers.15.mlp.up_proj.lora_B.weight,"(9728, 16)",0.002720311648238084,0.49974942207336426,0.7977848649024963,1.2768080234527588,0.0,0.0,0.0015748892910778522,0.0025540287606418133
base_model.model.model.layers.15.self_attn.k_proj.lora_A.weight,"(16, 2560)",0.9049789982619939,0.10637207329273224,2.4081509113311768,2.480808734893799,0.0,0.0,0.010173438116908073,0.010422630235552788
base_model.model.model.layers.15.self_attn.k_proj.lora_B.weight,"(1024, 16)",0.04816962787276891,0.48309326171875,0.22603736817836761,0.41402241587638855,0.0,0.0,0.0013686089077964425,0.002542782574892044
base_model.model.model.layers.15.self_attn.o_proj.lora_A.weight,"(16, 4096)",0.896921894173251,0.1091461181640625,2.386612892150879,2.5817015171051025,0.0,0.0,0.008006520569324493,0.008513318374752998
base_model.model.model.layers.15.self_attn.o_proj.lora_B.weight,"(2560, 16)",-0.004974061271545581,0.5022217035293579,0.3702845573425293,0.6505860090255737,0.0,0.0,0.0014237113064154983,0.0025626257993280888
base_model.model.model.layers.15.self_attn.q_proj.lora_A.weight,"(16, 2560)",0.9083716140000981,0.09968261420726776,2.4007110595703125,2.4907472133636475,0.0,0.0,0.010167717933654785,0.010460498742759228
base_model.model.model.layers.15.self_attn.q_proj.lora_B.weight,"(4096, 16)",-0.01291839049279127,0.500030517578125,0.5906822085380554,0.8456079959869385,0.0,0.0,0.001743645640090108,0.002607188653200865
base_model.model.model.layers.15.self_attn.v_proj.lora_A.weight,"(16, 2560)",0.9225190459362715,0.09340820461511612,2.363224506378174,2.4683384895324707,0.0,0.0,0.010028645396232605,0.01036723144352436
base_model.model.model.layers.15.self_attn.v_proj.lora_B.weight,"(1024, 16)",0.018282014556296435,0.48382568359375,0.22892418503761292,0.35667797923088074,0.0,0.0,0.0013785946648567915,0.002215371932834387
base_model.model.model.layers.16.mlp.down_proj.lora_A.weight,"(16, 9728)",0.7730706859762286,0.17612819373607635,2.5041821002960205,2.833148956298828,0.0,0.0,0.005370716564357281,0.005936902016401291
base_model.model.model.layers.16.mlp.down_proj.lora_B.weight,"(2560, 16)",0.014349348826335227,0.49560546875,0.381229430437088,0.6068893074989319,0.0,0.0,0.0014810011489316821,0.002395294839516282
base_model.model.model.layers.16.mlp.gate_proj.lora_A.weight,"(16, 2560)",0.888817772211067,0.11525879055261612,2.390738010406494,2.732588291168213,0.0,0.0,0.01014642883092165,0.011365002952516079
base_model.model.model.layers.16.mlp.gate_proj.lora_B.weight,"(9728, 16)",0.0005712238481722393,0.5011115074157715,0.9342346787452698,1.4299432039260864,0.0,0.0,0.0017975285882130265,0.002842313377186656
base_model.model.model.layers.16.mlp.up_proj.lora_A.weight,"(16, 2560)",0.9246337114018927,0.09294433891773224,2.3777883052825928,2.5779502391815186,0.0,0.0,0.010102292522788048,0.01083320565521717
base_model.model.model.layers.16.mlp.up_proj.lora_B.weight,"(9728, 16)",-0.002467665072677989,0.5003469586372375,0.7986023426055908,1.2743651866912842,0.0,0.0,0.0015801300760358572,0.002565555041655898
base_model.model.model.layers.16.self_attn.k_proj.lora_A.weight,"(16, 2560)",0.9005293556609438,0.1083984375,2.400189161300659,2.503317356109619,0.0,0.0,0.010150042362511158,0.010486304759979248
base_model.model.model.layers.16.self_attn.k_proj.lora_B.weight,"(1024, 16)",0.014779216703219692,0.48583984375,0.2535977065563202,0.42325520515441895,0.0,0.0,0.0015343911945819855,0.002609970746561885
base_model.model.model.layers.16.self_attn.o_proj.lora_A.weight,"(16, 4096)",0.8888226534242736,0.1161346435546875,2.370133638381958,2.606454849243164,0.0,0.0,0.007949106395244598,0.008570118807256222
base_model.model.model.layers.16.self_attn.o_proj.lora_B.weight,"(2560, 16)",0.0014835991012422723,0.4991210997104645,0.35019221901893616,0.6834781169891357,0.0,0.0,0.001372929778881371,0.002691206056624651
base_model.model.model.layers.16.self_attn.q_proj.lora_A.weight,"(16, 2560)",0.9192144001343694,0.09409179538488388,2.371699571609497,2.5113399028778076,0.0,0.0,0.010079014115035534,0.010563893243670464
base_model.model.model.layers.16.self_attn.q_proj.lora_B.weight,"(4096, 16)",0.01812142225674789,0.4937286376953125,0.4316145181655884,0.8422761559486389,0.0,0.0,0.0013013880234211683,0.002583893947303295
base_model.model.model.layers.16.self_attn.v_proj.lora_A.weight,"(16, 2560)",0.919305354237521,0.09345702826976776,2.3822784423828125,2.4899017810821533,0.0,0.0,0.010092921555042267,0.010468238964676857
base_model.model.model.layers.16.self_attn.v_proj.lora_B.weight,"(1024, 16)",-0.006508726328141319,0.4901123046875,0.21145810186862946,0.3660277724266052,0.0,0.0,0.001287606661207974,0.002255608793348074
base_model.model.model.layers.17.mlp.down_proj.lora_A.weight,"(16, 9728)",0.7694453705944735,0.17828047275543213,2.53092622756958,2.8451569080352783,0.0,0.0,0.005412459839135408,0.005966573022305965
base_model.model.model.layers.17.mlp.down_proj.lora_B.weight,"(2560, 16)",-0.002647253375358435,0.49785155057907104,0.3933178186416626,0.6420091986656189,0.0,0.0,0.0015285437693819404,0.002531231613829732
base_model.model.model.layers.17.mlp.gate_proj.lora_A.weight,"(16, 2560)",0.8789717140553364,0.11997070163488388,2.41410493850708,2.7497384548187256,0.0,0.0,0.010231921449303627,0.01141966413706541
base_model.model.model.layers.17.mlp.gate_proj.lora_B.weight,"(9728, 16)",0.002825870477237801,0.49821391701698303,1.1158154010772705,1.4959306716918945,0.0,0.0,0.002113127615302801,0.002989215776324272
base_model.model.model.layers.17.mlp.up_proj.lora_A.weight,"(16, 2560)",0.9247981294837209,0.09172363579273224,2.4000003337860107,2.57200026512146,0.0,0.0,0.010181764140725136,0.010827315971255302
base_model.model.model.layers.17.mlp.up_proj.lora_B.weight,"(9728, 16)",0.006833072307478708,0.49786055088043213,0.9026883840560913,1.2897896766662598,0.0,0.0,0.0017610323848202825,0.00258461432531476
base_model.model.model.layers.17.self_attn.k_proj.lora_A.weight,"(16, 2560)",0.9017218129952175,0.105712890625,2.407426357269287,2.49455189704895,0.0,0.0,0.010180744342505932,0.010451665148139
base_model.model.model.layers.17.self_attn.k_proj.lora_B.weight,"(1024, 16)",0.0026844494423148052,0.4954833984375,0.2650241255760193,0.4194832146167755,0.0,0.0,0.0015950013184919953,0.0025761716533452272
base_model.model.model.layers.17.self_attn.o_proj.lora_A.weight,"(16, 4096)",0.9055325826504502,0.1061859130859375,2.366978168487549,2.556513786315918,0.0,0.0,0.00795671995729208,0.008451011031866074
base_model.model.model.layers.17.self_attn.o_proj.lora_B.weight,"(2560, 16)",0.009537990457561799,0.4977050721645355,0.3519098460674286,0.611230731010437,0.0,0.0,0.0013540741056203842,0.0024134847335517406
base_model.model.model.layers.17.self_attn.q_proj.lora_A.weight,"(16, 2560)",0.9087398661204293,0.1009521484375,2.3770649433135986,2.5012340545654297,0.0,0.0,0.010064997710287571,0.010493306443095207
base_model.model.model.layers.17.self_attn.q_proj.lora_B.weight,"(4096, 16)",-0.0015717535393822263,0.502044677734375,0.4872157871723175,0.8812995553016663,0.0,0.0,0.0014406549744307995,0.0027169352397322655
base_model.model.model.layers.17.self_attn.v_proj.lora_A.weight,"(16, 2560)",0.925514364163624,0.08737792819738388,2.377836227416992,2.4760313034057617,0.0,0.0,0.010076875798404217,0.010441534221172333
base_model.model.model.layers.17.self_attn.v_proj.lora_B.weight,"(1024, 16)",0.019291851857437446,0.4857177734375,0.22416721284389496,0.35922980308532715,0.0,0.0,0.001361536793410778,0.00223365006968379
base_model.model.model.layers.18.mlp.down_proj.lora_A.weight,"(16, 9728)",0.7558619230197126,0.18455104529857635,2.5592124462127686,2.8596978187561035,0.0,0.0,0.005464497953653336,0.00599196320399642
base_model.model.model.layers.18.mlp.down_proj.lora_B.weight,"(2560, 16)",0.004398711716476386,0.5013427734375,0.4335537254810333,0.6602271199226379,0.0,0.0,0.0016861774493008852,0.002610907657071948
base_model.model.model.layers.18.mlp.gate_proj.lora_A.weight,"(16, 2560)",0.8786523032730968,0.1217041015625,2.4080090522766113,2.754732131958008,0.0,0.0,0.010202514007687569,0.011442451737821102
base_model.model.model.layers.18.mlp.gate_proj.lora_B.weight,"(9728, 16)",0.0014587009860189517,0.49920332431793213,1.0229698419570923,1.5050493478775024,0.0,0.0,0.0019319957355037332,0.0030073081143200397
base_model.model.model.layers.18.mlp.up_proj.lora_A.weight,"(16, 2560)",0.9210590735921497,0.0963134765625,2.394087076187134,2.5962812900543213,0.0,0.0,0.010140272788703442,0.01090989075601101
base_model.model.model.layers.18.mlp.up_proj.lora_B.weight,"(9728, 16)",-0.0005316457424812998,0.5027176737785339,0.9354674220085144,1.3477634191513062,0.0,0.0,0.0018325693672522902,0.002704364014789462
base_model.model.model.layers.18.self_attn.k_proj.lora_A.weight,"(16, 2560)",0.8960483941865445,0.11118163913488388,2.4052469730377197,2.5234031677246094,0.0,0.0,0.010184342041611671,0.010563340969383717
base_model.model.model.layers.18.self_attn.k_proj.lora_B.weight,"(1024, 16)",0.015594618331272637,0.49591064453125,0.2618199288845062,0.4407947063446045,0.0,0.0,0.0015916682314127684,0.002744002966210246
base_model.model.model.layers.18.self_attn.o_proj.lora_A.weight,"(16, 4096)",0.9004905747622111,0.1071014404296875,2.37088680267334,2.568842887878418,0.0,0.0,0.00795475672930479,0.008489111438393593
base_model.model.model.layers.18.self_attn.o_proj.lora_B.weight,"(2560, 16)",0.01275485493740732,0.4923339784145355,0.3368239104747772,0.6469473838806152,0.0,0.0,0.0013124349061399698,0.0025439918972551823
base_model.model.model.layers.18.self_attn.q_proj.lora_A.weight,"(16, 2560)",0.9025390097603441,0.10649414360523224,2.3947062492370605,2.5035159587860107,0.0,0.0,0.010106060653924942,0.01047869585454464
base_model.model.model.layers.18.self_attn.q_proj.lora_B.weight,"(4096, 16)",0.007544129320505166,0.497833251953125,0.5961037278175354,0.8734105229377747,0.0,0.0,0.001761097926646471,0.0027034590020775795
base_model.model.model.layers.18.self_attn.v_proj.lora_A.weight,"(16, 2560)",0.9008314436403997,0.09658203274011612,2.4076974391937256,2.4852468967437744,0.0,0.0,0.010101405903697014,0.010436124168336391
base_model.model.model.layers.18.self_attn.v_proj.lora_B.weight,"(1024, 16)",0.014064427156721031,0.48992919921875,0.2657816410064697,0.367676705121994,0.0,0.0,0.0015899486606940627,0.002278640167787671
base_model.model.model.layers.19.mlp.down_proj.lora_A.weight,"(16, 9728)",0.7453045688361349,0.18866930902004242,2.575207471847534,2.89707612991333,0.0,0.0,0.005492028314620256,0.006060378160327673
base_model.model.model.layers.19.mlp.down_proj.lora_B.weight,"(2560, 16)",-0.0024266355460968426,0.49958497285842896,0.4171076714992523,0.6735455989837646,0.0,0.0,0.0016158539801836014,0.002657384844496846
base_model.model.model.layers.19.mlp.gate_proj.lora_A.weight,"(16, 2560)",0.8809135855239724,0.11760254204273224,2.4275217056274414,2.7572824954986572,0.0,0.0,0.010261674411594868,0.011467529460787773
base_model.model.model.layers.19.mlp.gate_proj.lora_B.weight,"(9728, 16)",0.005974951291089301,0.49791836738586426,1.0996042490005493,1.5086026191711426,0.0,0.0,0.0020852144807577133,0.0030201436020433903
base_model.model.model.layers.19.mlp.up_proj.lora_A.weight,"(16, 2560)",0.917712662853724,0.09663085639476776,2.4037790298461914,2.592771530151367,0.0,0.0,0.010192843154072762,0.010904716327786446
base_model.model.model.layers.19.mlp.up_proj.lora_B.weight,"(9728, 16)",0.001350955265500099,0.4999614655971527,0.9437110424041748,1.3370161056518555,0.0,0.0,0.0018365357536822557,0.0026725896168500185
base_model.model.model.layers.19.self_attn.k_proj.lora_A.weight,"(16, 2560)",0.8908539499004448,0.11440429836511612,2.428520917892456,2.4938242435455322,0.0,0.0,0.010230312123894691,0.010446279309689999
base_model.model.model.layers.19.self_attn.k_proj.lora_B.weight,"(1024, 16)",0.016803196401939485,0.4915771484375,0.26246628165245056,0.4256340563297272,0.0,0.0,0.0015650626737624407,0.002641540952026844
base_model.model.model.layers.19.self_attn.o_proj.lora_A.weight,"(16, 4096)",0.8976323033014216,0.109039306640625,2.3911585807800293,2.5769078731536865,0.0,0.0,0.008015804924070835,0.008518863469362259
base_model.model.model.layers.19.self_attn.o_proj.lora_B.weight,"(2560, 16)",-0.004252683596787305,0.5024169683456421,0.3861020803451538,0.6551844477653503,0.0,0.0,0.001506124041043222,0.002583553548902273
base_model.model.model.layers.19.self_attn.q_proj.lora_A.weight,"(16, 2560)",0.9036826850283451,0.10820312798023224,2.4023330211639404,2.5086050033569336,0.0,0.0,0.010158904828131199,0.010521396063268185
base_model.model.model.layers.19.self_attn.q_proj.lora_B.weight,"(4096, 16)",0.011197152731053428,0.4941253662109375,0.552707314491272,0.8970065712928772,0.0,0.0,0.001640535076148808,0.0027790958993136883
base_model.model.model.layers.19.self_attn.v_proj.lora_A.weight,"(16, 2560)",0.9130921733004149,0.09702148288488388,2.4026005268096924,2.4744906425476074,0.0,0.0,0.010171683505177498,0.010431362316012383
base_model.model.model.layers.19.self_attn.v_proj.lora_B.weight,"(1024, 16)",0.03568528547398845,0.47821044921875,0.2581822872161865,0.3774498403072357,0.0,0.0,0.0015845231246203184,0.0023319749161601067
base_model.model.model.layers.2.mlp.down_proj.lora_A.weight,"(16, 9728)",0.8289316690008697,0.13521535694599152,2.4432296752929688,2.676689863204956,0.0,0.0,0.005266387015581131,0.005657728761434555
base_model.model.model.layers.2.mlp.down_proj.lora_B.weight,"(2560, 16)",0.005045243696356363,0.49943846464157104,0.44378966093063354,0.6015798449516296,0.0,0.0,0.0017488807206973433,0.0023548738099634647
base_model.model.model.layers.2.mlp.gate_proj.lora_A.weight,"(16, 2560)",0.893378797764726,0.11428222805261612,2.3935794830322266,2.5625813007354736,0.0,0.0,0.010132098570466042,0.01069958321750164
base_model.model.model.layers.2.mlp.gate_proj.lora_B.weight,"(9728, 16)",0.2048947315154498,0.4429803192615509,1.2594926357269287,2.130394220352173,0.0,0.0,0.002079020719975233,0.003579192329198122
base_model.model.model.layers.2.mlp.up_proj.lora_A.weight,"(16, 2560)",0.9197882347333365,0.09426269680261612,2.3869733810424805,2.4642655849456787,0.0,0.0,0.010107641108334064,0.010379920713603497
base_model.model.model.layers.2.mlp.up_proj.lora_B.weight,"(9728, 16)",0.22924865972600697,0.44360995292663574,1.7473512887954712,2.124274730682373,0.0,0.0,0.0025068556424230337,0.002929381327703595
base_model.model.model.layers.2.self_attn.k_proj.lora_A.weight,"(16, 2560)",0.9020381187077996,0.10764160007238388,2.4023492336273193,2.4989802837371826,0.0,0.0,0.010158427059650421,0.010489349253475666
base_model.model.model.layers.2.self_attn.k_proj.lora_B.weight,"(1024, 16)",0.024473963116188803,0.486572265625,0.29147616028785706,0.41241034865379333,0.0,0.0,0.001810910296626389,0.0025589026045054197
base_model.model.model.layers.2.self_attn.o_proj.lora_A.weight,"(16, 4096)",0.888968681128279,0.1156005859375,2.423696994781494,2.51167368888855,0.0,0.0,0.008083601482212543,0.00830681249499321
base_model.model.model.layers.2.self_attn.o_proj.lora_B.weight,"(2560, 16)",0.01696849455319919,0.4937988221645355,0.4427364766597748,0.5669182538986206,0.0,0.0,0.001746410853229463,0.002220850670710206
base_model.model.model.layers.2.self_attn.q_proj.lora_A.weight,"(16, 2560)",0.9157649485069095,0.09951172024011612,2.3730645179748535,2.5028634071350098,0.0,0.0,0.010057213716208935,0.010505864396691322
base_model.model.model.layers.2.self_attn.q_proj.lora_B.weight,"(4096, 16)",-0.009186293456656662,0.5008087158203125,0.5587751269340515,0.8115434050559998,0.0,0.0,0.001697569154202938,0.002499733120203018
base_model.model.model.layers.2.self_attn.v_proj.lora_A.weight,"(16, 2560)",0.9212942600414474,0.09577636420726776,2.392134428024292,2.440077781677246,0.0,0.0,0.010115161538124084,0.010273927822709084
base_model.model.model.layers.2.self_attn.v_proj.lora_B.weight,"(1024, 16)",0.06358018297596871,0.47015380859375,0.3036678731441498,0.3246968686580658,0.0,0.0,0.0018820436671376228,0.0020166458562016487
base_model.model.model.layers.20.mlp.down_proj.lora_A.weight,"(16, 9728)",0.7337770926477991,0.19075734913349152,2.607431411743164,2.9153804779052734,0.0,0.0,0.005545531399548054,0.006101664155721664
base_model.model.model.layers.20.mlp.down_proj.lora_B.weight,"(2560, 16)",0.0031732039999773417,0.4989990293979645,0.4786660671234131,0.703441858291626,0.0,0.0,0.001851201057434082,0.0027717985212802887
base_model.model.model.layers.20.mlp.gate_proj.lora_A.weight,"(16, 2560)",0.8813462322677542,0.11762695014476776,2.437274932861328,2.7365667819976807,0.0,0.0,0.010300634428858757,0.011388254351913929
base_model.model.model.layers.20.mlp.gate_proj.lora_B.weight,"(9728, 16)",0.0035892307664528067,0.4992290437221527,1.0592707395553589,1.4919085502624512,0.0,0.0,0.002008475363254547,0.0029829933773726225
base_model.model.model.layers.20.mlp.up_proj.lora_A.weight,"(16, 2560)",0.9124670812739188,0.09909667819738388,2.430021286010742,2.567762613296509,0.0,0.0,0.01027000043541193,0.010805281810462475
base_model.model.model.layers.20.mlp.up_proj.lora_B.weight,"(9728, 16)",0.007182239573052964,0.4958752989768982,1.000744342803955,1.2914891242980957,0.0,0.0,0.0019402543548494577,0.002577217761427164
base_model.model.model.layers.20.self_attn.k_proj.lora_A.weight,"(16, 2560)",0.8958834433211611,0.11064453423023224,2.415734052658081,2.5047733783721924,0.0,0.0,0.010197768919169903,0.010486949235200882
base_model.model.model.layers.20.self_attn.k_proj.lora_B.weight,"(1024, 16)",-0.009375567634357885,0.51483154296875,0.2524222433567047,0.43435296416282654,0.0,0.0,0.001540272613056004,0.002687170635908842
base_model.model.model.layers.20.self_attn.o_proj.lora_A.weight,"(16, 4096)",0.8839554107302426,0.1157073974609375,2.4014105796813965,2.584982395172119,0.0,0.0,0.008017225190997124,0.008518969640135765
base_model.model.model.layers.20.self_attn.o_proj.lora_B.weight,"(2560, 16)",0.005496724026420154,0.49553221464157104,0.3664470613002777,0.6729602813720703,0.0,0.0,0.001420383108779788,0.002641033846884966
base_model.model.model.layers.20.self_attn.q_proj.lora_A.weight,"(16, 2560)",0.9062083425477332,0.1044921875,2.4017462730407715,2.511958122253418,0.0,0.0,0.0101779755204916,0.010526647791266441
base_model.model.model.layers.20.self_attn.q_proj.lora_B.weight,"(4096, 16)",-0.010349617404774067,0.5040283203125,0.4969901144504547,0.8880540132522583,0.0,0.0,0.001483449712395668,0.0027513636741787195
base_model.model.model.layers.20.self_attn.v_proj.lora_A.weight,"(16, 2560)",0.8908352607468831,0.10769043117761612,2.453038454055786,2.4909965991973877,0.0,0.0,0.010306675918400288,0.010467469692230225
base_model.model.model.layers.20.self_attn.v_proj.lora_B.weight,"(1024, 16)",0.008397068741793622,0.4937744140625,0.2732311487197876,0.36420315504074097,0.0,0.0,0.001667151926085353,0.0022423178888857365
base_model.model.model.layers.21.mlp.down_proj.lora_A.weight,"(16, 9728)",0.7408827308822145,0.18931178748607635,2.6165719032287598,2.879493236541748,0.0,0.0,0.0055625890381634235,0.006036319304257631
base_model.model.model.layers.21.mlp.down_proj.lora_B.weight,"(2560, 16)",-0.006372707346778411,0.500805675983429,0.4951545000076294,0.7172402143478394,0.0,0.0,0.0019133791793137789,0.0028210997115820646
base_model.model.model.layers.21.mlp.gate_proj.lora_A.weight,"(16, 2560)",0.8737266837067632,0.12104491889476776,2.475400924682617,2.746171712875366,0.0,0.0,0.010433179326355457,0.01142384484410286
base_model.model.model.layers.21.mlp.gate_proj.lora_B.weight,"(9728, 16)",-0.0021645775865853866,0.5001927614212036,1.191881775856018,1.5331312417984009,0.0,0.0,0.0022366016637533903,0.003064728807657957
base_model.model.model.layers.21.mlp.up_proj.lora_A.weight,"(16, 2560)",0.9203640504917431,0.09453125298023224,2.4189889430999756,2.578502893447876,0.0,0.0,0.0102474894374609,0.010850034654140472
base_model.model.model.layers.21.mlp.up_proj.lora_B.weight,"(9728, 16)",0.010198310809129772,0.49397358298301697,0.9406631588935852,1.3498404026031494,0.0,0.0,0.0018391191260889173,0.0026862735394388437
base_model.model.model.layers.21.self_attn.k_proj.lora_A.weight,"(16, 2560)",0.889801177290901,0.11284179985523224,2.4440205097198486,2.488091230392456,0.0,0.0,0.010280447080731392,0.010440899059176445
base_model.model.model.layers.21.self_attn.k_proj.lora_B.weight,"(1024, 16)",0.04210113057878343,0.47979736328125,0.31138479709625244,0.4237525761127472,0.0,0.0,0.0018837905954569578,0.0025956081226468086
base_model.model.model.layers.21.self_attn.o_proj.lora_A.weight,"(16, 4096)",0.9088401528619711,0.1008453369140625,2.377727746963501,2.5457613468170166,0.0,0.0,0.007975613698363304,0.008435547351837158
base_model.model.model.layers.21.self_attn.o_proj.lora_B.weight,"(2560, 16)",-0.004485643543146947,0.5054931640625,0.37262091040611267,0.6342504620552063,0.0,0.0,0.0014510828768834472,0.0024905740283429623
base_model.model.model.layers.21.self_attn.q_proj.lora_A.weight,"(16, 2560)",0.8990263102561094,0.10988769680261612,2.4356136322021484,2.4859941005706787,0.0,0.0,0.010257442481815815,0.010438966564834118
base_model.model.model.layers.21.self_attn.q_proj.lora_B.weight,"(4096, 16)",0.017012570235213083,0.4913177490234375,0.5496299266815186,0.8712074756622314,0.0,0.0,0.001619797432795167,0.002679718192666769
base_model.model.model.layers.21.self_attn.v_proj.lora_A.weight,"(16, 2560)",0.9189644293901671,0.09426269680261612,2.392038345336914,2.471597671508789,0.0,0.0,0.010136897675693035,0.010399503633379936
base_model.model.model.layers.21.self_attn.v_proj.lora_B.weight,"(1024, 16)",0.0243582149084827,0.48388671875,0.22669510543346405,0.34910112619400024,0.0,0.0,0.0013792699901387095,0.00214957632124424
base_model.model.model.layers.22.mlp.down_proj.lora_A.weight,"(16, 9728)",0.7370473993545733,0.19142551720142365,2.619809150695801,2.9067163467407227,0.0,0.0,0.005561375059187412,0.0060807764530181885
base_model.model.model.layers.22.mlp.down_proj.lora_B.weight,"(2560, 16)",-0.0013609773693636885,0.5003906488418579,0.5660466551780701,0.6853280067443848,0.0,0.0,0.0021880059503018856,0.0026961416006088257
base_model.model.model.layers.22.mlp.gate_proj.lora_A.weight,"(16, 2560)",0.8838556641832281,0.11882324516773224,2.4264047145843506,2.6858534812927246,0.0,0.0,0.010253779590129852,0.01117637474089861
base_model.model.model.layers.22.mlp.gate_proj.lora_B.weight,"(9728, 16)",-0.0006945433802772698,0.5019274353981018,1.120911955833435,1.5240240097045898,0.0,0.0,0.0021305386908352375,0.0030485347378998995
base_model.model.model.layers.22.mlp.up_proj.lora_A.weight,"(16, 2560)",0.918418003198846,0.09450683742761612,2.4108989238739014,2.580033302307129,0.0,0.0,0.010204103775322437,0.010839469730854034
base_model.model.model.layers.22.mlp.up_proj.lora_B.weight,"(9728, 16)",-0.00481784344970065,0.5009058713912964,0.9847834706306458,1.3200583457946777,0.0,0.0,0.0019246359588578343,0.0026492378674447536
base_model.model.model.layers.22.self_attn.k_proj.lora_A.weight,"(16, 2560)",0.894685917880547,0.11020507663488388,2.410902500152588,2.5001978874206543,0.0,0.0,0.010170894674956799,0.010468860156834126
base_model.model.model.layers.22.self_attn.k_proj.lora_B.weight,"(1024, 16)",-0.002659603637098485,0.49951171875,0.2924060523509979,0.4496922492980957,0.0,0.0,0.0017357291653752327,0.002787826582789421
base_model.model.model.layers.22.self_attn.o_proj.lora_A.weight,"(16, 4096)",0.8950311406171213,0.1113128662109375,2.400750160217285,2.56587290763855,0.0,0.0,0.008031807839870453,0.008473331108689308
base_model.model.model.layers.22.self_attn.o_proj.lora_B.weight,"(2560, 16)",0.005285016564681338,0.49616700410842896,0.39520463347435,0.6514154672622681,0.0,0.0,0.0015510686207562685,0.0025489889085292816
base_model.model.model.layers.22.self_attn.q_proj.lora_A.weight,"(16, 2560)",0.9077231345462023,0.10356445610523224,2.4056003093719482,2.490722179412842,0.0,0.0,0.01019194908440113,0.010455342009663582
base_model.model.model.layers.22.self_attn.q_proj.lora_B.weight,"(4096, 16)",-0.008361716001059935,0.501800537109375,0.5474022030830383,0.8551186323165894,0.0,0.0,0.0016185867134481668,0.0026442166417837143
base_model.model.model.layers.22.self_attn.v_proj.lora_A.weight,"(16, 2560)",0.9095875643184022,0.1009521484375,2.41402006149292,2.490431785583496,0.0,0.0,0.010195920243859291,0.010457710362970829
base_model.model.model.layers.22.self_attn.v_proj.lora_B.weight,"(1024, 16)",0.025547443006349188,0.4891357421875,0.3000248968601227,0.3928920328617096,0.0,0.0,0.0018409823533147573,0.0024269730783998966
base_model.model.model.layers.23.mlp.down_proj.lora_A.weight,"(16, 9728)",0.7182019524466426,0.19927656650543213,2.662487030029297,2.9258947372436523,0.0,0.0,0.005635650362819433,0.006120643112808466
base_model.model.model.layers.23.mlp.down_proj.lora_B.weight,"(2560, 16)",9.954179955254101e-05,0.5020996332168579,0.6230729222297668,0.711665153503418,0.0,0.0,0.0024185783695429564,0.00281098997220397
base_model.model.model.layers.23.mlp.gate_proj.lora_A.weight,"(16, 2560)",0.866879724039258,0.12751464545726776,2.4736249446868896,2.7328972816467285,0.0,0.0,0.010411115363240242,0.011394623667001724
base_model.model.model.layers.23.mlp.gate_proj.lora_B.weight,"(9728, 16)",0.00523913913119585,0.4981561005115509,1.485141634941101,1.5659661293029785,0.0,0.0,0.002831283025443554,0.0031381219159811735
base_model.model.model.layers.23.mlp.up_proj.lora_A.weight,"(16, 2560)",0.9114431081119847,0.09821777045726776,2.4246609210968018,2.5982308387756348,0.0,0.0,0.010251885280013084,0.010919271036982536
base_model.model.model.layers.23.mlp.up_proj.lora_B.weight,"(9728, 16)",-0.00033615463498670804,0.49946674704551697,1.1096094846725464,1.3182308673858643,0.0,0.0,0.0021791961044073105,0.002647971734404564
base_model.model.model.layers.23.self_attn.k_proj.lora_A.weight,"(16, 2560)",0.8986282696179447,0.108642578125,2.4102492332458496,2.5031912326812744,0.0,0.0,0.010185827501118183,0.010492189787328243
base_model.model.model.layers.23.self_attn.k_proj.lora_B.weight,"(1024, 16)",0.015098284306856584,0.49127197265625,0.2867734432220459,0.4449842572212219,0.0,0.0,0.0017428073333576322,0.0027561504393815994
base_model.model.model.layers.23.self_attn.o_proj.lora_A.weight,"(16, 4096)",0.8809774191870967,0.1171722412109375,2.418562173843384,2.6161253452301025,0.0,0.0,0.008081838488578796,0.008632201701402664
base_model.model.model.layers.23.self_attn.o_proj.lora_B.weight,"(2560, 16)",0.005933450363905061,0.49809569120407104,0.46113285422325134,0.6690971851348877,0.0,0.0,0.0017922676634043455,0.002635372569784522
base_model.model.model.layers.23.self_attn.q_proj.lora_A.weight,"(16, 2560)",0.8934937943802937,0.1104736328125,2.4372923374176025,2.5284974575042725,0.0,0.0,0.010271674022078514,0.010598915629088879
base_model.model.model.layers.23.self_attn.q_proj.lora_B.weight,"(4096, 16)",0.025475067742278826,0.4861297607421875,0.6375335454940796,0.8854168057441711,0.0,0.0,0.0018849859479814768,0.0027363356202840805
base_model.model.model.layers.23.self_attn.v_proj.lora_A.weight,"(16, 2560)",0.9142055954728198,0.09633789211511612,2.3973138332366943,2.49326229095459,0.0,0.0,0.01015335600823164,0.01048376876860857
base_model.model.model.layers.23.self_attn.v_proj.lora_B.weight,"(1024, 16)",0.009838049113343787,0.495849609375,0.26038649678230286,0.381532222032547,0.0,0.0,0.0016022685449570417,0.002364818472415209
base_model.model.model.layers.24.mlp.down_proj.lora_A.weight,"(16, 9728)",0.7030327042364702,0.20577199757099152,2.7251555919647217,2.9068543910980225,0.0,0.0,0.005730633158236742,0.0060739158652722836
base_model.model.model.layers.24.mlp.down_proj.lora_B.weight,"(2560, 16)",0.003957534004049453,0.494140625,0.6110135316848755,0.6726109385490417,0.0,0.0,0.002350111026316881,0.0026628312189131975
base_model.model.model.layers.24.mlp.gate_proj.lora_A.weight,"(16, 2560)",0.8591226809147783,0.13181152939796448,2.5267133712768555,2.695617198944092,0.0,0.0,0.010590810328722,0.011218884959816933
base_model.model.model.layers.24.mlp.gate_proj.lora_B.weight,"(9728, 16)",0.003563194789616246,0.5007067322731018,1.7313199043273926,1.545132040977478,0.0,0.0,0.0033240255434066057,0.0031024932395666838
base_model.model.model.layers.24.mlp.up_proj.lora_A.weight,"(16, 2560)",0.9004401862679966,0.10627441108226776,2.4536445140838623,2.609609842300415,0.0,0.0,0.010342715308070183,0.010959630832076073
base_model.model.model.layers.24.mlp.up_proj.lora_B.weight,"(9728, 16)",0.0017061060348161894,0.49938321113586426,1.2930567264556885,1.3500566482543945,0.0,0.0,0.0025266287848353386,0.0027123650070279837
base_model.model.model.layers.24.self_attn.k_proj.lora_A.weight,"(16, 2560)",0.8414414135374694,0.1356201171875,2.5856335163116455,2.488802194595337,0.0,0.0,0.010716220363974571,0.010445235297083855
base_model.model.model.layers.24.self_attn.k_proj.lora_B.weight,"(1024, 16)",0.01701698092945489,0.496337890625,0.3927604854106903,0.4266875386238098,0.0,0.0,0.0021652316208928823,0.002665143460035324
base_model.model.model.layers.24.self_attn.o_proj.lora_A.weight,"(16, 4096)",0.8587560810209693,0.131622314453125,2.466296672821045,2.6252493858337402,0.0,0.0,0.008186683058738708,0.008622990921139717
base_model.model.model.layers.24.self_attn.o_proj.lora_B.weight,"(2560, 16)",0.0015667716502062042,0.4996093809604645,0.691687822341919,0.7027515172958374,0.0,0.0,0.002645732369273901,0.0027569052763283253
base_model.model.model.layers.24.self_attn.q_proj.lora_A.weight,"(16, 2560)",0.8885664240943149,0.11384277045726776,2.446101427078247,2.5048775672912598,0.0,0.0,0.01027764193713665,0.010502302087843418
base_model.model.model.layers.24.self_attn.q_proj.lora_B.weight,"(4096, 16)",0.02214252553697024,0.4928741455078125,0.8106397986412048,0.8866936564445496,0.0,0.0,0.0023024422116577625,0.002738513518124819
base_model.model.model.layers.24.self_attn.v_proj.lora_A.weight,"(16, 2560)",0.8982912859203094,0.10915527492761612,2.4239490032196045,2.4989469051361084,0.0,0.0,0.010228331200778484,0.01047450304031372
base_model.model.model.layers.24.self_attn.v_proj.lora_B.weight,"(1024, 16)",0.0170255477422723,0.487060546875,0.3328230679035187,0.4050423204898834,0.0,0.0,0.0020024545956403017,0.0025032474659383297
base_model.model.model.layers.25.mlp.down_proj.lora_A.weight,"(16, 9728)",0.6825762316889389,0.21609658002853394,2.8115007877349854,2.902454376220703,0.0,0.0,0.0058805858716368675,0.006063949316740036
base_model.model.model.layers.25.mlp.down_proj.lora_B.weight,"(2560, 16)",-0.0026599829066004752,0.501879870891571,0.6298156380653381,0.6972888112068176,0.0,0.0,0.002449332270771265,0.0027547148056328297
base_model.model.model.layers.25.mlp.gate_proj.lora_A.weight,"(16, 2560)",0.8477205616767614,0.13908691704273224,2.546180486679077,2.713242769241333,0.0,0.0,0.010654767975211143,0.011272714473307133
base_model.model.model.layers.25.mlp.gate_proj.lora_B.weight,"(9728, 16)",0.0026190085101545505,0.49737870693206787,1.7632482051849365,1.5441820621490479,0.0,0.0,0.003407426178455353,0.0030983849428594112
base_model.model.model.layers.25.mlp.up_proj.lora_A.weight,"(16, 2560)",0.8958320099351617,0.10983886569738388,2.480764865875244,2.6173923015594482,0.0,0.0,0.010461137630045414,0.010989895090460777
base_model.model.model.layers.25.mlp.up_proj.lora_B.weight,"(9728, 16)",0.0013036301377711567,0.49933183193206787,1.3574697971343994,1.3363544940948486,0.0,0.0,0.0026387572288513184,0.002686671447008848
base_model.model.model.layers.25.self_attn.k_proj.lora_A.weight,"(16, 2560)",0.9031252143301662,0.10791015625,2.3952081203460693,2.519493818283081,0.0,0.0,0.010141669772565365,0.010561247356235981
base_model.model.model.layers.25.self_attn.k_proj.lora_B.weight,"(1024, 16)",-0.004575283351971197,0.503173828125,0.2967382073402405,0.4489648938179016,0.0,0.0,0.0017809916753321886,0.0027664476074278355
base_model.model.model.layers.25.self_attn.o_proj.lora_A.weight,"(16, 4096)",0.8575001700634517,0.131500244140625,2.4597327709198,2.658843755722046,0.0,0.0,0.008182159624993801,0.008729368448257446
base_model.model.model.layers.25.self_attn.o_proj.lora_B.weight,"(2560, 16)",-0.0006296288049652233,0.5024169683456421,0.6319177150726318,0.725353479385376,0.0,0.0,0.0024520065635442734,0.0028650485910475254
base_model.model.model.layers.25.self_attn.q_proj.lora_A.weight,"(16, 2560)",0.8962463219553987,0.10800781100988388,2.4524717330932617,2.4836864471435547,0.0,0.0,0.010318450629711151,0.010458358563482761
base_model.model.model.layers.25.self_attn.q_proj.lora_B.weight,"(4096, 16)",0.008213738336454408,0.49810791015625,0.6685245633125305,0.902894914150238,0.0,0.0,0.0019751458894461393,0.002794699976220727
base_model.model.model.layers.25.self_attn.v_proj.lora_A.weight,"(16, 2560)",0.9009143891684495,0.10700683295726776,2.406447649002075,2.5251832008361816,0.0,0.0,0.010172643698751926,0.010601287707686424
base_model.model.model.layers.25.self_attn.v_proj.lora_B.weight,"(1024, 16)",0.011442676858145583,0.49053955078125,0.31444746255874634,0.390674352645874,0.0,0.0,0.001920514041557908,0.002405875828117132
base_model.model.model.layers.26.mlp.down_proj.lora_A.weight,"(16, 9728)",0.6694192461410665,0.2234143763780594,2.8702335357666016,2.917538642883301,0.0,0.0,0.005989492870867252,0.006092284340411425
base_model.model.model.layers.26.mlp.down_proj.lora_B.weight,"(2560, 16)",0.0030233557761706106,0.501391589641571,0.6825945973396301,0.7071619629859924,0.0,0.0,0.0026372596621513367,0.0027981726452708244
base_model.model.model.layers.26.mlp.gate_proj.lora_A.weight,"(16, 2560)",0.839192996230658,0.14101561903953552,2.58205509185791,2.7382993698120117,0.0,0.0,0.010781882330775261,0.011387516744434834
base_model.model.model.layers.26.mlp.gate_proj.lora_B.weight,"(9728, 16)",0.002935695126996674,0.4990619719028473,1.82986581325531,1.5991874933242798,0.0,0.0,0.0035233497619628906,0.0031926094088703394
base_model.model.model.layers.26.mlp.up_proj.lora_A.weight,"(16, 2560)",0.8874166231686343,0.11215820163488388,2.4821643829345703,2.666779041290283,0.0,0.0,0.010477776639163494,0.011168355122208595
base_model.model.model.layers.26.mlp.up_proj.lora_B.weight,"(9728, 16)",0.0005974387732163276,0.4989270567893982,1.4074567556381226,1.3850619792938232,0.0,0.0,0.002727299928665161,0.002784821903333068
base_model.model.model.layers.26.self_attn.k_proj.lora_A.weight,"(16, 2560)",0.8969536341561611,0.11049804836511612,2.4117679595947266,2.514336109161377,0.0,0.0,0.01019403524696827,0.010535764507949352
base_model.model.model.layers.26.self_attn.k_proj.lora_B.weight,"(1024, 16)",0.012975113973772656,0.49188232421875,0.32525065541267395,0.44441142678260803,0.0,0.0,0.001957482425495982,0.002754712477326393
base_model.model.model.layers.26.self_attn.o_proj.lora_A.weight,"(16, 4096)",0.856642581719756,0.1334686279296875,2.4337520599365234,2.6998391151428223,0.0,0.0,0.008110311813652515,0.00884554348886013
base_model.model.model.layers.26.self_attn.o_proj.lora_B.weight,"(2560, 16)",-0.003648805741021608,0.4986328184604645,0.49769675731658936,0.7561048269271851,0.0,0.0,0.0019520942587405443,0.0029740820173174143
base_model.model.model.layers.26.self_attn.q_proj.lora_A.weight,"(16, 2560)",0.8872630393531543,0.11335448920726776,2.452960729598999,2.524015188217163,0.0,0.0,0.01033434085547924,0.010588539764285088
base_model.model.model.layers.26.self_attn.q_proj.lora_B.weight,"(4096, 16)",0.008087356173745903,0.497833251953125,0.7073848247528076,0.9674941301345825,0.0,0.0,0.0020917796064168215,0.0030039497651159763
base_model.model.model.layers.26.self_attn.v_proj.lora_A.weight,"(16, 2560)",0.9049495741225992,0.10371093451976776,2.407562494277954,2.5041093826293945,0.0,0.0,0.010184240527451038,0.010504411533474922
base_model.model.model.layers.26.self_attn.v_proj.lora_B.weight,"(1024, 16)",0.008716737214522501,0.498291015625,0.28446105122566223,0.3774399161338806,0.0,0.0,0.0017557606333866715,0.002332948613911867
base_model.model.model.layers.27.mlp.down_proj.lora_A.weight,"(16, 9728)",0.6660571827017969,0.22218723595142365,2.8814640045166016,2.9428658485412598,0.0,0.0,0.006005000788718462,0.006152611691504717
base_model.model.model.layers.27.mlp.down_proj.lora_B.weight,"(2560, 16)",0.009653202438757863,0.49445801973342896,0.6344035267829895,0.7256583571434021,0.0,0.0,0.0024689999409019947,0.002872597426176071
base_model.model.model.layers.27.mlp.gate_proj.lora_A.weight,"(16, 2560)",0.8350708874730347,0.144287109375,2.6081645488739014,2.733185052871704,0.0,0.0,0.010886442847549915,0.011370895430445671
base_model.model.model.layers.27.mlp.gate_proj.lora_B.weight,"(9728, 16)",0.0018908774226830466,0.4982781708240509,1.7708814144134521,1.57541024684906,0.0,0.0,0.003408607328310609,0.003152790479362011
base_model.model.model.layers.27.mlp.up_proj.lora_A.weight,"(16, 2560)",0.8914130334194809,0.11149902641773224,2.4857473373413086,2.6284470558166504,0.0,0.0,0.010456827469170094,0.011029722169041634
base_model.model.model.layers.27.mlp.up_proj.lora_B.weight,"(9728, 16)",0.004567799865471257,0.49817538261413574,1.49468994140625,1.3405495882034302,0.0,0.0,0.0029382575303316116,0.0027006845921278
base_model.model.model.layers.27.self_attn.k_proj.lora_A.weight,"(16, 2560)",0.8884283445021904,0.11674804985523224,2.4398703575134277,2.4917798042297363,0.0,0.0,0.01025632955133915,0.010426798835396767
base_model.model.model.layers.27.self_attn.k_proj.lora_B.weight,"(1024, 16)",0.010055696415130568,0.49169921875,0.3724992275238037,0.4402174949645996,0.0,0.0,0.002248464385047555,0.002739507704973221
base_model.model.model.layers.27.self_attn.o_proj.lora_A.weight,"(16, 4096)",0.8616003990637578,0.131195068359375,2.4446277618408203,2.624562978744507,0.0,0.0,0.008119524456560612,0.008622830733656883
base_model.model.model.layers.27.self_attn.o_proj.lora_B.weight,"(2560, 16)",-0.006132167878435606,0.5032714605331421,0.5949956774711609,0.6923176050186157,0.0,0.0,0.002299495041370392,0.0027318750508129597
base_model.model.model.layers.27.self_attn.q_proj.lora_A.weight,"(16, 2560)",0.8877090323106255,0.11586914211511612,2.458932876586914,2.5088164806365967,0.0,0.0,0.010338010266423225,0.010514804162085056
base_model.model.model.layers.27.self_attn.q_proj.lora_B.weight,"(4096, 16)",0.002557157904201434,0.4931793212890625,0.7358435392379761,0.856741189956665,0.0,0.0,0.0021653121802955866,0.00265324953943491
base_model.model.model.layers.27.self_attn.v_proj.lora_A.weight,"(16, 2560)",0.8910887613225068,0.10939941555261612,2.4383316040039062,2.5011343955993652,0.0,0.0,0.01027064211666584,0.010480968281626701
base_model.model.model.layers.27.self_attn.v_proj.lora_B.weight,"(1024, 16)",0.008658613787073015,0.493408203125,0.33681780099868774,0.37060919404029846,0.0,0.0,0.0020304452627897263,0.002287633251398802
base_model.model.model.layers.28.mlp.down_proj.lora_A.weight,"(16, 9728)",0.6477322162143615,0.22978129982948303,2.9696624279022217,2.938793659210205,0.0,0.0,0.006161400116980076,0.006143126171082258
base_model.model.model.layers.28.mlp.down_proj.lora_B.weight,"(2560, 16)",-0.0025063567042525794,0.500683605670929,0.6585602760314941,0.7271006107330322,0.0,0.0,0.0025603638496249914,0.0028710919432342052
base_model.model.model.layers.28.mlp.gate_proj.lora_A.weight,"(16, 2560)",0.83739379834697,0.14328613877296448,2.5922393798828125,2.7618179321289062,0.0,0.0,0.01084231398999691,0.011477547697722912
base_model.model.model.layers.28.mlp.gate_proj.lora_B.weight,"(9728, 16)",0.001302027798392775,0.5011885762214661,1.9766991138458252,1.5680992603302002,0.0,0.0,0.003860051278024912,0.003150958800688386
base_model.model.model.layers.28.mlp.up_proj.lora_A.weight,"(16, 2560)",0.8869694104528346,0.11638183891773224,2.504934787750244,2.6569583415985107,0.0,0.0,0.010538851842284203,0.011132490821182728
base_model.model.model.layers.28.mlp.up_proj.lora_B.weight,"(9728, 16)",0.0056722355929876445,0.49866366386413574,1.4895657300949097,1.3879425525665283,0.0,0.0,0.0029040707740932703,0.002792677376419306
base_model.model.model.layers.28.self_attn.k_proj.lora_A.weight,"(16, 2560)",0.8843909173356359,0.11640624701976776,2.444196939468384,2.4920742511749268,0.0,0.0,0.010285360738635063,0.010440649464726448
base_model.model.model.layers.28.self_attn.k_proj.lora_B.weight,"(1024, 16)",-0.004841575677961918,0.4998779296875,0.3444742262363434,0.42326492071151733,0.0,0.0,0.0020736323203891516,0.0026238104328513145
base_model.model.model.layers.28.self_attn.o_proj.lora_A.weight,"(16, 4096)",0.8666674488254974,0.12640380859375,2.449148178100586,2.671743154525757,0.0,0.0,0.008174639195203781,0.00877599697560072
base_model.model.model.layers.28.self_attn.o_proj.lora_B.weight,"(2560, 16)",0.004430655426699629,0.49755859375,0.5235824584960938,0.7255821228027344,0.0,0.0,0.0020256198477,0.002860600594431162
base_model.model.model.layers.28.self_attn.q_proj.lora_A.weight,"(16, 2560)",0.8969159249900066,0.10983886569738388,2.4501497745513916,2.4902796745300293,0.0,0.0,0.010327199473977089,0.01047968864440918
base_model.model.model.layers.28.self_attn.q_proj.lora_B.weight,"(4096, 16)",0.003466412150703534,0.5019989013671875,0.7476339936256409,0.8982805013656616,0.0,0.0,0.002190154977142811,0.0027777492068707943
base_model.model.model.layers.28.self_attn.v_proj.lora_A.weight,"(16, 2560)",0.8861165905409867,0.11342773586511612,2.4536077976226807,2.515329599380493,0.0,0.0,0.010310609824955463,0.01055537536740303
base_model.model.model.layers.28.self_attn.v_proj.lora_B.weight,"(1024, 16)",0.0076892202666942015,0.49090576171875,0.3178733289241791,0.4054136574268341,0.0,0.0,0.0019520418718457222,0.0025106335524469614
base_model.model.model.layers.29.mlp.down_proj.lora_A.weight,"(16, 9728)",0.656537315618379,0.22397975623607635,2.9565610885620117,2.9165337085723877,0.0,0.0,0.006129395216703415,0.006104243453592062
base_model.model.model.layers.29.mlp.down_proj.lora_B.weight,"(2560, 16)",0.014109361599942836,0.49604493379592896,0.6211440563201904,0.722490131855011,0.0,0.0,0.0024215453304350376,0.0028472228441387415
base_model.model.model.layers.29.mlp.gate_proj.lora_A.weight,"(16, 2560)",0.8156123399450982,0.15537109971046448,2.6253931522369385,2.8150594234466553,0.0,0.0,0.010931764729321003,0.011645941063761711
base_model.model.model.layers.29.mlp.gate_proj.lora_B.weight,"(9728, 16)",0.0017843656327288003,0.5002827048301697,1.9274760484695435,1.6393992900848389,0.0,0.0,0.003764543915167451,0.0033022125717252493
base_model.model.model.layers.29.mlp.up_proj.lora_A.weight,"(16, 2560)",0.869584057075125,0.12604980170726776,2.514981985092163,2.6944706439971924,0.0,0.0,0.010548044927418232,0.011243682354688644
base_model.model.model.layers.29.mlp.up_proj.lora_B.weight,"(9728, 16)",0.0013268953560739319,0.49937036633491516,1.6101534366607666,1.4149746894836426,0.0,0.0,0.0031436700373888016,0.002850685501471162
base_model.model.model.layers.29.self_attn.k_proj.lora_A.weight,"(16, 2560)",0.9021944272605116,0.106689453125,2.4130005836486816,2.4887473583221436,0.0,0.0,0.01019512303173542,0.010449673049151897
base_model.model.model.layers.29.self_attn.k_proj.lora_B.weight,"(1024, 16)",0.0032642916900017193,0.4945068359375,0.3346562087535858,0.4180437922477722,0.0,0.0,0.002014539437368512,0.002583365887403488
base_model.model.model.layers.29.self_attn.o_proj.lora_A.weight,"(16, 4096)",0.856014958577774,0.13214111328125,2.430647373199463,2.696483850479126,0.0,0.0,0.008115721866488457,0.008837439119815826
base_model.model.model.layers.29.self_attn.o_proj.lora_B.weight,"(2560, 16)",0.004051068170502991,0.49772948026657104,0.44104495644569397,0.7596402764320374,0.0,0.0,0.0017317387973889709,0.0029938623774796724
base_model.model.model.layers.29.self_attn.q_proj.lora_A.weight,"(16, 2560)",0.8885912987881167,0.11481933295726776,2.4620137214660645,2.5130343437194824,0.0,0.0,0.010340875945985317,0.010535841807723045
base_model.model.model.layers.29.self_attn.q_proj.lora_B.weight,"(4096, 16)",-0.0008674351233434625,0.50030517578125,0.7020984888076782,0.9051758646965027,0.0,0.0,0.0020409561693668365,0.0027996348217129707
base_model.model.model.layers.29.self_attn.v_proj.lora_A.weight,"(16, 2560)",0.9080411166817085,0.1004638671875,2.3898684978485107,2.4970712661743164,0.0,0.0,0.010118195787072182,0.010492080822587013
base_model.model.model.layers.29.self_attn.v_proj.lora_B.weight,"(1024, 16)",0.040346621562803116,0.4791259765625,0.30548515915870667,0.3773913085460663,0.0,0.0,0.0018813938368111849,0.0023406753316521645
base_model.model.model.layers.3.mlp.down_proj.lora_A.weight,"(16, 9728)",0.7734776049625982,0.1674547642469406,2.5034711360931396,2.8372600078582764,0.0,0.0,0.005367517936974764,0.005944772157818079
base_model.model.model.layers.3.mlp.down_proj.lora_B.weight,"(2560, 16)",0.007214096199100296,0.49873048067092896,0.4341752231121063,0.667885422706604,0.0,0.0,0.0017166659235954285,0.0026299874298274517
base_model.model.model.layers.3.mlp.gate_proj.lora_A.weight,"(16, 2560)",0.8787819771612647,0.1234130859375,2.3825721740722656,2.665681838989258,0.0,0.0,0.010097801685333252,0.011048790998756886
base_model.model.model.layers.3.mlp.gate_proj.lora_B.weight,"(9728, 16)",0.007311483728753431,0.4745129942893982,1.0289695262908936,1.6145848035812378,0.0,0.0,0.0018898277776315808,0.0029512906912714243
base_model.model.model.layers.3.mlp.up_proj.lora_A.weight,"(16, 2560)",0.9119784034572321,0.10024414211511612,2.3865420818328857,2.5247981548309326,0.0,0.0,0.010131384246051311,0.010597392916679382
base_model.model.model.layers.3.mlp.up_proj.lora_B.weight,"(9728, 16)",-0.06893907148030741,0.5120978355407715,0.9396186470985413,1.2408416271209717,0.0,0.0,0.001751166069880128,0.002156190574169159
base_model.model.model.layers.3.self_attn.k_proj.lora_A.weight,"(16, 2560)",0.896590118500552,0.108642578125,2.4320809841156006,2.4740183353424072,0.0,0.0,0.01024557463824749,0.010380784049630165
base_model.model.model.layers.3.self_attn.k_proj.lora_B.weight,"(1024, 16)",-0.023134214616617816,0.50811767578125,0.32606765627861023,0.3891911804676056,0.0,0.0,0.0019374602707102895,0.0024120521266013384
base_model.model.model.layers.3.self_attn.o_proj.lora_A.weight,"(16, 4096)",0.8884491012632587,0.11370849609375,2.425320863723755,2.5283761024475098,0.0,0.0,0.008091222494840622,0.008364927023649216
base_model.model.model.layers.3.self_attn.o_proj.lora_B.weight,"(2560, 16)",0.004639769060362247,0.4988769590854645,0.4857785999774933,0.5420903563499451,0.0,0.0,0.001923881471157074,0.0021250571589916945
base_model.model.model.layers.3.self_attn.q_proj.lora_A.weight,"(16, 2560)",0.9128863863085918,0.10085449367761612,2.3992209434509277,2.495943307876587,0.0,0.0,0.01016637496650219,0.010482104495167732
base_model.model.model.layers.3.self_attn.q_proj.lora_B.weight,"(4096, 16)",0.00017373430453669216,0.4990081787109375,0.6521110534667969,0.7859001159667969,0.0,0.0,0.0019490448758006096,0.00241465144790709
base_model.model.model.layers.3.self_attn.v_proj.lora_A.weight,"(16, 2560)",0.9155501283784505,0.09675292670726776,2.4113965034484863,2.46273136138916,0.0,0.0,0.01021034736186266,0.010393967851996422
base_model.model.model.layers.3.self_attn.v_proj.lora_B.weight,"(1024, 16)",0.06296639538040825,0.4697265625,0.25142887234687805,0.2944621443748474,0.0,0.0,0.00158314302098006,0.001832613255828619
base_model.model.model.layers.30.mlp.down_proj.lora_A.weight,"(16, 9728)",0.633756566809528,0.23572419583797455,3.0247769355773926,2.91302490234375,0.0,0.0,0.006249856669455767,0.006085841450840235
base_model.model.model.layers.30.mlp.down_proj.lora_B.weight,"(2560, 16)",-0.005810903126076531,0.5025634765625,0.669298529624939,0.6996673941612244,0.0,0.0,0.002583413850516081,0.002753114327788353
base_model.model.model.layers.30.mlp.gate_proj.lora_A.weight,"(16, 2560)",0.8151225785521103,0.153076171875,2.6191017627716064,2.84184193611145,0.0,0.0,0.01090964861214161,0.011750196106731892
base_model.model.model.layers.30.mlp.gate_proj.lora_B.weight,"(9728, 16)",-0.0048857016913231004,0.5017860531806946,1.9435484409332275,1.6343348026275635,0.0,0.0,0.003808883484452963,0.0032980861142277718
base_model.model.model.layers.30.mlp.up_proj.lora_A.weight,"(16, 2560)",0.863977583791297,0.1285400390625,2.5277087688446045,2.7160582542419434,0.0,0.0,0.010598905384540558,0.01133044809103012
base_model.model.model.layers.30.mlp.up_proj.lora_B.weight,"(9728, 16)",-0.00035335054975177963,0.49992290139198303,1.6566319465637207,1.4578437805175781,0.0,0.0,0.003234526142477989,0.002936149016022682
base_model.model.model.layers.30.self_attn.k_proj.lora_A.weight,"(16, 2560)",0.8664824917970928,0.1265869140625,2.5205869674682617,2.502709150314331,0.0,0.0,0.010554728098213673,0.01050136424601078
base_model.model.model.layers.30.self_attn.k_proj.lora_B.weight,"(1024, 16)",0.033062305968322075,0.4908447265625,0.3804748058319092,0.41141393780708313,0.0,0.0,0.002193039981648326,0.0025229668244719505
base_model.model.model.layers.30.self_attn.o_proj.lora_A.weight,"(16, 4096)",0.8464888232417178,0.1337890625,2.4805757999420166,2.6616737842559814,0.0,0.0,0.008219033479690552,0.008740382269024849
base_model.model.model.layers.30.self_attn.o_proj.lora_B.weight,"(2560, 16)",0.003628999274630089,0.500927746295929,0.565334141254425,0.7289671301841736,0.0,0.0,0.002181457122787833,0.0028634320478886366
base_model.model.model.layers.30.self_attn.q_proj.lora_A.weight,"(16, 2560)",0.8727632870538358,0.12404785305261612,2.4958317279815674,2.5010323524475098,0.0,0.0,0.010454835370182991,0.010499506257474422
base_model.model.model.layers.30.self_attn.q_proj.lora_B.weight,"(4096, 16)",0.00429126368206696,0.4979248046875,0.7932828664779663,0.8910081386566162,0.0,0.0,0.002300685504451394,0.002746544312685728
base_model.model.model.layers.30.self_attn.v_proj.lora_A.weight,"(16, 2560)",0.8994972357810641,0.10463867336511612,2.4312844276428223,2.4907541275024414,0.0,0.0,0.010240944102406502,0.010481922887265682
base_model.model.model.layers.30.self_attn.v_proj.lora_B.weight,"(1024, 16)",0.01657555609938703,0.49224853515625,0.29805880784988403,0.3832939863204956,0.0,0.0,0.0018460507271811366,0.0023597837425768375
base_model.model.model.layers.31.mlp.down_proj.lora_A.weight,"(16, 9728)",0.6284373139944293,0.23748457431793213,3.077949285507202,2.9208076000213623,0.0,0.0,0.0063353716395795345,0.0061113000847399235
base_model.model.model.layers.31.mlp.down_proj.lora_B.weight,"(2560, 16)",0.0024876499552457998,0.4964599609375,0.6697794198989868,0.7099260687828064,0.0,0.0,0.0026264875195920467,0.002796466462314129
base_model.model.model.layers.31.mlp.gate_proj.lora_A.weight,"(16, 2560)",0.8127982475770806,0.15549317002296448,2.5750644207000732,2.8787317276000977,0.0,0.0,0.010733517818152905,0.011873697862029076
base_model.model.model.layers.31.mlp.gate_proj.lora_B.weight,"(9728, 16)",0.0007507927914631023,0.49935752153396606,1.9320605993270874,1.6214650869369507,0.0,0.0,0.0037798576522618532,0.003272692672908306
base_model.model.model.layers.31.mlp.up_proj.lora_A.weight,"(16, 2560)",0.8511113643919145,0.1351318359375,2.5147316455841064,2.7982702255249023,0.0,0.0,0.010573330335319042,0.011625843122601509
base_model.model.model.layers.31.mlp.up_proj.lora_B.weight,"(9728, 16)",0.00017327624632252408,0.5017475485801697,1.587023377418518,1.5487021207809448,0.0,0.0,0.0030776923522353172,0.0031226836144924164
base_model.model.model.layers.31.self_attn.k_proj.lora_A.weight,"(16, 2560)",0.8823718558730776,0.11687012016773224,2.450101137161255,2.5093836784362793,0.0,0.0,0.010300489142537117,0.010523696430027485
base_model.model.model.layers.31.self_attn.k_proj.lora_B.weight,"(1024, 16)",0.01314950794782936,0.49444580078125,0.35196223855018616,0.4441792070865631,0.0,0.0,0.0020867318380624056,0.0027483950834721327
base_model.model.model.layers.31.self_attn.o_proj.lora_A.weight,"(16, 4096)",0.8456113372384348,0.1361846923828125,2.4956283569335938,2.7054271697998047,0.0,0.0,0.008279387839138508,0.008877984248101711
base_model.model.model.layers.31.self_attn.o_proj.lora_B.weight,"(2560, 16)",-0.004915477330589929,0.502368152141571,0.5979353785514832,0.7615038156509399,0.0,0.0,0.0023093372583389282,0.0030009644106030464
base_model.model.model.layers.31.self_attn.q_proj.lora_A.weight,"(16, 2560)",0.887746919815275,0.11616210639476776,2.461120843887329,2.4993560314178467,0.0,0.0,0.01035702507942915,0.01048134546726942
base_model.model.model.layers.31.self_attn.q_proj.lora_B.weight,"(4096, 16)",0.010688611559944031,0.493438720703125,0.6897684931755066,0.9124184250831604,0.0,0.0,0.0020039842929691076,0.00283079594373703
base_model.model.model.layers.31.self_attn.v_proj.lora_A.weight,"(16, 2560)",0.8783842129226811,0.12001953274011612,2.470324754714966,2.524168014526367,0.0,0.0,0.010355566628277302,0.010570443235337734
base_model.model.model.layers.31.self_attn.v_proj.lora_B.weight,"(1024, 16)",0.011307751401269123,0.49169921875,0.3518907129764557,0.38907164335250854,0.0,0.0,0.002141954144462943,0.0024020604323595762
base_model.model.model.layers.32.mlp.down_proj.lora_A.weight,"(16, 9728)",0.6255649190897251,0.23614823818206787,3.071800470352173,2.9318723678588867,0.0,0.0,0.006332922261208296,0.006124446168541908
base_model.model.model.layers.32.mlp.down_proj.lora_B.weight,"(2560, 16)",-0.006492609084031519,0.504467785358429,0.6811666488647461,0.750718355178833,0.0,0.0,0.0026496786158531904,0.002944901818409562
base_model.model.model.layers.32.mlp.gate_proj.lora_A.weight,"(16, 2560)",0.8061713069693208,0.16059570014476776,2.5899436473846436,2.8778960704803467,0.0,0.0,0.010808644816279411,0.011878231540322304
base_model.model.model.layers.32.mlp.gate_proj.lora_B.weight,"(9728, 16)",0.0005655157882033406,0.5003083944320679,1.9020137786865234,1.6487092971801758,0.0,0.0,0.003685122588649392,0.003331783227622509
base_model.model.model.layers.32.mlp.up_proj.lora_A.weight,"(16, 2560)",0.8663728384940843,0.12692871689796448,2.498460531234741,2.74711012840271,0.0,0.0,0.010513079352676868,0.01142883487045765
base_model.model.model.layers.32.mlp.up_proj.lora_B.weight,"(9728, 16)",3.093013562020773e-05,0.5010215640068054,1.6318618059158325,1.4987632036209106,0.0,0.0,0.0031665300484746695,0.0030170511454343796
base_model.model.model.layers.32.self_attn.k_proj.lora_A.weight,"(16, 2560)",0.8871507787790549,0.11716308444738388,2.455949068069458,2.491398572921753,0.0,0.0,0.010329180397093296,0.010440965183079243
base_model.model.model.layers.32.self_attn.k_proj.lora_B.weight,"(1024, 16)",0.026604402555707132,0.4906005859375,0.39330413937568665,0.4058418571949005,0.0,0.0,0.0023092483170330524,0.0025102482177317142
base_model.model.model.layers.32.self_attn.o_proj.lora_A.weight,"(16, 4096)",0.8423435988700003,0.138946533203125,2.5174977779388428,2.6671500205993652,0.0,0.0,0.008321663364768028,0.008766544051468372
base_model.model.model.layers.32.self_attn.o_proj.lora_B.weight,"(2560, 16)",-0.005346815177627982,0.504101574420929,0.7292354106903076,0.758523166179657,0.0,0.0,0.0027864708099514246,0.002993823727592826
base_model.model.model.layers.32.self_attn.q_proj.lora_A.weight,"(16, 2560)",0.879055244211341,0.11909179389476776,2.4969840049743652,2.4869253635406494,0.0,0.0,0.010469825007021427,0.010438417084515095
base_model.model.model.layers.32.self_attn.q_proj.lora_B.weight,"(4096, 16)",-0.015159627379060233,0.504364013671875,0.8638002276420593,0.8955491185188293,0.0,0.0,0.0025084223598241806,0.0027663693763315678
base_model.model.model.layers.32.self_attn.v_proj.lora_A.weight,"(16, 2560)",0.8388776778611617,0.135498046875,2.6107592582702637,2.5237154960632324,0.0,0.0,0.010827544145286083,0.010584402829408646
base_model.model.model.layers.32.self_attn.v_proj.lora_B.weight,"(1024, 16)",-0.0004633944610819882,0.4930419921875,0.4620085060596466,0.4078099727630615,0.0,0.0,0.002700377255678177,0.0025198215153068304
base_model.model.model.layers.33.mlp.down_proj.lora_A.weight,"(16, 9728)",0.6669224149975558,0.21702174842357635,2.9157044887542725,2.8724570274353027,0.0,0.0,0.00604192866012454,0.006014606449753046
base_model.model.model.layers.33.mlp.down_proj.lora_B.weight,"(2560, 16)",0.016723328355778576,0.4921875,0.6669988036155701,0.684341549873352,0.0,0.0,0.0026137419044971466,0.002696104347705841
base_model.model.model.layers.33.mlp.gate_proj.lora_A.weight,"(16, 2560)",0.8085269098921584,0.1583251953125,2.6015706062316895,2.8443565368652344,0.0,0.0,0.010861441493034363,0.011754737235605717
base_model.model.model.layers.33.mlp.gate_proj.lora_B.weight,"(9728, 16)",0.005369529111898951,0.49931254982948303,1.9658303260803223,1.644371747970581,0.0,0.0,0.003777703968808055,0.0033164366614073515
base_model.model.model.layers.33.mlp.up_proj.lora_A.weight,"(16, 2560)",0.8617627541387165,0.12778320908546448,2.5177063941955566,2.7524569034576416,0.0,0.0,0.010606730356812477,0.011469101533293724
base_model.model.model.layers.33.mlp.up_proj.lora_B.weight,"(9728, 16)",-0.0007367548590275402,0.5021330118179321,1.6936454772949219,1.5370596647262573,0.0,0.0,0.003249458270147443,0.003093694569543004
base_model.model.model.layers.33.self_attn.k_proj.lora_A.weight,"(16, 2560)",0.8781127120605418,0.1241455078125,2.4778923988342285,2.481961488723755,0.0,0.0,0.010400550439953804,0.010427765548229218
base_model.model.model.layers.33.self_attn.k_proj.lora_B.weight,"(1024, 16)",-0.010868258933383102,0.50628662109375,0.349442720413208,0.4185869097709656,0.0,0.0,0.002023715525865555,0.0025901959743350744
base_model.model.model.layers.33.self_attn.o_proj.lora_A.weight,"(16, 4096)",0.8368051279888669,0.1380615234375,2.5360960960388184,2.6751129627227783,0.0,0.0,0.008376390673220158,0.008793359622359276
base_model.model.model.layers.33.self_attn.o_proj.lora_B.weight,"(2560, 16)",-0.0005769962201850513,0.49543458223342896,0.8164816498756409,0.7582904100418091,0.0,0.0,0.00314607797190547,0.0029880646616220474
base_model.model.model.layers.33.self_attn.q_proj.lora_A.weight,"(16, 2560)",0.8662869113444629,0.12714843451976776,2.5077314376831055,2.5052127838134766,0.0,0.0,0.010477744042873383,0.010492635890841484
base_model.model.model.layers.33.self_attn.q_proj.lora_B.weight,"(4096, 16)",-0.002266669818760074,0.5005035400390625,0.7212851643562317,0.891687273979187,0.0,0.0,0.0020709186792373657,0.002753020264208317
base_model.model.model.layers.33.self_attn.v_proj.lora_A.weight,"(16, 2560)",0.8435817698240843,0.13364258408546448,2.5889618396759033,2.500248432159424,0.0,0.0,0.010736525058746338,0.010487331077456474
base_model.model.model.layers.33.self_attn.v_proj.lora_B.weight,"(1024, 16)",-0.017587953042428772,0.5023193359375,0.39128512144088745,0.4100726842880249,0.0,0.0,0.0023612105287611485,0.002526841824874282
base_model.model.model.layers.34.mlp.down_proj.lora_A.weight,"(16, 9728)",0.6592144645845145,0.2171502411365509,2.9794397354125977,2.7890360355377197,0.0,0.0,0.006151934154331684,0.005850715562701225
base_model.model.model.layers.34.mlp.down_proj.lora_B.weight,"(2560, 16)",-0.0030612613249306267,0.5036865472793579,0.6366803050041199,0.6105037331581116,0.0,0.0,0.0024775555357337,0.002411473309621215
base_model.model.model.layers.34.mlp.gate_proj.lora_A.weight,"(16, 2560)",0.8211394511774088,0.15046386420726776,2.670902729034424,2.6762897968292236,0.0,0.0,0.011053460650146008,0.011118889786303043
base_model.model.model.layers.34.mlp.gate_proj.lora_B.weight,"(9728, 16)",-0.0006013636595400507,0.5001349449157715,1.9538103342056274,1.5340757369995117,0.0,0.0,0.003697178792208433,0.0030907997861504555
base_model.model.model.layers.34.mlp.up_proj.lora_A.weight,"(16, 2560)",0.8330580583250755,0.14431151747703552,2.5749497413635254,2.690096378326416,0.0,0.0,0.01071147806942463,0.011182750575244427
base_model.model.model.layers.34.mlp.up_proj.lora_B.weight,"(9728, 16)",0.0021093584573010616,0.49847090244293213,1.7803877592086792,1.5437499284744263,0.0,0.0,0.003207842819392681,0.003110674675554037
base_model.model.model.layers.34.self_attn.k_proj.lora_A.weight,"(16, 2560)",0.8617768538088495,0.13083496689796448,2.534728527069092,2.4773342609405518,0.0,0.0,0.010556447319686413,0.010389329865574837
base_model.model.model.layers.34.self_attn.k_proj.lora_B.weight,"(1024, 16)",0.02844422623239578,0.490478515625,0.4619339108467102,0.42154446244239807,0.0,0.0,0.0026663870085030794,0.0025807623751461506
base_model.model.model.layers.34.self_attn.o_proj.lora_A.weight,"(16, 4096)",0.8318621950117022,0.1402435302734375,2.6018176078796387,2.58270001411438,0.0,0.0,0.008526908233761787,0.008532572537660599
base_model.model.model.layers.34.self_attn.o_proj.lora_B.weight,"(2560, 16)",0.014216037498529692,0.49323731660842896,0.7151616811752319,0.6745507121086121,0.0,0.0,0.0027845939621329308,0.0026452119927853346
base_model.model.model.layers.34.self_attn.q_proj.lora_A.weight,"(16, 2560)",0.8901416909389798,0.11369629204273224,2.455665349960327,2.4682652950286865,0.0,0.0,0.010320840403437614,0.010374422185122967
base_model.model.model.layers.34.self_attn.q_proj.lora_B.weight,"(4096, 16)",-0.007246675282150052,0.4981689453125,1.0428166389465332,0.8876861333847046,0.0,0.0,0.0030344894621521235,0.002719222567975521
base_model.model.model.layers.34.self_attn.v_proj.lora_A.weight,"(16, 2560)",0.8616289300900822,0.12485351413488388,2.5411252975463867,2.5095021724700928,0.0,0.0,0.010603058151900768,0.010520060546696186
base_model.model.model.layers.34.self_attn.v_proj.lora_B.weight,"(1024, 16)",0.008709377014419935,0.49298095703125,0.42147284746170044,0.400380939245224,0.0,0.0,0.0025594145990908146,0.0024899975396692753
base_model.model.model.layers.35.mlp.down_proj.lora_A.weight,"(16, 9728)",0.44180121209484874,0.20479543507099152,4.0016188621521,3.024251937866211,0.0,0.0,0.005970024969428778,0.00588999455794692
base_model.model.model.layers.35.mlp.down_proj.lora_B.weight,"(2560, 16)",0.02272891433707188,0.48369139432907104,0.41984251141548157,0.5503374934196472,0.0,0.0,0.001719601801596582,0.0021444736048579216
base_model.model.model.layers.35.mlp.gate_proj.lora_A.weight,"(16, 2560)",0.81303461136446,0.15058593451976776,2.6485321521759033,2.660336494445801,0.0,0.0,0.010946356691420078,0.011088193394243717
base_model.model.model.layers.35.mlp.gate_proj.lora_B.weight,"(9728, 16)",0.001885796603365385,0.4951428771018982,1.75462007522583,1.6867761611938477,0.0,0.0,0.0031980746425688267,0.0033697171602398157
base_model.model.model.layers.35.mlp.up_proj.lora_A.weight,"(16, 2560)",0.8806750898430054,0.12089844048023224,2.4928066730499268,2.5097365379333496,0.0,0.0,0.010424012318253517,0.01054931990802288
base_model.model.model.layers.35.mlp.up_proj.lora_B.weight,"(9728, 16)",0.004706661960093238,0.49737870693206787,1.7085371017456055,1.6193201541900635,0.0,0.0,0.002477139700204134,0.002953896066173911
base_model.model.model.layers.35.self_attn.k_proj.lora_A.weight,"(16, 2560)",0.8579298833889195,0.128662109375,2.5517940521240234,2.492131233215332,0.0,0.0,0.01063817460089922,0.010465756058692932
base_model.model.model.layers.35.self_attn.k_proj.lora_B.weight,"(1024, 16)",0.003200141792827189,0.4970703125,0.5375126004219055,0.43328768014907837,0.0,0.0,0.0032590993214398623,0.0026756052393466234
base_model.model.model.layers.35.self_attn.o_proj.lora_A.weight,"(16, 4096)",0.8029463448785729,0.15631103515625,2.7142627239227295,2.5635063648223877,0.0,0.0,0.008816372603178024,0.008484940975904465
base_model.model.model.layers.35.self_attn.o_proj.lora_B.weight,"(2560, 16)",0.008795983314746765,0.49958497285842896,0.7587293386459351,0.7108483910560608,0.0,0.0,0.002918666461482644,0.0027917898260056973
base_model.model.model.layers.35.self_attn.q_proj.lora_A.weight,"(16, 2560)",0.8777860377072346,0.12104491889476776,2.5105857849121094,2.47468900680542,0.0,0.0,0.010514043271541595,0.010395491495728493
base_model.model.model.layers.35.self_attn.q_proj.lora_B.weight,"(4096, 16)",-0.00732174201533588,0.5033416748046875,0.9592359066009521,0.8727941513061523,0.0,0.0,0.0028495718725025654,0.002680690959095955
base_model.model.model.layers.35.self_attn.v_proj.lora_A.weight,"(16, 2560)",0.7996123695990798,0.159912109375,2.7346303462982178,2.4490838050842285,0.0,0.0,0.011186095885932446,0.0102840606123209
base_model.model.model.layers.35.self_attn.v_proj.lora_B.weight,"(1024, 16)",-0.0009170773036680687,0.500732421875,0.5268734693527222,0.3737989068031311,0.0,0.0,0.0031162570230662823,0.0023319097235798836
base_model.model.model.layers.4.mlp.down_proj.lora_A.weight,"(16, 9728)",0.7481392544116019,0.18732653558254242,2.52484393119812,2.915952205657959,0.0,0.0,0.005407256539911032,0.006091192364692688
base_model.model.model.layers.4.mlp.down_proj.lora_B.weight,"(2560, 16)",0.006544160512158255,0.49897462129592896,0.4186144769191742,0.642299473285675,0.0,0.0,0.0016517925541847944,0.00252903182990849
base_model.model.model.layers.4.mlp.gate_proj.lora_A.weight,"(16, 2560)",0.8566230014512596,0.13242188096046448,2.4225549697875977,2.7597713470458984,0.0,0.0,0.010241391137242317,0.011415407061576843
base_model.model.model.layers.4.mlp.gate_proj.lora_B.weight,"(9728, 16)",0.017564647987105084,0.4941663146018982,1.0176163911819458,1.7340025901794434,0.0,0.0,0.0019887934904545546,0.0032631915528327227
base_model.model.model.layers.4.mlp.up_proj.lora_A.weight,"(16, 2560)",0.913739938230883,0.0972900390625,2.3831679821014404,2.5455944538116455,0.0,0.0,0.010099455714225769,0.010677529498934746
base_model.model.model.layers.4.mlp.up_proj.lora_B.weight,"(9728, 16)",0.016234177295115605,0.4951171875,0.7647905349731445,1.1417357921600342,0.0,0.0,0.0015061302110552788,0.002256339183077216
base_model.model.model.layers.4.self_attn.k_proj.lora_A.weight,"(16, 2560)",0.897810546508674,0.10888671875,2.404207706451416,2.506159782409668,0.0,0.0,0.010164854116737843,0.010492379777133465
base_model.model.model.layers.4.self_attn.k_proj.lora_B.weight,"(1024, 16)",-0.0035649296013541103,0.49462890625,0.3100987672805786,0.43884313106536865,0.0,0.0,0.00189777126070112,0.0027213639114052057
base_model.model.model.layers.4.self_attn.o_proj.lora_A.weight,"(16, 4096)",0.8928904063448154,0.114471435546875,2.407606363296509,2.5536751747131348,0.0,0.0,0.008041027933359146,0.008435162715613842
base_model.model.model.layers.4.self_attn.o_proj.lora_B.weight,"(2560, 16)",0.005035490683716779,0.49479979276657104,0.4169543385505676,0.5779992341995239,0.0,0.0,0.0016508804401382804,0.0022697802633047104
base_model.model.model.layers.4.self_attn.q_proj.lora_A.weight,"(16, 2560)",0.902809802694115,0.10739745944738388,2.3887226581573486,2.532874345779419,0.0,0.0,0.010111157782375813,0.010628877207636833
base_model.model.model.layers.4.self_attn.q_proj.lora_B.weight,"(4096, 16)",-0.009657213984836323,0.5013275146484375,0.6328680515289307,0.8566104173660278,0.0,0.0,0.0018972584512084723,0.002639285521581769
base_model.model.model.layers.4.self_attn.v_proj.lora_A.weight,"(16, 2560)",0.9169186941956977,0.09682617336511612,2.386540174484253,2.4867565631866455,0.0,0.0,0.010129851289093494,0.010469445958733559
base_model.model.model.layers.4.self_attn.v_proj.lora_B.weight,"(1024, 16)",0.026374547012816597,0.4906005859375,0.27275222539901733,0.3384859263896942,0.0,0.0,0.0016719297273084521,0.002089741174131632
base_model.model.model.layers.5.mlp.down_proj.lora_A.weight,"(16, 9728)",0.7464733644158796,0.19021767377853394,2.541130304336548,2.9169535636901855,0.0,0.0,0.005430747754871845,0.0060973577201366425
base_model.model.model.layers.5.mlp.down_proj.lora_B.weight,"(2560, 16)",0.0006999617512834958,0.49946290254592896,0.4626127779483795,0.6571817398071289,0.0,0.0,0.0018343331757932901,0.002594954567030072
base_model.model.model.layers.5.mlp.gate_proj.lora_A.weight,"(16, 2560)",0.8920515960439558,0.11201171576976776,2.3958518505096436,2.695838451385498,0.0,0.0,0.010171502828598022,0.011219166219234467
base_model.model.model.layers.5.mlp.gate_proj.lora_B.weight,"(9728, 16)",0.008767144007873838,0.4991840422153473,0.9536452293395996,1.5256683826446533,0.0,0.0,0.001876612426713109,0.0030439579859375954
base_model.model.model.layers.5.mlp.up_proj.lora_A.weight,"(16, 2560)",0.9207686576115772,0.09602050483226776,2.387691020965576,2.5556137561798096,0.0,0.0,0.010108049027621746,0.010736120864748955
base_model.model.model.layers.5.mlp.up_proj.lora_B.weight,"(9728, 16)",0.002237455674292527,0.4979762136936188,0.8806285262107849,1.1974626779556274,0.0,0.0,0.001763584790751338,0.0023795149754732847
base_model.model.model.layers.5.self_attn.k_proj.lora_A.weight,"(16, 2560)",0.9060089698672826,0.1053466796875,2.392601251602173,2.473402261734009,0.0,0.0,0.010110135190188885,0.01038068812340498
base_model.model.model.layers.5.self_attn.k_proj.lora_B.weight,"(1024, 16)",-0.016186095134328587,0.50396728515625,0.29507017135620117,0.3864065408706665,0.0,0.0,0.001808856730349362,0.0023635420948266983
base_model.model.model.layers.5.self_attn.o_proj.lora_A.weight,"(16, 4096)",0.885780830999333,0.1150360107421875,2.427088737487793,2.5580806732177734,0.0,0.0,0.008085088804364204,0.008470932021737099
base_model.model.model.layers.5.self_attn.o_proj.lora_B.weight,"(2560, 16)",0.007130689565466774,0.4988769590854645,0.48653802275657654,0.5914145112037659,0.0,0.0,0.001931475126184523,0.0023173659574240446
base_model.model.model.layers.5.self_attn.q_proj.lora_A.weight,"(16, 2560)",0.9079183199900188,0.10224609076976776,2.4010698795318604,2.5038061141967773,0.0,0.0,0.010156603530049324,0.010520954616367817
base_model.model.model.layers.5.self_attn.q_proj.lora_B.weight,"(4096, 16)",0.0015521435143132218,0.5018768310546875,0.5687534809112549,0.7818854451179504,0.0,0.0,0.0017210121732205153,0.002358716446906328
base_model.model.model.layers.5.self_attn.v_proj.lora_A.weight,"(16, 2560)",0.9111799181581229,0.10158691555261612,2.423983097076416,2.456542730331421,0.0,0.0,0.010236372239887714,0.010351581498980522
base_model.model.model.layers.5.self_attn.v_proj.lora_B.weight,"(1024, 16)",0.07591157414845828,0.4700927734375,0.3376326262950897,0.31520557403564453,0.0,0.0,0.002116634976118803,0.001953140366822481
base_model.model.model.layers.6.mlp.down_proj.lora_A.weight,"(16, 9728)",0.016004666472221818,0.24446828663349152,12.251591682434082,9.913078308105469,0.0,0.0,0.011387374252080917,0.010496733710169792
base_model.model.model.layers.6.mlp.down_proj.lora_B.weight,"(2560, 16)",0.008694384440161462,0.4981445372104645,0.5313531160354614,0.5751814246177673,0.0,0.0,0.0020534268114715815,0.0022308186162263155
base_model.model.model.layers.6.mlp.gate_proj.lora_A.weight,"(16, 2560)",0.8749148045591747,0.12275390326976776,2.4010894298553467,2.7581756114959717,0.0,0.0,0.010181533172726631,0.011446447111666203
base_model.model.model.layers.6.mlp.gate_proj.lora_B.weight,"(9728, 16)",0.0015088310552520369,0.5006681680679321,0.9741230010986328,1.471893310546875,0.0,0.0,0.0019206530414521694,0.0029573666397482157
base_model.model.model.layers.6.mlp.up_proj.lora_A.weight,"(16, 2560)",0.9146162383206999,0.09763183444738388,2.390442371368408,2.61303448677063,0.0,0.0,0.010125042870640755,0.01097811572253704
base_model.model.model.layers.6.mlp.up_proj.lora_B.weight,"(9728, 16)",0.0008886446516407393,0.4991840422153473,0.8573809266090393,1.1988776922225952,0.0,0.0,0.0017192893428727984,0.0023996068630367517
base_model.model.model.layers.6.self_attn.k_proj.lora_A.weight,"(16, 2560)",0.8916984614435639,0.11201171576976776,2.4477176666259766,2.4886634349823,0.0,0.0,0.010298405773937702,0.010452385060489178
base_model.model.model.layers.6.self_attn.k_proj.lora_B.weight,"(1024, 16)",-0.008173040133073383,0.50201416015625,0.3401762545108795,0.4152985215187073,0.0,0.0,0.002102946862578392,0.002543612150475383
base_model.model.model.layers.6.self_attn.o_proj.lora_A.weight,"(16, 4096)",0.8919825771675192,0.1134796142578125,2.4258193969726562,2.574321746826172,0.0,0.0,0.008096834644675255,0.00851341150701046
base_model.model.model.layers.6.self_attn.o_proj.lora_B.weight,"(2560, 16)",-0.0006444842975970934,0.5007568597793579,0.4548157751560211,0.5768242478370667,0.0,0.0,0.0017932925838977098,0.002244588453322649
base_model.model.model.layers.6.self_attn.q_proj.lora_A.weight,"(16, 2560)",0.9033088555373155,0.10329589992761612,2.4311084747314453,2.4962000846862793,0.0,0.0,0.010260448791086674,0.010507142171263695
base_model.model.model.layers.6.self_attn.q_proj.lora_B.weight,"(4096, 16)",0.009177869608486568,0.4967041015625,0.6552022695541382,0.8343077301979065,0.0,0.0,0.0019567168783396482,0.002556237857788801
base_model.model.model.layers.6.self_attn.v_proj.lora_A.weight,"(16, 2560)",0.9094465575404462,0.10346679389476776,2.4331886768341064,2.469505548477173,0.0,0.0,0.010264973156154156,0.010417274199426174
base_model.model.model.layers.6.self_attn.v_proj.lora_B.weight,"(1024, 16)",0.018039569703978416,0.48968505859375,0.3008873164653778,0.3395136892795563,0.0,0.0,0.0018582436023280025,0.002089068293571472
base_model.model.model.layers.7.mlp.down_proj.lora_A.weight,"(16, 9728)",0.7310628923254162,0.19670024514198303,2.642550230026245,2.849409341812134,0.0,0.0,0.00559409661218524,0.005972608458250761
base_model.model.model.layers.7.mlp.down_proj.lora_B.weight,"(2560, 16)",-0.006060643399346054,0.502148449420929,0.4661795496940613,0.561955451965332,0.0,0.0,0.0018351192120462656,0.0021931990049779415
base_model.model.model.layers.7.mlp.gate_proj.lora_A.weight,"(16, 2560)",0.8852449872544075,0.1134033203125,2.404919385910034,2.715839147567749,0.0,0.0,0.010177635587751865,0.011305687017738819
base_model.model.model.layers.7.mlp.gate_proj.lora_B.weight,"(9728, 16)",-0.0026170521061887404,0.5002570152282715,1.025935173034668,1.4316613674163818,0.0,0.0,0.0020014517940580845,0.002855186350643635
base_model.model.model.layers.7.mlp.up_proj.lora_A.weight,"(16, 2560)",0.9208463562817796,0.09616699069738388,2.395209789276123,2.563854932785034,0.0,0.0,0.01012670248746872,0.01079663448035717
base_model.model.model.layers.7.mlp.up_proj.lora_B.weight,"(9728, 16)",0.0019035958130660335,0.4980211853981018,0.8867297768592834,1.1427063941955566,0.0,0.0,0.0017732136184349656,0.0022929690312594175
base_model.model.model.layers.7.self_attn.k_proj.lora_A.weight,"(16, 2560)",0.8930200416819294,0.11223144829273224,2.4436631202697754,2.4877257347106934,0.0,0.0,0.010282362811267376,0.010442839935421944
base_model.model.model.layers.7.self_attn.k_proj.lora_B.weight,"(1024, 16)",0.006277789865046215,0.504638671875,0.31493356823921204,0.38527628779411316,0.0,0.0,0.0019145066617056727,0.0023786311503499746
base_model.model.model.layers.7.self_attn.o_proj.lora_A.weight,"(16, 4096)",0.8873946961878548,0.1141204833984375,2.430453300476074,2.5555593967437744,0.0,0.0,0.00810735672712326,0.008443904109299183
base_model.model.model.layers.7.self_attn.o_proj.lora_B.weight,"(2560, 16)",-0.0036233290331891778,0.4996337890625,0.48139190673828125,0.5738415122032166,0.0,0.0,0.0019109838176518679,0.0022373187821358442
base_model.model.model.layers.7.self_attn.q_proj.lora_A.weight,"(16, 2560)",0.9039582365555817,0.10683593899011612,2.4256362915039062,2.4713854789733887,0.0,0.0,0.010219067335128784,0.01039072684943676
base_model.model.model.layers.7.self_attn.q_proj.lora_B.weight,"(4096, 16)",-0.0006131193031884032,0.49884033203125,0.6525663733482361,0.7942006587982178,0.0,0.0,0.0019395470153540373,0.002429397776722908
base_model.model.model.layers.7.self_attn.v_proj.lora_A.weight,"(16, 2560)",0.9067317422956059,0.10493163764476776,2.4287428855895996,2.466388463973999,0.0,0.0,0.010236560367047787,0.010388283990323544
base_model.model.model.layers.7.self_attn.v_proj.lora_B.weight,"(1024, 16)",0.005208117599990399,0.49041748046875,0.2909487187862396,0.30726391077041626,0.0,0.0,0.0017933236667886376,0.001906931633129716
base_model.model.model.layers.8.mlp.down_proj.lora_A.weight,"(16, 9728)",0.7469491160617032,0.19048750400543213,2.5328214168548584,2.9118199348449707,0.0,0.0,0.0054191830568015575,0.006084444001317024
base_model.model.model.layers.8.mlp.down_proj.lora_B.weight,"(2560, 16)",0.0017674482621105121,0.5020996332168579,0.37529706954956055,0.6163904070854187,0.0,0.0,0.0014733253046870232,0.002419655676931143
base_model.model.model.layers.8.mlp.gate_proj.lora_A.weight,"(16, 2560)",0.9038202868101824,0.10817871242761612,2.3889660835266113,2.7277393341064453,0.0,0.0,0.010129365138709545,0.011391738429665565
base_model.model.model.layers.8.mlp.gate_proj.lora_B.weight,"(9728, 16)",-0.0037102635539896897,0.5001670718193054,0.9244458675384521,1.3677749633789062,0.0,0.0,0.0018015021923929453,0.00271150516346097
base_model.model.model.layers.8.mlp.up_proj.lora_A.weight,"(16, 2560)",0.9308246326455811,0.08879394829273224,2.3705620765686035,2.5760886669158936,0.0,0.0,0.010053950361907482,0.010838381946086884
base_model.model.model.layers.8.mlp.up_proj.lora_B.weight,"(9728, 16)",0.0002765673753535087,0.49874716997146606,0.8003509640693665,1.2449716329574585,0.0,0.0,0.0016073582228273153,0.002479762537404895
base_model.model.model.layers.8.self_attn.k_proj.lora_A.weight,"(16, 2560)",0.885548005492432,0.11684570461511612,2.463566303253174,2.5044665336608887,0.0,0.0,0.010361911728978157,0.010523052886128426
base_model.model.model.layers.8.self_attn.k_proj.lora_B.weight,"(1024, 16)",-0.027794919393954978,0.508056640625,0.312498539686203,0.39033564925193787,0.0,0.0,0.0018337814835831523,0.0024044672027230263
base_model.model.model.layers.8.self_attn.o_proj.lora_A.weight,"(16, 4096)",0.900189464312073,0.1086883544921875,2.4043853282928467,2.532586097717285,0.0,0.0,0.008038617670536041,0.0083833709359169
base_model.model.model.layers.8.self_attn.o_proj.lora_B.weight,"(2560, 16)",-0.005870926751890574,0.500927746295929,0.3924916386604309,0.5635619759559631,0.0,0.0,0.0015275879995897412,0.002200532704591751
base_model.model.model.layers.8.self_attn.q_proj.lora_A.weight,"(16, 2560)",0.9064822527004909,0.10322265326976776,2.4122633934020996,2.4831337928771973,0.0,0.0,0.010184451937675476,0.010433929972350597
base_model.model.model.layers.8.self_attn.q_proj.lora_B.weight,"(4096, 16)",0.01271270026559499,0.49847412109375,0.6310340762138367,0.8115289807319641,0.0,0.0,0.0018432112410664558,0.002500045346096158
base_model.model.model.layers.8.self_attn.v_proj.lora_A.weight,"(16, 2560)",0.9065987920044797,0.1068115234375,2.410088300704956,2.4757936000823975,0.0,0.0,0.010189701803028584,0.010413912124931812
base_model.model.model.layers.8.self_attn.v_proj.lora_B.weight,"(1024, 16)",0.0017760115190277996,0.503173828125,0.2665873169898987,0.29879096150398254,0.0,0.0,0.0016293661901727319,0.0018685564864426851
base_model.model.model.layers.9.mlp.down_proj.lora_A.weight,"(16, 9728)",0.761181555679344,0.18278422951698303,2.524177074432373,2.8662710189819336,0.0,0.0,0.0054064239375293255,0.005997033324092627
base_model.model.model.layers.9.mlp.down_proj.lora_B.weight,"(2560, 16)",0.0030441572199613894,0.500244140625,0.3773958683013916,0.6121866703033447,0.0,0.0,0.0014837058261036873,0.002404024824500084
base_model.model.model.layers.9.mlp.gate_proj.lora_A.weight,"(16, 2560)",0.8923853546607339,0.11516113579273224,2.393507957458496,2.722527503967285,0.0,0.0,0.010170352645218372,0.011331538669764996
base_model.model.model.layers.9.mlp.gate_proj.lora_B.weight,"(9728, 16)",0.005104128619633329,0.49915194511413574,0.9013453125953674,1.5037955045700073,0.0,0.0,0.001765951863490045,0.002990598324686289
base_model.model.model.layers.9.mlp.up_proj.lora_A.weight,"(16, 2560)",0.929762891148662,0.08916015923023224,2.3769547939300537,2.557708501815796,0.0,0.0,0.010102750733494759,0.010786357335746288
base_model.model.model.layers.9.mlp.up_proj.lora_B.weight,"(9728, 16)",0.003586889561430457,0.4997943937778473,0.7659921646118164,1.2018749713897705,0.0,0.0,0.0015301047824323177,0.002401498146355152
base_model.model.model.layers.9.self_attn.k_proj.lora_A.weight,"(16, 2560)",0.9054980095874564,0.10463867336511612,2.413386106491089,2.469438314437866,0.0,0.0,0.010190924629569054,0.01037017535418272
base_model.model.model.layers.9.self_attn.k_proj.lora_B.weight,"(1024, 16)",0.02859348253615011,0.4962158203125,0.29649022221565247,0.3825683891773224,0.0,0.0,0.0017789199482649565,0.0023634019307792187
base_model.model.model.layers.9.self_attn.o_proj.lora_A.weight,"(16, 4096)",0.9013414706499471,0.105224609375,2.3945729732513428,2.5273525714874268,0.0,0.0,0.008005229756236076,0.008370965719223022
base_model.model.model.layers.9.self_attn.o_proj.lora_B.weight,"(2560, 16)",0.004777045116566796,0.501171886920929,0.3391532897949219,0.5743375420570374,0.0,0.0,0.0013293831143528223,0.0022622656542807817
base_model.model.model.layers.9.self_attn.q_proj.lora_A.weight,"(16, 2560)",0.9058526287584331,0.10373535007238388,2.4116733074188232,2.50296950340271,0.0,0.0,0.010214732959866524,0.01053204108029604
base_model.model.model.layers.9.self_attn.q_proj.lora_B.weight,"(4096, 16)",0.005081026744679805,0.50518798828125,0.6522558331489563,0.811748206615448,0.0,0.0,0.001929203630425036,0.0025231344625353813
base_model.model.model.layers.9.self_attn.v_proj.lora_A.weight,"(16, 2560)",0.9132860034458489,0.10041503608226776,2.3860654830932617,2.4881069660186768,0.0,0.0,0.010113578289747238,0.010439228266477585
base_model.model.model.layers.9.self_attn.v_proj.lora_B.weight,"(1024, 16)",0.02087031503988842,0.49371337890625,0.22458094358444214,0.31768712401390076,0.0,0.0,0.0013712109066545963,0.0019840658642351627
