key,shape,cosine,conflict_frac,a_l2,b_l2,a_zero_frac,b_zero_frac,a_abs_mean,b_abs_mean
base_model.model.model.layers.0.mlp.down_proj.lora_A.weight,"(16, 9728)",0.7506951120820531,0.18628571927547455,2.5302071571350098,2.913710594177246,0.0,0.0,0.00541837140917778,0.006079315207898617
base_model.model.model.layers.0.mlp.down_proj.lora_B.weight,"(2560, 16)",0.0034067665370219936,0.5006347894668579,0.37675315141677856,0.6093747615814209,0.0,0.0,0.0014901073882356286,0.002370792906731367
base_model.model.model.layers.0.mlp.gate_proj.lora_A.weight,"(16, 2560)",0.9268324725045866,0.0841064453125,2.3485896587371826,2.6458280086517334,0.0,0.0,0.010005064308643341,0.011079363524913788
base_model.model.model.layers.0.mlp.gate_proj.lora_B.weight,"(9728, 16)",0.0015535300684067638,0.5002698302268982,0.7507290244102478,1.2566722631454468,0.0,0.0,0.0015149713726714253,0.0024686958640813828
base_model.model.model.layers.0.mlp.up_proj.lora_A.weight,"(16, 2560)",0.9390269494392809,0.07956542819738388,2.345505952835083,2.595308303833008,0.0,0.0,0.009992741048336029,0.010915443301200867
base_model.model.model.layers.0.mlp.up_proj.lora_B.weight,"(9728, 16)",-0.00014856525044192598,0.5009444355964661,0.7268389463424683,1.2632694244384766,0.0,0.0,0.0014727425295859575,0.0025037983432412148
base_model.model.model.layers.0.self_attn.k_proj.lora_A.weight,"(16, 2560)",0.9249805861465737,0.09372558444738388,2.3996593952178955,2.4675214290618896,0.0,0.0,0.010158553719520569,0.010380377061665058
base_model.model.model.layers.0.self_attn.k_proj.lora_B.weight,"(1024, 16)",-0.014897663439364904,0.502685546875,0.3241286873817444,0.3751521110534668,0.0,0.0,0.001985754119232297,0.0022771412041038275
base_model.model.model.layers.0.self_attn.o_proj.lora_A.weight,"(16, 4096)",0.9231651209199121,0.0912933349609375,2.3843324184417725,2.459005355834961,0.0,0.0,0.007993635721504688,0.008190062828361988
base_model.model.model.layers.0.self_attn.o_proj.lora_B.weight,"(2560, 16)",0.007458324804622663,0.4994873106479645,0.3912956416606903,0.5189754962921143,0.0,0.0,0.0015505849150940776,0.0020049267914146185
base_model.model.model.layers.0.self_attn.q_proj.lora_A.weight,"(16, 2560)",0.9383285104424814,0.0826416015625,2.392765998840332,2.4459493160247803,0.0,0.0,0.010159799829125404,0.010361209511756897
base_model.model.model.layers.0.self_attn.q_proj.lora_B.weight,"(4096, 16)",0.013458966936553327,0.4956207275390625,0.6279144287109375,0.7280095815658569,0.0,0.0,0.0019290336640551686,0.0021761050447821617
base_model.model.model.layers.0.self_attn.v_proj.lora_A.weight,"(16, 2560)",0.9290387620286659,0.088623046875,2.3991405963897705,2.4559414386749268,0.0,0.0,0.010183659382164478,0.010379161685705185
base_model.model.model.layers.0.self_attn.v_proj.lora_B.weight,"(1024, 16)",0.025205487205725456,0.4892578125,0.27564874291419983,0.3514646887779236,0.0,0.0,0.0017265754286199808,0.002108896616846323
base_model.model.model.layers.1.mlp.down_proj.lora_A.weight,"(16, 9728)",0.4128606902868134,0.12690815329551697,2.9732909202575684,4.087612152099609,0.0,0.0,0.005530392751097679,0.006274020299315453
base_model.model.model.layers.1.mlp.down_proj.lora_B.weight,"(2560, 16)",0.00010665452171153943,0.4985595643520355,0.3548605740070343,0.5483416318893433,0.0,0.0,0.0014040014939382672,0.002052685711532831
base_model.model.model.layers.1.mlp.gate_proj.lora_A.weight,"(16, 2560)",0.898545689426998,0.10986328125,2.3899755477905273,2.572692632675171,0.0,0.0,0.010128753259778023,0.01073849480599165
base_model.model.model.layers.1.mlp.gate_proj.lora_B.weight,"(9728, 16)",0.20018470296187973,0.3471294343471527,1.2495110034942627,1.5032076835632324,0.0,0.0,0.0021017289254814386,0.0023789438419044018
base_model.model.model.layers.1.mlp.up_proj.lora_A.weight,"(16, 2560)",0.928125579712067,0.09018554538488388,2.3781321048736572,2.487072229385376,0.0,0.0,0.010110746137797832,0.010480399243533611
base_model.model.model.layers.1.mlp.up_proj.lora_B.weight,"(9728, 16)",0.18378186981445474,0.3753276765346527,1.2021583318710327,1.1141246557235718,0.0,0.0,0.0019032909767702222,0.001993103651329875
base_model.model.model.layers.1.self_attn.k_proj.lora_A.weight,"(16, 2560)",0.9365760199364459,0.08225097507238388,2.372633218765259,2.4225997924804688,0.0,0.0,0.01005522534251213,0.010229486040771008
base_model.model.model.layers.1.self_attn.k_proj.lora_B.weight,"(1024, 16)",0.016161651224656147,0.48388671875,0.23585717380046844,0.33813345432281494,0.0,0.0,0.0014444682747125626,0.0019963167142122984
base_model.model.model.layers.1.self_attn.o_proj.lora_A.weight,"(16, 4096)",0.9135810176291881,0.1014404296875,2.3670971393585205,2.491105556488037,0.0,0.0,0.00792587548494339,0.008244337514042854
base_model.model.model.layers.1.self_attn.o_proj.lora_B.weight,"(2560, 16)",0.023214277076402317,0.49201661348342896,0.35042116045951843,0.5714099407196045,0.0,0.0,0.0013889828696846962,0.002227082382887602
base_model.model.model.layers.1.self_attn.q_proj.lora_A.weight,"(16, 2560)",0.9413669389104601,0.0780029296875,2.3754851818084717,2.42425537109375,0.0,0.0,0.010094719007611275,0.010254058055579662
base_model.model.model.layers.1.self_attn.q_proj.lora_B.weight,"(4096, 16)",0.01090806780663353,0.49151611328125,0.4732432961463928,0.6750800609588623,0.0,0.0,0.0014527151361107826,0.002003145171329379
base_model.model.model.layers.1.self_attn.v_proj.lora_A.weight,"(16, 2560)",0.9464090608519402,0.0736083984375,2.3800981044769287,2.389249563217163,0.0,0.0,0.010100536048412323,0.010145428590476513
base_model.model.model.layers.1.self_attn.v_proj.lora_B.weight,"(1024, 16)",0.0324772422149587,0.491455078125,0.2461441159248352,0.27400365471839905,0.0,0.0,0.0015322004910558462,0.0016383937327191234
base_model.model.model.layers.10.mlp.down_proj.lora_A.weight,"(16, 9728)",0.7729670059445966,0.17691200971603394,2.49707293510437,2.862386703491211,0.0,0.0,0.0053612529300153255,0.005997308995574713
base_model.model.model.layers.10.mlp.down_proj.lora_B.weight,"(2560, 16)",0.003044707262856006,0.49897462129592896,0.37755274772644043,0.6000096201896667,0.0,0.0,0.0014788886765018106,0.0023647169582545757
base_model.model.model.layers.10.mlp.gate_proj.lora_A.weight,"(16, 2560)",0.880594968143837,0.1231689453125,2.3918917179107666,2.801328182220459,0.0,0.0,0.010182556696236134,0.011621342971920967
base_model.model.model.layers.10.mlp.gate_proj.lora_B.weight,"(9728, 16)",-0.0015150726652327503,0.5003662109375,0.9581006169319153,1.5614171028137207,0.0,0.0,0.0018858975963667035,0.0031218500807881355
base_model.model.model.layers.10.mlp.up_proj.lora_A.weight,"(16, 2560)",0.9267674966638559,0.08969726413488388,2.3707990646362305,2.5916285514831543,0.0,0.0,0.010089889168739319,0.010905285365879536
base_model.model.model.layers.10.mlp.up_proj.lora_B.weight,"(9728, 16)",0.0009859047250407526,0.5000706911087036,0.7442227005958557,1.2167967557907104,0.0,0.0,0.0014913876075297594,0.002456262009218335
base_model.model.model.layers.10.self_attn.k_proj.lora_A.weight,"(16, 2560)",0.9044740224545227,0.10578612983226776,2.3965845108032227,2.485581874847412,0.0,0.0,0.010156741365790367,0.010431688278913498
base_model.model.model.layers.10.self_attn.k_proj.lora_B.weight,"(1024, 16)",-0.00245549316572234,0.50457763671875,0.2711326479911804,0.41752496361732483,0.0,0.0,0.0016556757036596537,0.002590365009382367
base_model.model.model.layers.10.self_attn.o_proj.lora_A.weight,"(16, 4096)",0.9004982425490706,0.1083221435546875,2.3867809772491455,2.568882942199707,0.0,0.0,0.008007185533642769,0.008495347574353218
base_model.model.model.layers.10.self_attn.o_proj.lora_B.weight,"(2560, 16)",0.0017200705529488397,0.501147449016571,0.37949854135513306,0.6005768775939941,0.0,0.0,0.0014631574740633368,0.002368555637076497
base_model.model.model.layers.10.self_attn.q_proj.lora_A.weight,"(16, 2560)",0.9144600767556703,0.10004882514476776,2.391754150390625,2.4747231006622314,0.0,0.0,0.010132995434105396,0.010404815897345543
base_model.model.model.layers.10.self_attn.q_proj.lora_B.weight,"(4096, 16)",0.004842601241788221,0.4962310791015625,0.5110280513763428,0.8010469079017639,0.0,0.0,0.0015563959022983909,0.0024865400046110153
base_model.model.model.layers.10.self_attn.v_proj.lora_A.weight,"(16, 2560)",0.926203434905571,0.09394530951976776,2.3664731979370117,2.4592456817626953,0.0,0.0,0.010045240633189678,0.010338653810322285
base_model.model.model.layers.10.self_attn.v_proj.lora_B.weight,"(1024, 16)",-0.001975109326521683,0.50274658203125,0.22725118696689606,0.3358440697193146,0.0,0.0,0.0014144115848466754,0.0020926313009113073
base_model.model.model.layers.11.mlp.down_proj.lora_A.weight,"(16, 9728)",0.7629366251182154,0.18340742588043213,2.5032782554626465,2.899806022644043,0.0,0.0,0.005370607133954763,0.006057138554751873
base_model.model.model.layers.11.mlp.down_proj.lora_B.weight,"(2560, 16)",-0.0009751371825724218,0.5006103515625,0.3778533935546875,0.5981686115264893,0.0,0.0,0.0014738396275788546,0.002360760001465678
base_model.model.model.layers.11.mlp.gate_proj.lora_A.weight,"(16, 2560)",0.881081933298759,0.12004394829273224,2.379868268966675,2.818749189376831,0.0,0.0,0.010134170763194561,0.011693496257066727
base_model.model.model.layers.11.mlp.gate_proj.lora_B.weight,"(9728, 16)",0.005952433519020896,0.49766138195991516,0.9024193286895752,1.5201371908187866,0.0,0.0,0.0017875711200758815,0.0030482118017971516
base_model.model.model.layers.11.mlp.up_proj.lora_A.weight,"(16, 2560)",0.9201252340752298,0.0977783203125,2.3722777366638184,2.625950813293457,0.0,0.0,0.010090412572026253,0.011016426607966423
base_model.model.model.layers.11.mlp.up_proj.lora_B.weight,"(9728, 16)",-0.0007881929515405641,0.5010857582092285,0.7937417030334473,1.2988959550857544,0.0,0.0,0.001587853766977787,0.0026079360395669937
base_model.model.model.layers.11.self_attn.k_proj.lora_A.weight,"(16, 2560)",0.9127379041615411,0.10063476860523224,2.3992910385131836,2.4596152305603027,0.0,0.0,0.010142910294234753,0.010338684543967247
base_model.model.model.layers.11.self_attn.k_proj.lora_B.weight,"(1024, 16)",0.014278666804303168,0.4996337890625,0.2742172181606293,0.4013276994228363,0.0,0.0,0.0016882757190614939,0.0024619365576654673
base_model.model.model.layers.11.self_attn.o_proj.lora_A.weight,"(16, 4096)",0.8852514038726644,0.1172637939453125,2.395479202270508,2.598257064819336,0.0,0.0,0.008020903915166855,0.008557140827178955
base_model.model.model.layers.11.self_attn.o_proj.lora_B.weight,"(2560, 16)",0.006528526235731893,0.4976806640625,0.40913283824920654,0.6117973923683167,0.0,0.0,0.001575224450789392,0.002404178259894252
base_model.model.model.layers.11.self_attn.q_proj.lora_A.weight,"(16, 2560)",0.9178171506009278,0.09658203274011612,2.396573781967163,2.4727580547332764,0.0,0.0,0.010151566937565804,0.01040213368833065
base_model.model.model.layers.11.self_attn.q_proj.lora_B.weight,"(4096, 16)",0.011978588964373964,0.4972076416015625,0.5543798804283142,0.8246492743492126,0.0,0.0,0.0016801808960735798,0.002550958190113306
base_model.model.model.layers.11.self_attn.v_proj.lora_A.weight,"(16, 2560)",0.9178322525755238,0.09792480617761612,2.358863115310669,2.4938299655914307,0.0,0.0,0.010018398985266685,0.010450439527630806
base_model.model.model.layers.11.self_attn.v_proj.lora_B.weight,"(1024, 16)",0.008105648185582586,0.49169921875,0.25771528482437134,0.369625061750412,0.0,0.0,0.0015876619145274162,0.0023086683358997107
base_model.model.model.layers.12.mlp.down_proj.lora_A.weight,"(16, 9728)",0.7590499802937186,0.18401777744293213,2.4935500621795654,2.9179694652557373,0.0,0.0,0.005355841014534235,0.006095266435295343
base_model.model.model.layers.12.mlp.down_proj.lora_B.weight,"(2560, 16)",0.005296164616171304,0.4996093809604645,0.3906223177909851,0.6164312958717346,0.0,0.0,0.0015295023331418633,0.0024409317411482334
base_model.model.model.layers.12.mlp.gate_proj.lora_A.weight,"(16, 2560)",0.8832903024766032,0.11989746242761612,2.385340929031372,2.786726713180542,0.0,0.0,0.01012326031923294,0.011565024964511395
base_model.model.model.layers.12.mlp.gate_proj.lora_B.weight,"(9728, 16)",-0.00341758928713484,0.4995245635509491,0.9723393321037292,1.4949203729629517,0.0,0.0,0.0019030903931707144,0.0029946111608296633
base_model.model.model.layers.12.mlp.up_proj.lora_A.weight,"(16, 2560)",0.9232628214116934,0.094482421875,2.361665725708008,2.6292359828948975,0.0,0.0,0.010052536614239216,0.011018347926437855
base_model.model.model.layers.12.mlp.up_proj.lora_B.weight,"(9728, 16)",0.0029188732407962573,0.49806615710258484,0.7549745440483093,1.2983150482177734,0.0,0.0,0.0015093040419742465,0.002611634088680148
base_model.model.model.layers.12.self_attn.k_proj.lora_A.weight,"(16, 2560)",0.9081157300591773,0.10539551079273224,2.368809223175049,2.483142137527466,0.0,0.0,0.010030301287770271,0.01039392314851284
base_model.model.model.layers.12.self_attn.k_proj.lora_B.weight,"(1024, 16)",0.012051231286793052,0.49212646484375,0.2120044231414795,0.41324111819267273,0.0,0.0,0.0012832650681957603,0.00258006458170712
base_model.model.model.layers.12.self_attn.o_proj.lora_A.weight,"(16, 4096)",0.8934344287909382,0.1112518310546875,2.3812015056610107,2.5818374156951904,0.0,0.0,0.007981506176292896,0.008515292778611183
base_model.model.model.layers.12.self_attn.o_proj.lora_B.weight,"(2560, 16)",-0.00332911323734954,0.502978503704071,0.3543521463871002,0.6253829002380371,0.0,0.0,0.0013895188458263874,0.0024632879067212343
base_model.model.model.layers.12.self_attn.q_proj.lora_A.weight,"(16, 2560)",0.9202439437137687,0.0946044921875,2.3750081062316895,2.493844985961914,0.0,0.0,0.010082182474434376,0.010480943135917187
base_model.model.model.layers.12.self_attn.q_proj.lora_B.weight,"(4096, 16)",0.017007197397791135,0.493255615234375,0.45914825797080994,0.8236897587776184,0.0,0.0,0.0013801625464111567,0.0025286893360316753
base_model.model.model.layers.12.self_attn.v_proj.lora_A.weight,"(16, 2560)",0.9308040364678852,0.08671875298023224,2.373673677444458,2.464576244354248,0.0,0.0,0.010073939338326454,0.010366545058786869
base_model.model.model.layers.12.self_attn.v_proj.lora_B.weight,"(1024, 16)",-0.0018837635759466115,0.50079345703125,0.23236721754074097,0.34207290410995483,0.0,0.0,0.0014405956026166677,0.002124505816027522
base_model.model.model.layers.13.mlp.down_proj.lora_A.weight,"(16, 9728)",0.7605227630840313,0.18453818559646606,2.5153751373291016,2.8997838497161865,0.0,0.0,0.005394341889768839,0.006067197769880295
base_model.model.model.layers.13.mlp.down_proj.lora_B.weight,"(2560, 16)",-0.006151448059190306,0.49943846464157104,0.4050869941711426,0.6060118079185486,0.0,0.0,0.001575591741129756,0.0023874733597040176
base_model.model.model.layers.13.mlp.gate_proj.lora_A.weight,"(16, 2560)",0.8809501285441516,0.12224121391773224,2.3882734775543213,2.7816665172576904,0.0,0.0,0.010143878869712353,0.011539274826645851
base_model.model.model.layers.13.mlp.gate_proj.lora_B.weight,"(9728, 16)",-0.001618720005360478,0.4990362823009491,1.0010660886764526,1.4880632162094116,0.0,0.0,0.0019347103079780936,0.0029798955656588078
base_model.model.model.layers.13.mlp.up_proj.lora_A.weight,"(16, 2560)",0.9227928569099172,0.09257812798023224,2.3722822666168213,2.619513511657715,0.0,0.0,0.01009282935410738,0.010989932343363762
base_model.model.model.layers.13.mlp.up_proj.lora_B.weight,"(9728, 16)",0.004721309940396158,0.4978284239768982,0.8087005019187927,1.2455458641052246,0.0,0.0,0.0016034734435379505,0.0025016814470291138
base_model.model.model.layers.13.self_attn.k_proj.lora_A.weight,"(16, 2560)",0.8919065575855998,0.11357422173023224,2.4242100715637207,2.504802942276001,0.0,0.0,0.01024327240884304,0.010492565110325813
base_model.model.model.layers.13.self_attn.k_proj.lora_B.weight,"(1024, 16)",0.005701372734412962,0.4990234375,0.32119083404541016,0.42171549797058105,0.0,0.0,0.0019346114713698626,0.0026070987805724144
base_model.model.model.layers.13.self_attn.o_proj.lora_A.weight,"(16, 4096)",0.879943802885515,0.1169281005859375,2.409700393676758,2.6248574256896973,0.0,0.0,0.008070653304457664,0.008639983832836151
base_model.model.model.layers.13.self_attn.o_proj.lora_B.weight,"(2560, 16)",0.0007084950583183626,0.502856433391571,0.3808249533176422,0.6515215039253235,0.0,0.0,0.0014786900719627738,0.002563533838838339
base_model.model.model.layers.13.self_attn.q_proj.lora_A.weight,"(16, 2560)",0.9142680087549547,0.09890136867761612,2.392526149749756,2.5150299072265625,0.0,0.0,0.010156494565308094,0.010567769408226013
base_model.model.model.layers.13.self_attn.q_proj.lora_B.weight,"(4096, 16)",-0.003982234860235655,0.50048828125,0.5963907241821289,0.8795090317726135,0.0,0.0,0.0017903747502714396,0.002721885684877634
base_model.model.model.layers.13.self_attn.v_proj.lora_A.weight,"(16, 2560)",0.9195489391335933,0.09665527194738388,2.3770840167999268,2.5095055103302,0.0,0.0,0.01009412296116352,0.01051991619169712
base_model.model.model.layers.13.self_attn.v_proj.lora_B.weight,"(1024, 16)",0.022091616625938698,0.4937744140625,0.251243531703949,0.36404746770858765,0.0,0.0,0.0015239135827869177,0.002255252795293927
base_model.model.model.layers.14.mlp.down_proj.lora_A.weight,"(16, 9728)",0.7731418472635456,0.17515163123607635,2.516118288040161,2.8527395725250244,0.0,0.0,0.005391961894929409,0.005983706563711166
base_model.model.model.layers.14.mlp.down_proj.lora_B.weight,"(2560, 16)",0.0011145690529038744,0.49609375,0.37789493799209595,0.6027894616127014,0.0,0.0,0.0014760870253667235,0.0023805403616279364
base_model.model.model.layers.14.mlp.gate_proj.lora_A.weight,"(16, 2560)",0.8843175297046728,0.11979980766773224,2.3933849334716797,2.78707218170166,0.0,0.0,0.010158682242035866,0.011586938053369522
base_model.model.model.layers.14.mlp.gate_proj.lora_B.weight,"(9728, 16)",-0.0018491409678812092,0.5006746053695679,0.9562062621116638,1.4755319356918335,0.0,0.0,0.0018543271580711007,0.0029499337542802095
base_model.model.model.layers.14.mlp.up_proj.lora_A.weight,"(16, 2560)",0.9283624659402803,0.08903808891773224,2.3730032444000244,2.6071557998657227,0.0,0.0,0.010112225078046322,0.01095637772232294
base_model.model.model.layers.14.mlp.up_proj.lora_B.weight,"(9728, 16)",0.003120832961248148,0.49725019931793213,0.7707931995391846,1.277263879776001,0.0,0.0,0.0015289371367543936,0.002564358292147517
base_model.model.model.layers.14.self_attn.k_proj.lora_A.weight,"(16, 2560)",0.9085107389383723,0.10227050632238388,2.3843894004821777,2.4944469928741455,0.0,0.0,0.010099994018673897,0.010467386804521084
base_model.model.model.layers.14.self_attn.k_proj.lora_B.weight,"(1024, 16)",0.043040547830299224,0.47845458984375,0.24436019361019135,0.40667322278022766,0.0,0.0,0.00149231415707618,0.002523851115256548
base_model.model.model.layers.14.self_attn.o_proj.lora_A.weight,"(16, 4096)",0.890641674145544,0.114776611328125,2.38265323638916,2.5900659561157227,0.0,0.0,0.007971365004777908,0.008531391620635986
base_model.model.model.layers.14.self_attn.o_proj.lora_B.weight,"(2560, 16)",0.0013292601679221342,0.49760740995407104,0.38703158497810364,0.6478460431098938,0.0,0.0,0.0015039893332868814,0.0025484333746135235
base_model.model.model.layers.14.self_attn.q_proj.lora_A.weight,"(16, 2560)",0.9099616311964069,0.10371093451976776,2.401660203933716,2.499610662460327,0.0,0.0,0.010167442262172699,0.01050955057144165
base_model.model.model.layers.14.self_attn.q_proj.lora_B.weight,"(4096, 16)",0.006003285752403362,0.4966278076171875,0.6200335025787354,0.8625116348266602,0.0,0.0,0.0018324283882975578,0.002643655752763152
base_model.model.model.layers.14.self_attn.v_proj.lora_A.weight,"(16, 2560)",0.9212671638819375,0.09309081733226776,2.3801958560943604,2.4883196353912354,0.0,0.0,0.01010535191744566,0.010439756326377392
base_model.model.model.layers.14.self_attn.v_proj.lora_B.weight,"(1024, 16)",0.007016209160148025,0.4990234375,0.24516521394252777,0.36039748787879944,0.0,0.0,0.0014939159154891968,0.0022384191397577524
base_model.model.model.layers.15.mlp.down_proj.lora_A.weight,"(16, 9728)",0.7682305108386739,0.17526084184646606,2.5246546268463135,2.8490262031555176,0.0,0.0,0.005405703093856573,0.005973635707050562
base_model.model.model.layers.15.mlp.down_proj.lora_B.weight,"(2560, 16)",-0.0034081682296656017,0.5038086175918579,0.3748827278614044,0.6103687882423401,0.0,0.0,0.0014580119168385863,0.002398541895672679
base_model.model.model.layers.15.mlp.gate_proj.lora_A.weight,"(16, 2560)",0.8932807190106484,0.11330566555261612,2.3942742347717285,2.736064910888672,0.0,0.0,0.010174794122576714,0.011410621926188469
base_model.model.model.layers.15.mlp.gate_proj.lora_B.weight,"(9728, 16)",0.006613494597566656,0.49710243940353394,0.9723944067955017,1.4761444330215454,0.0,0.0,0.0018747408175840974,0.00294116185978055
base_model.model.model.layers.15.mlp.up_proj.lora_A.weight,"(16, 2560)",0.929021112497619,0.09018554538488388,2.370784044265747,2.586951494216919,0.0,0.0,0.010079513303935528,0.010865556076169014
base_model.model.model.layers.15.mlp.up_proj.lora_B.weight,"(9728, 16)",0.0031578273216379712,0.49916478991508484,0.7691895365715027,1.293950080871582,0.0,0.0,0.0015236876206472516,0.002589730778709054
base_model.model.model.layers.15.self_attn.k_proj.lora_A.weight,"(16, 2560)",0.9076590232147568,0.10366211086511612,2.4012460708618164,2.4885127544403076,0.0,0.0,0.010163316503167152,0.010459323413670063
base_model.model.model.layers.15.self_attn.k_proj.lora_B.weight,"(1024, 16)",0.010382541048757517,0.49896240234375,0.2222195863723755,0.40214207768440247,0.0,0.0,0.0013321212027221918,0.002497292822226882
base_model.model.model.layers.15.self_attn.o_proj.lora_A.weight,"(16, 4096)",0.8988266316782606,0.108367919921875,2.386007308959961,2.5613303184509277,0.0,0.0,0.008001517504453659,0.008464163169264793
base_model.model.model.layers.15.self_attn.o_proj.lora_B.weight,"(2560, 16)",-0.0003589424877927401,0.5020507574081421,0.363856703042984,0.6271533966064453,0.0,0.0,0.001415711478330195,0.0024671582505106926
base_model.model.model.layers.15.self_attn.q_proj.lora_A.weight,"(16, 2560)",0.9088066448510635,0.10300292819738388,2.400904893875122,2.5045461654663086,0.0,0.0,0.010164833627641201,0.010518964380025864
base_model.model.model.layers.15.self_attn.q_proj.lora_B.weight,"(4096, 16)",-0.02728856768357222,0.5048675537109375,0.5787157416343689,0.849888026714325,0.0,0.0,0.0017122323624789715,0.002618025988340378
base_model.model.model.layers.15.self_attn.v_proj.lora_A.weight,"(16, 2560)",0.9328286370602926,0.08769531548023224,2.3497869968414307,2.460724115371704,0.0,0.0,0.010002692230045795,0.010361307300627232
base_model.model.model.layers.15.self_attn.v_proj.lora_B.weight,"(1024, 16)",0.029581482591994758,0.47967529296875,0.20249703526496887,0.3283749520778656,0.0,0.0,0.0012450111098587513,0.0020602624863386154
base_model.model.model.layers.16.mlp.down_proj.lora_A.weight,"(16, 9728)",0.7699738953348185,0.1772332489490509,2.5164763927459717,2.8424360752105713,0.0,0.0,0.005389970261603594,0.005957793444395065
base_model.model.model.layers.16.mlp.down_proj.lora_B.weight,"(2560, 16)",0.0043244114866241665,0.4995361268520355,0.40089476108551025,0.6045190691947937,0.0,0.0,0.001555706257931888,0.0023937083315104246
base_model.model.model.layers.16.mlp.gate_proj.lora_A.weight,"(16, 2560)",0.8827005524512963,0.11965332180261612,2.3882994651794434,2.7820518016815186,0.0,0.0,0.010136661119759083,0.011545896530151367
base_model.model.model.layers.16.mlp.gate_proj.lora_B.weight,"(9728, 16)",-0.0004557038855552479,0.5012913942337036,0.9704353213310242,1.4608649015426636,0.0,0.0,0.0018750752788037062,0.002918694168329239
base_model.model.model.layers.16.mlp.up_proj.lora_A.weight,"(16, 2560)",0.9259718303742456,0.09077148139476776,2.373966693878174,2.5900495052337646,0.0,0.0,0.01010330580174923,0.0108991963788867
base_model.model.model.layers.16.mlp.up_proj.lora_B.weight,"(9728, 16)",0.001087716515668884,0.5002184510231018,0.7457424998283386,1.3011285066604614,0.0,0.0,0.0014781344216316938,0.0026185179594904184
base_model.model.model.layers.16.self_attn.k_proj.lora_A.weight,"(16, 2560)",0.8971738797492081,0.10739745944738388,2.3942975997924805,2.514902114868164,0.0,0.0,0.010140568017959595,0.010531057603657246
base_model.model.model.layers.16.self_attn.k_proj.lora_B.weight,"(1024, 16)",0.010673546998419435,0.489990234375,0.2670109272003174,0.4488412141799927,0.0,0.0,0.001614397973753512,0.0027775585185736418
base_model.model.model.layers.16.self_attn.o_proj.lora_A.weight,"(16, 4096)",0.8983559662602918,0.1111602783203125,2.365748405456543,2.580977201461792,0.0,0.0,0.00794496200978756,0.008513365872204304
base_model.model.model.layers.16.self_attn.o_proj.lora_B.weight,"(2560, 16)",0.009101391963628273,0.5002685785293579,0.34073859453201294,0.6366164684295654,0.0,0.0,0.0013183800037950277,0.002510747639462352
base_model.model.model.layers.16.self_attn.q_proj.lora_A.weight,"(16, 2560)",0.9142494628421227,0.099853515625,2.380427837371826,2.520364999771118,0.0,0.0,0.010111081413924694,0.010574309155344963
base_model.model.model.layers.16.self_attn.q_proj.lora_B.weight,"(4096, 16)",0.005343245181078468,0.49566650390625,0.48207372426986694,0.8535977602005005,0.0,0.0,0.0014343953225761652,0.002633008174598217
base_model.model.model.layers.16.self_attn.v_proj.lora_A.weight,"(16, 2560)",0.9220960382325211,0.09323730319738388,2.3898322582244873,2.4863979816436768,0.0,0.0,0.0101503636687994,0.01046711578965187
base_model.model.model.layers.16.self_attn.v_proj.lora_B.weight,"(1024, 16)",-0.011643394495445481,0.49090576171875,0.22384826838970184,0.3508533239364624,0.0,0.0,0.0013454146683216095,0.0021656272001564503
base_model.model.model.layers.17.mlp.down_proj.lora_A.weight,"(16, 9728)",0.770827641427291,0.17671284079551697,2.5157506465911865,2.842297315597534,0.0,0.0,0.0053914873860776424,0.005963099654763937
base_model.model.model.layers.17.mlp.down_proj.lora_B.weight,"(2560, 16)",0.006795004234066343,0.49858397245407104,0.38811084628105164,0.6449316143989563,0.0,0.0,0.0015132901025936007,0.0025410507805645466
base_model.model.model.layers.17.mlp.gate_proj.lora_A.weight,"(16, 2560)",0.8843471549440853,0.1204833984375,2.40183424949646,2.729163885116577,0.0,0.0,0.010186722502112389,0.011328993365168571
base_model.model.model.layers.17.mlp.gate_proj.lora_B.weight,"(9728, 16)",-0.0006593397301474759,0.49969160556793213,1.0605846643447876,1.4919121265411377,0.0,0.0,0.0020377456676214933,0.002992958528921008
base_model.model.model.layers.17.mlp.up_proj.lora_A.weight,"(16, 2560)",0.924472031329453,0.09245605766773224,2.387423276901245,2.5892136096954346,0.0,0.0,0.010144670493900776,0.010876727290451527
base_model.model.model.layers.17.mlp.up_proj.lora_B.weight,"(9728, 16)",0.0027580418119604157,0.4976806640625,0.8988304138183594,1.312483787536621,0.0,0.0,0.0017494765343144536,0.00263251643627882
base_model.model.model.layers.17.self_attn.k_proj.lora_A.weight,"(16, 2560)",0.9030032585743096,0.107421875,2.3993396759033203,2.497251033782959,0.0,0.0,0.010173559188842773,0.010457213036715984
base_model.model.model.layers.17.self_attn.k_proj.lora_B.weight,"(1024, 16)",0.025041389497555945,0.48541259765625,0.2558857202529907,0.4112124741077423,0.0,0.0,0.001541621284559369,0.0025615470949560404
base_model.model.model.layers.17.self_attn.o_proj.lora_A.weight,"(16, 4096)",0.9080550953674711,0.1033935546875,2.350996494293213,2.555436611175537,0.0,0.0,0.007889855653047562,0.008432872593402863
base_model.model.model.layers.17.self_attn.o_proj.lora_B.weight,"(2560, 16)",0.012511002441384015,0.4961914122104645,0.350827157497406,0.6267680525779724,0.0,0.0,0.0013628124725073576,0.0024637198075652122
base_model.model.model.layers.17.self_attn.q_proj.lora_A.weight,"(16, 2560)",0.9147015381960169,0.0989990234375,2.3748562335968018,2.508235216140747,0.0,0.0,0.010083438828587532,0.010523847304284573
base_model.model.model.layers.17.self_attn.q_proj.lora_B.weight,"(4096, 16)",0.006184551475093628,0.4944610595703125,0.47438547015190125,0.8640128374099731,0.0,0.0,0.0014093201607465744,0.002653888426721096
base_model.model.model.layers.17.self_attn.v_proj.lora_A.weight,"(16, 2560)",0.9215647946791743,0.09477539360523224,2.3701512813568115,2.4917569160461426,0.0,0.0,0.010053427889943123,0.01046299934387207
base_model.model.model.layers.17.self_attn.v_proj.lora_B.weight,"(1024, 16)",0.019985142497197166,0.4906005859375,0.22553732991218567,0.3778073191642761,0.0,0.0,0.0013809854863211513,0.002339941216632724
base_model.model.model.layers.18.mlp.down_proj.lora_A.weight,"(16, 9728)",0.764738876723026,0.1786017119884491,2.5743026733398438,2.8079793453216553,0.0,0.0,0.005484092514961958,0.005900428630411625
base_model.model.model.layers.18.mlp.down_proj.lora_B.weight,"(2560, 16)",0.007977599366013102,0.49921876192092896,0.44486576318740845,0.6281290650367737,0.0,0.0,0.001722541986964643,0.0024756244383752346
base_model.model.model.layers.18.mlp.gate_proj.lora_A.weight,"(16, 2560)",0.8783508510539682,0.12128905951976776,2.411088466644287,2.760669708251953,0.0,0.0,0.01022764015942812,0.011484900489449501
base_model.model.model.layers.18.mlp.gate_proj.lora_B.weight,"(9728, 16)",0.0003810727942645793,0.49873432517051697,1.0044792890548706,1.5408729314804077,0.0,0.0,0.001929009798914194,0.003098477376624942
base_model.model.model.layers.18.mlp.up_proj.lora_A.weight,"(16, 2560)",0.9192615785662122,0.09494628757238388,2.3941431045532227,2.609933853149414,0.0,0.0,0.010153337381780148,0.010952765122056007
base_model.model.model.layers.18.mlp.up_proj.lora_B.weight,"(9728, 16)",-0.004147541297490291,0.4999164640903473,0.9513150453567505,1.3666068315505981,0.0,0.0,0.001867238781414926,0.0027472868096083403
base_model.model.model.layers.18.self_attn.k_proj.lora_A.weight,"(16, 2560)",0.8871815755798456,0.11464843899011612,2.426427125930786,2.5368363857269287,0.0,0.0,0.010247508063912392,0.010610250756144524
base_model.model.model.layers.18.self_attn.k_proj.lora_B.weight,"(1024, 16)",-0.023493683103333357,0.50994873046875,0.25785699486732483,0.44589880108833313,0.0,0.0,0.0015664371894672513,0.002771089319139719
base_model.model.model.layers.18.self_attn.o_proj.lora_A.weight,"(16, 4096)",0.9063715386951137,0.101593017578125,2.3851611614227295,2.542696952819824,0.0,0.0,0.007992919534444809,0.008413365110754967
base_model.model.model.layers.18.self_attn.o_proj.lora_B.weight,"(2560, 16)",0.0052497883899935574,0.49650877714157104,0.3795947730541229,0.625951886177063,0.0,0.0,0.0014761133352294564,0.002459310693666339
base_model.model.model.layers.18.self_attn.q_proj.lora_A.weight,"(16, 2560)",0.901722857111847,0.10666503757238388,2.4083242416381836,2.4992127418518066,0.0,0.0,0.010169051587581635,0.01050372701138258
base_model.model.model.layers.18.self_attn.q_proj.lora_B.weight,"(4096, 16)",0.0013303511943447974,0.49810791015625,0.5970830917358398,0.8845624923706055,0.0,0.0,0.001784354797564447,0.002741596195846796
base_model.model.model.layers.18.self_attn.v_proj.lora_A.weight,"(16, 2560)",0.9095424953172219,0.09572754055261612,2.3946731090545654,2.4919333457946777,0.0,0.0,0.010108302347362041,0.010455571115016937
base_model.model.model.layers.18.self_attn.v_proj.lora_B.weight,"(1024, 16)",0.026066506559685072,0.4842529296875,0.2621866762638092,0.35824787616729736,0.0,0.0,0.0015435810200870037,0.0022302099969238043
base_model.model.model.layers.19.mlp.down_proj.lora_A.weight,"(16, 9728)",0.7391909816244263,0.19265908002853394,2.6000123023986816,2.9127390384674072,0.0,0.0,0.005532910116016865,0.006094552110880613
base_model.model.model.layers.19.mlp.down_proj.lora_B.weight,"(2560, 16)",-0.0022125148437187703,0.5003417730331421,0.45460522174835205,0.6937133073806763,0.0,0.0,0.001765906112268567,0.002739513758569956
base_model.model.model.layers.19.mlp.gate_proj.lora_A.weight,"(16, 2560)",0.8807436118965898,0.12060546875,2.4083404541015625,2.7706480026245117,0.0,0.0,0.010209177620708942,0.011480365879833698
base_model.model.model.layers.19.mlp.gate_proj.lora_B.weight,"(9728, 16)",0.0009851673710038731,0.5009251832962036,1.0347102880477905,1.508494257926941,0.0,0.0,0.001994672929868102,0.003026774153113365
base_model.model.model.layers.19.mlp.up_proj.lora_A.weight,"(16, 2560)",0.916595377271419,0.09611816704273224,2.4097466468811035,2.5920486450195312,0.0,0.0,0.010208611376583576,0.010885125957429409
base_model.model.model.layers.19.mlp.up_proj.lora_B.weight,"(9728, 16)",-0.004006507713345025,0.5017282366752625,0.9485219717025757,1.3743172883987427,0.0,0.0,0.0018501473823562264,0.0027591323014348745
base_model.model.model.layers.19.self_attn.k_proj.lora_A.weight,"(16, 2560)",0.9108133293947375,0.10112304985523224,2.395904064178467,2.48276424407959,0.0,0.0,0.010149535723030567,0.010435168631374836
base_model.model.model.layers.19.self_attn.k_proj.lora_B.weight,"(1024, 16)",0.028506096466478538,0.48046875,0.28118249773979187,0.41702476143836975,0.0,0.0,0.001639313530176878,0.0025729541666805744
base_model.model.model.layers.19.self_attn.o_proj.lora_A.weight,"(16, 4096)",0.8950931623142979,0.1089019775390625,2.3961920738220215,2.590144395828247,0.0,0.0,0.008021860383450985,0.00854588858783245
base_model.model.model.layers.19.self_attn.o_proj.lora_B.weight,"(2560, 16)",0.0007844803888503942,0.49809569120407104,0.40511229634284973,0.6657382845878601,0.0,0.0,0.0015814632643014193,0.002613840624690056
base_model.model.model.layers.19.self_attn.q_proj.lora_A.weight,"(16, 2560)",0.9099391024456391,0.10302734375,2.3916120529174805,2.5083799362182617,0.0,0.0,0.010137486271560192,0.010519994422793388
base_model.model.model.layers.19.self_attn.q_proj.lora_B.weight,"(4096, 16)",0.017739468046768306,0.493560791015625,0.5102570056915283,0.8743682503700256,0.0,0.0,0.0014981294516474009,0.002699580043554306
base_model.model.model.layers.19.self_attn.v_proj.lora_A.weight,"(16, 2560)",0.9126207656252251,0.0982666015625,2.414409637451172,2.4807937145233154,0.0,0.0,0.010210296139121056,0.010444767773151398
base_model.model.model.layers.19.self_attn.v_proj.lora_B.weight,"(1024, 16)",0.011855009172124113,0.4901123046875,0.2757229208946228,0.38129884004592896,0.0,0.0,0.0016429659444838762,0.0023610969074070454
base_model.model.model.layers.2.mlp.down_proj.lora_A.weight,"(16, 9728)",0.8044567952459035,0.1521124541759491,2.4694199562072754,2.778815746307373,0.0,0.0,0.005314825568348169,0.005833039991557598
base_model.model.model.layers.2.mlp.down_proj.lora_B.weight,"(2560, 16)",0.01591054059791228,0.497314453125,0.41119205951690674,0.6553808450698853,0.0,0.0,0.0016201697289943695,0.0025636707432568073
base_model.model.model.layers.2.mlp.gate_proj.lora_A.weight,"(16, 2560)",0.9013507519530434,0.10686035454273224,2.3869593143463135,2.55679988861084,0.0,0.0,0.010122450068593025,0.010695891454815865
base_model.model.model.layers.2.mlp.gate_proj.lora_B.weight,"(9728, 16)",0.252389901942362,0.4088134765625,1.6117208003997803,1.798048496246338,0.0,0.0,0.0024279162753373384,0.0029165728483349085
base_model.model.model.layers.2.mlp.up_proj.lora_A.weight,"(16, 2560)",0.9177758259357574,0.09782715141773224,2.3664920330047607,2.481043577194214,0.0,0.0,0.010047162882983685,0.010439219884574413
base_model.model.model.layers.2.mlp.up_proj.lora_B.weight,"(9728, 16)",0.21417034135511995,0.42874306440353394,1.9949289560317993,2.8096718788146973,0.0,0.0,0.0028579591307789087,0.003876177128404379
base_model.model.model.layers.2.self_attn.k_proj.lora_A.weight,"(16, 2560)",0.9032907170483352,0.10791015625,2.406224250793457,2.506366014480591,0.0,0.0,0.010161882266402245,0.010516710579395294
base_model.model.model.layers.2.self_attn.k_proj.lora_B.weight,"(1024, 16)",0.03945521315117757,0.483154296875,0.2828827202320099,0.3953614830970764,0.0,0.0,0.0017164630116894841,0.002412737812846899
base_model.model.model.layers.2.self_attn.o_proj.lora_A.weight,"(16, 4096)",0.892998806290209,0.1125946044921875,2.4083542823791504,2.5272629261016846,0.0,0.0,0.008048489689826965,0.008351199328899384
base_model.model.model.layers.2.self_attn.o_proj.lora_B.weight,"(2560, 16)",0.010144985464036381,0.4986816346645355,0.40679463744163513,0.5793108940124512,0.0,0.0,0.001585905090905726,0.00227745552547276
base_model.model.model.layers.2.self_attn.q_proj.lora_A.weight,"(16, 2560)",0.9231362317787035,0.09470214694738388,2.3688156604766846,2.5032548904418945,0.0,0.0,0.010063042864203453,0.010523473843932152
base_model.model.model.layers.2.self_attn.q_proj.lora_B.weight,"(4096, 16)",-0.006331495365127439,0.4999847412109375,0.5098903179168701,0.7833575010299683,0.0,0.0,0.0015444894088432193,0.0024002715945243835
base_model.model.model.layers.2.self_attn.v_proj.lora_A.weight,"(16, 2560)",0.9293254005396144,0.0865478515625,2.393932342529297,2.44730544090271,0.0,0.0,0.010149595327675343,0.010335614904761314
base_model.model.model.layers.2.self_attn.v_proj.lora_B.weight,"(1024, 16)",0.04995945206767738,0.4842529296875,0.26469945907592773,0.316057413816452,0.0,0.0,0.001645582029595971,0.00196697935461998
base_model.model.model.layers.20.mlp.down_proj.lora_A.weight,"(16, 9728)",0.727510943407834,0.1957879364490509,2.629946231842041,2.923593044281006,0.0,0.0,0.005582554265856743,0.006114863324910402
base_model.model.model.layers.20.mlp.down_proj.lora_B.weight,"(2560, 16)",-0.007495550537373991,0.5013427734375,0.48020076751708984,0.7057291269302368,0.0,0.0,0.0018609485123306513,0.0027857262175530195
base_model.model.model.layers.20.mlp.gate_proj.lora_A.weight,"(16, 2560)",0.8786755436193427,0.12111816555261612,2.4354615211486816,2.7838377952575684,0.0,0.0,0.010313550941646099,0.011590586975216866
base_model.model.model.layers.20.mlp.gate_proj.lora_B.weight,"(9728, 16)",-0.0010842824645519275,0.49981367588043213,1.0603147745132446,1.5352835655212402,0.0,0.0,0.002037059748545289,0.003079419955611229
base_model.model.model.layers.20.mlp.up_proj.lora_A.weight,"(16, 2560)",0.9059312302424337,0.1011962890625,2.4306774139404297,2.607998847961426,0.0,0.0,0.010251088067889214,0.010948036797344685
base_model.model.model.layers.20.mlp.up_proj.lora_B.weight,"(9728, 16)",0.0009332896455047326,0.49890780448913574,1.0292891263961792,1.346232533454895,0.0,0.0,0.0020256158895790577,0.002705112099647522
base_model.model.model.layers.20.self_attn.k_proj.lora_A.weight,"(16, 2560)",0.8930603364710787,0.10976562649011612,2.4482593536376953,2.5055110454559326,0.0,0.0,0.010322741232812405,0.010511699132621288
base_model.model.model.layers.20.self_attn.k_proj.lora_B.weight,"(1024, 16)",-0.02677807846369451,0.5120849609375,0.30050352215766907,0.43425971269607544,0.0,0.0,0.0018010045168921351,0.002693259622901678
base_model.model.model.layers.20.self_attn.o_proj.lora_A.weight,"(16, 4096)",0.8879973219488024,0.113861083984375,2.4112703800201416,2.577392101287842,0.0,0.0,0.008062070235610008,0.008508605882525444
base_model.model.model.layers.20.self_attn.o_proj.lora_B.weight,"(2560, 16)",0.004419465211298154,0.500732421875,0.41025102138519287,0.6715341806411743,0.0,0.0,0.0015811517369002104,0.002646489767357707
base_model.model.model.layers.20.self_attn.q_proj.lora_A.weight,"(16, 2560)",0.9090886706667644,0.10422363132238388,2.3952858448028564,2.5063364505767822,0.0,0.0,0.010144743137061596,0.010506115853786469
base_model.model.model.layers.20.self_attn.q_proj.lora_B.weight,"(4096, 16)",-0.014303655023223314,0.5078277587890625,0.502677857875824,0.8738241195678711,0.0,0.0,0.0014893218176439404,0.0026935916393995285
base_model.model.model.layers.20.self_attn.v_proj.lora_A.weight,"(16, 2560)",0.91097944296782,0.09963379055261612,2.4097959995269775,2.491220235824585,0.0,0.0,0.01020042784512043,0.010471954010426998
base_model.model.model.layers.20.self_attn.v_proj.lora_B.weight,"(1024, 16)",-0.0014156220719429965,0.4954833984375,0.2504543662071228,0.36543262004852295,0.0,0.0,0.0015288589056581259,0.002263418398797512
base_model.model.model.layers.21.mlp.down_proj.lora_A.weight,"(16, 9728)",0.7371347188009882,0.19102077186107635,2.639038324356079,2.8660638332366943,0.0,0.0,0.005591582506895065,0.006003038492053747
base_model.model.model.layers.21.mlp.down_proj.lora_B.weight,"(2560, 16)",-0.006787854052928778,0.5041259527206421,0.5225488543510437,0.7098390460014343,0.0,0.0,0.0020314822904765606,0.0027936240658164024
base_model.model.model.layers.21.mlp.gate_proj.lora_A.weight,"(16, 2560)",0.8609314941054822,0.13002929091453552,2.468531847000122,2.7657482624053955,0.0,0.0,0.010385259985923767,0.01145744975656271
base_model.model.model.layers.21.mlp.gate_proj.lora_B.weight,"(9728, 16)",-0.0003404485321265873,0.5006103515625,1.2135099172592163,1.5430392026901245,0.0,0.0,0.0023084082640707493,0.003091744612902403
base_model.model.model.layers.21.mlp.up_proj.lora_A.weight,"(16, 2560)",0.9171555623934128,0.09577636420726776,2.441358804702759,2.5491750240325928,0.0,0.0,0.010306885465979576,0.010728400200605392
base_model.model.model.layers.21.mlp.up_proj.lora_B.weight,"(9728, 16)",0.003455259642958666,0.49779629707336426,1.0392942428588867,1.3275318145751953,0.0,0.0,0.00203349394723773,0.002636921126395464
base_model.model.model.layers.21.self_attn.k_proj.lora_A.weight,"(16, 2560)",0.8778907077786107,0.12136230617761612,2.452578544616699,2.5092642307281494,0.0,0.0,0.010314421728253365,0.010503308847546577
base_model.model.model.layers.21.self_attn.k_proj.lora_B.weight,"(1024, 16)",0.011553922249064864,0.49444580078125,0.3202384412288666,0.44265633821487427,0.0,0.0,0.0019069447880610824,0.0026962431147694588
base_model.model.model.layers.21.self_attn.o_proj.lora_A.weight,"(16, 4096)",0.8933860856254888,0.11151123046875,2.391420841217041,2.5719504356384277,0.0,0.0,0.008006330579519272,0.008480913005769253
base_model.model.model.layers.21.self_attn.o_proj.lora_B.weight,"(2560, 16)",0.008022633730786268,0.4994140565395355,0.40688076615333557,0.6601137518882751,0.0,0.0,0.0015853727236390114,0.0025909636169672012
base_model.model.model.layers.21.self_attn.q_proj.lora_A.weight,"(16, 2560)",0.9002456533139281,0.10756836086511612,2.41550350189209,2.4762122631073,0.0,0.0,0.010185712948441505,0.010393629781901836
base_model.model.model.layers.21.self_attn.q_proj.lora_B.weight,"(4096, 16)",0.008259242867106798,0.492767333984375,0.5626271963119507,0.805094838142395,0.0,0.0,0.0016582708340138197,0.002461277414113283
base_model.model.model.layers.21.self_attn.v_proj.lora_A.weight,"(16, 2560)",0.9127860043298092,0.09914550930261612,2.4052484035491943,2.47597336769104,0.0,0.0,0.010173186659812927,0.01041182316839695
base_model.model.model.layers.21.self_attn.v_proj.lora_B.weight,"(1024, 16)",-0.006913398517754898,0.497314453125,0.25706443190574646,0.37184807658195496,0.0,0.0,0.0015484757022932172,0.0023024482652544975
base_model.model.model.layers.22.mlp.down_proj.lora_A.weight,"(16, 9728)",0.739942896713742,0.19131630659103394,2.604952335357666,2.896066427230835,0.0,0.0,0.005537884775549173,0.006062347907572985
base_model.model.model.layers.22.mlp.down_proj.lora_B.weight,"(2560, 16)",0.009672522498202576,0.49560546875,0.5117478370666504,0.6897934079170227,0.0,0.0,0.001965694595128298,0.002719960641115904
base_model.model.model.layers.22.mlp.gate_proj.lora_A.weight,"(16, 2560)",0.8694722526607838,0.1260986328125,2.45522403717041,2.750173568725586,0.0,0.0,0.010364986024796963,0.011426768265664577
base_model.model.model.layers.22.mlp.gate_proj.lora_B.weight,"(9728, 16)",-0.0045407526972734875,0.5010921955108643,1.2517443895339966,1.5568931102752686,0.0,0.0,0.0023896379861980677,0.0031266366131603718
base_model.model.model.layers.22.mlp.up_proj.lora_A.weight,"(16, 2560)",0.9086921249056205,0.10400390625,2.425421714782715,2.615039110183716,0.0,0.0,0.0102713443338871,0.010967569425702095
base_model.model.model.layers.22.mlp.up_proj.lora_B.weight,"(9728, 16)",0.0014483149333944848,0.4998650848865509,1.0665861368179321,1.3805288076400757,0.0,0.0,0.0021055929828435183,0.0027806356083601713
base_model.model.model.layers.22.self_attn.k_proj.lora_A.weight,"(16, 2560)",0.8922457275153038,0.11191406100988388,2.426621198654175,2.51495361328125,0.0,0.0,0.010253982618451118,0.01052675861865282
base_model.model.model.layers.22.self_attn.k_proj.lora_B.weight,"(1024, 16)",-0.01857100238203089,0.50482177734375,0.27153661847114563,0.44449469447135925,0.0,0.0,0.0016461347695440054,0.0027285406831651926
base_model.model.model.layers.22.self_attn.o_proj.lora_A.weight,"(16, 4096)",0.8923433473658539,0.1127471923828125,2.4063446521759033,2.5610501766204834,0.0,0.0,0.008046386763453484,0.008462891913950443
base_model.model.model.layers.22.self_attn.o_proj.lora_B.weight,"(2560, 16)",-0.00977702506155866,0.5035156011581421,0.39778557419776917,0.6648189425468445,0.0,0.0,0.0015586356166750193,0.00261899596080184
base_model.model.model.layers.22.self_attn.q_proj.lora_A.weight,"(16, 2560)",0.9061486282761603,0.10400390625,2.3985087871551514,2.4923830032348633,0.0,0.0,0.010153304785490036,0.010467322543263435
base_model.model.model.layers.22.self_attn.q_proj.lora_B.weight,"(4096, 16)",0.02142846698378173,0.4883270263671875,0.5488184690475464,0.8908233046531677,0.0,0.0,0.001604006509296596,0.002746846526861191
base_model.model.model.layers.22.self_attn.v_proj.lora_A.weight,"(16, 2560)",0.9101833827748258,0.10183105617761612,2.422441005706787,2.4909026622772217,0.0,0.0,0.010220004245638847,0.01046118326485157
base_model.model.model.layers.22.self_attn.v_proj.lora_B.weight,"(1024, 16)",0.02812037003728483,0.49114990234375,0.3013312518596649,0.3883424401283264,0.0,0.0,0.0018463004380464554,0.0023894724436104298
base_model.model.model.layers.23.mlp.down_proj.lora_A.weight,"(16, 9728)",0.714153051710117,0.20317639410495758,2.6624763011932373,2.9449431896209717,0.0,0.0,0.005637051071971655,0.0061571551486849785
base_model.model.model.layers.23.mlp.down_proj.lora_B.weight,"(2560, 16)",0.00027817612271964623,0.4971923828125,0.614088773727417,0.7216159105300903,0.0,0.0,0.0023867073468863964,0.0028541460633277893
base_model.model.model.layers.23.mlp.gate_proj.lora_A.weight,"(16, 2560)",0.884107896315095,0.12131347507238388,2.4537911415100098,2.711726427078247,0.0,0.0,0.010358283296227455,0.011290336959064007
base_model.model.model.layers.23.mlp.gate_proj.lora_B.weight,"(9728, 16)",-0.004546032214210107,0.5025827288627625,1.3100610971450806,1.5436205863952637,0.0,0.0,0.002513009123504162,0.003105738665908575
base_model.model.model.layers.23.mlp.up_proj.lora_A.weight,"(16, 2560)",0.915098571376312,0.09731445461511612,2.4045863151550293,2.5857415199279785,0.0,0.0,0.010175253264605999,0.010834110900759697
base_model.model.model.layers.23.mlp.up_proj.lora_B.weight,"(9728, 16)",-0.0011221746421285108,0.5005974769592285,1.0473344326019287,1.299745798110962,0.0,0.0,0.00207025115378201,0.0026120394468307495
base_model.model.model.layers.23.self_attn.k_proj.lora_A.weight,"(16, 2560)",0.8868067105065857,0.11599121242761612,2.4338114261627197,2.519103765487671,0.0,0.0,0.010245558805763721,0.010540379211306572
base_model.model.model.layers.23.self_attn.k_proj.lora_B.weight,"(1024, 16)",0.012976930136779656,0.49444580078125,0.32036927342414856,0.44708582758903503,0.0,0.0,0.0019321537110954523,0.0027904605958610773
base_model.model.model.layers.23.self_attn.o_proj.lora_A.weight,"(16, 4096)",0.884204584538387,0.1166229248046875,2.419572353363037,2.6094236373901367,0.0,0.0,0.008097243495285511,0.008608962409198284
base_model.model.model.layers.23.self_attn.o_proj.lora_B.weight,"(2560, 16)",-0.007622529245910569,0.500415027141571,0.45767244696617126,0.6646773815155029,0.0,0.0,0.0017665971536189318,0.0026152015198022127
base_model.model.model.layers.23.self_attn.q_proj.lora_A.weight,"(16, 2560)",0.8885614540107197,0.11494140326976776,2.4570045471191406,2.5117554664611816,0.0,0.0,0.010340221226215363,0.01053526345640421
base_model.model.model.layers.23.self_attn.q_proj.lora_B.weight,"(4096, 16)",0.013276843732750487,0.4929046630859375,0.6516887545585632,0.920112133026123,0.0,0.0,0.0019204051932319999,0.0028554201126098633
base_model.model.model.layers.23.self_attn.v_proj.lora_A.weight,"(16, 2560)",0.9153241027982377,0.09711913764476776,2.393670082092285,2.499237298965454,0.0,0.0,0.010143510065972805,0.010497668758034706
base_model.model.model.layers.23.self_attn.v_proj.lora_B.weight,"(1024, 16)",-0.03153291372136565,0.511962890625,0.24782238900661469,0.37643176317214966,0.0,0.0,0.001534592709504068,0.0023377055767923594
base_model.model.model.layers.24.mlp.down_proj.lora_A.weight,"(16, 9728)",0.7034799168901983,0.2064337432384491,2.706124782562256,2.921844244003296,0.0,0.0,0.005703749135136604,0.0060999453999102116
base_model.model.model.layers.24.mlp.down_proj.lora_B.weight,"(2560, 16)",0.002680805245886842,0.4980224668979645,0.5782212615013123,0.7057627439498901,0.0,0.0,0.002215906511992216,0.0027845073491334915
base_model.model.model.layers.24.mlp.gate_proj.lora_A.weight,"(16, 2560)",0.8619188451081027,0.12775878608226776,2.509411096572876,2.7084219455718994,0.0,0.0,0.010552505031228065,0.011277560144662857
base_model.model.model.layers.24.mlp.gate_proj.lora_B.weight,"(9728, 16)",-0.0023058907533106032,0.5019981265068054,1.6509240865707397,1.5697386264801025,0.0,0.0,0.003159808926284313,0.0031564789824187756
base_model.model.model.layers.24.mlp.up_proj.lora_A.weight,"(16, 2560)",0.9027546405015441,0.10527344048023224,2.4313817024230957,2.6415350437164307,0.0,0.0,0.010289406403899193,0.011085199192166328
base_model.model.model.layers.24.mlp.up_proj.lora_B.weight,"(9728, 16)",0.00547067976061244,0.4976806640625,1.1972042322158813,1.3887295722961426,0.0,0.0,0.002344447188079357,0.0027970001101493835
base_model.model.model.layers.24.self_attn.k_proj.lora_A.weight,"(16, 2560)",0.8454736518960208,0.1353759765625,2.5752995014190674,2.4946048259735107,0.0,0.0,0.010688883252441883,0.0104939891025424
base_model.model.model.layers.24.self_attn.k_proj.lora_B.weight,"(1024, 16)",0.024949284909285944,0.4879150390625,0.4012852907180786,0.44164925813674927,0.0,0.0,0.0022935643792152405,0.0027432977221906185
base_model.model.model.layers.24.self_attn.o_proj.lora_A.weight,"(16, 4096)",0.8599142366690534,0.124786376953125,2.4939584732055664,2.6141417026519775,0.0,0.0,0.008281766436994076,0.008605822920799255
base_model.model.model.layers.24.self_attn.o_proj.lora_B.weight,"(2560, 16)",0.003136188337353628,0.4981933534145355,0.7529120445251465,0.6549872756004333,0.0,0.0,0.00287320907227695,0.0025771893560886383
base_model.model.model.layers.24.self_attn.q_proj.lora_A.weight,"(16, 2560)",0.8841221015416283,0.117431640625,2.4515349864959717,2.529623508453369,0.0,0.0,0.010310505516827106,0.01060044951736927
base_model.model.model.layers.24.self_attn.q_proj.lora_B.weight,"(4096, 16)",0.012170445069046494,0.4964447021484375,0.7864444255828857,0.913834810256958,0.0,0.0,0.0022412315011024475,0.0028326259925961494
base_model.model.model.layers.24.self_attn.v_proj.lora_A.weight,"(16, 2560)",0.9072573421885337,0.1019287109375,2.4102888107299805,2.49477481842041,0.0,0.0,0.01019731629639864,0.010494106449186802
base_model.model.model.layers.24.self_attn.v_proj.lora_B.weight,"(1024, 16)",0.0075523561004579645,0.49481201171875,0.29375508427619934,0.3762742877006531,0.0,0.0,0.0017763301730155945,0.0023165380116552114
base_model.model.model.layers.25.mlp.down_proj.lora_A.weight,"(16, 9728)",0.6829026037617979,0.2153577357530594,2.801234483718872,2.9330227375030518,0.0,0.0,0.005870882421731949,0.006121951621025801
base_model.model.model.layers.25.mlp.down_proj.lora_B.weight,"(2560, 16)",0.0020137117827177388,0.4988769590854645,0.6887014508247375,0.715459942817688,0.0,0.0,0.0026733153499662876,0.0028275265358388424
base_model.model.model.layers.25.mlp.gate_proj.lora_A.weight,"(16, 2560)",0.8642076935032421,0.12910155951976776,2.531964063644409,2.6900136470794678,0.0,0.0,0.01062492560595274,0.011238851584494114
base_model.model.model.layers.25.mlp.gate_proj.lora_B.weight,"(9728, 16)",0.0001321888603127428,0.4971409738063812,1.8574702739715576,1.5419892072677612,0.0,0.0,0.003601938486099243,0.0030937818810343742
base_model.model.model.layers.25.mlp.up_proj.lora_A.weight,"(16, 2560)",0.9010906789664842,0.10544433444738388,2.466759443283081,2.610422372817993,0.0,0.0,0.010403193533420563,0.010951971635222435
base_model.model.model.layers.25.mlp.up_proj.lora_B.weight,"(9728, 16)",0.00529620986610536,0.49652421474456787,1.3844281435012817,1.3385099172592163,0.0,0.0,0.00269271619617939,0.00268181343562901
base_model.model.model.layers.25.self_attn.k_proj.lora_A.weight,"(16, 2560)",0.8990724319610434,0.10935058444738388,2.413555145263672,2.5047225952148438,0.0,0.0,0.010204744525253773,0.010506536811590195
base_model.model.model.layers.25.self_attn.k_proj.lora_B.weight,"(1024, 16)",-0.0027671446350512477,0.50146484375,0.30075961351394653,0.4376124143600464,0.0,0.0,0.0017934538191184402,0.0027087272610515356
base_model.model.model.layers.25.self_attn.o_proj.lora_A.weight,"(16, 4096)",0.8591618694696423,0.130157470703125,2.4640281200408936,2.638477325439453,0.0,0.0,0.008180554956197739,0.008668064139783382
base_model.model.model.layers.25.self_attn.o_proj.lora_B.weight,"(2560, 16)",0.0010680410771475995,0.4999023377895355,0.6121240854263306,0.723112940788269,0.0,0.0,0.002366413827985525,0.002859789412468672
base_model.model.model.layers.25.self_attn.q_proj.lora_A.weight,"(16, 2560)",0.9017850663047692,0.10551758110523224,2.4387998580932617,2.494736433029175,0.0,0.0,0.010289812460541725,0.010491719469428062
base_model.model.model.layers.25.self_attn.q_proj.lora_B.weight,"(4096, 16)",-0.000817660294327352,0.500152587890625,0.6713423728942871,0.9021670818328857,0.0,0.0,0.0019912568386644125,0.002775784581899643
base_model.model.model.layers.25.self_attn.v_proj.lora_A.weight,"(16, 2560)",0.9018412609029746,0.10334472358226776,2.4278666973114014,2.511206865310669,0.0,0.0,0.010247793979942799,0.010544920340180397
base_model.model.model.layers.25.self_attn.v_proj.lora_B.weight,"(1024, 16)",0.018986543311377058,0.4910888671875,0.34396517276763916,0.39061272144317627,0.0,0.0,0.0020697670988738537,0.0024153757840394974
base_model.model.model.layers.26.mlp.down_proj.lora_A.weight,"(16, 9728)",0.674744158505826,0.21710526943206787,2.8518381118774414,2.9141485691070557,0.0,0.0,0.005959575995802879,0.006092665251344442
base_model.model.model.layers.26.mlp.down_proj.lora_B.weight,"(2560, 16)",-0.007977977018863519,0.5047363042831421,0.6906275153160095,0.7097563743591309,0.0,0.0,0.002663181396201253,0.0028084241785109043
base_model.model.model.layers.26.mlp.gate_proj.lora_A.weight,"(16, 2560)",0.8466392389646056,0.14008788764476776,2.569610834121704,2.7165675163269043,0.0,0.0,0.010735039599239826,0.01129333209246397
base_model.model.model.layers.26.mlp.gate_proj.lora_B.weight,"(9728, 16)",-0.000259998751733877,0.4996466338634491,1.8048819303512573,1.5742806196212769,0.0,0.0,0.003500185441225767,0.003167906077578664
base_model.model.model.layers.26.mlp.up_proj.lora_A.weight,"(16, 2560)",0.8958302580685653,0.10957030951976776,2.4737770557403564,2.6443004608154297,0.0,0.0,0.010442057624459267,0.011088894680142403
base_model.model.model.layers.26.mlp.up_proj.lora_B.weight,"(9728, 16)",0.0018710074601064116,0.49908125400543213,1.3836634159088135,1.35714590549469,0.0,0.0,0.0026778769679367542,0.002726351609453559
base_model.model.model.layers.26.self_attn.k_proj.lora_A.weight,"(16, 2560)",0.89352818864391,0.11301269382238388,2.423675298690796,2.500490665435791,0.0,0.0,0.010220706462860107,0.010477673262357712
base_model.model.model.layers.26.self_attn.k_proj.lora_B.weight,"(1024, 16)",0.011973783889265878,0.49591064453125,0.3394404947757721,0.4412035048007965,0.0,0.0,0.002021737862378359,0.0027356187347322702
base_model.model.model.layers.26.self_attn.o_proj.lora_A.weight,"(16, 4096)",0.8666906422335844,0.1271820068359375,2.4270591735839844,2.679591417312622,0.0,0.0,0.008103814907371998,0.008797135204076767
base_model.model.model.layers.26.self_attn.o_proj.lora_B.weight,"(2560, 16)",0.007844885553867722,0.49589842557907104,0.4482249915599823,0.7367455959320068,0.0,0.0,0.0017669415101408958,0.002899401355534792
base_model.model.model.layers.26.self_attn.q_proj.lora_A.weight,"(16, 2560)",0.8953071981048615,0.1123046875,2.435074806213379,2.5135912895202637,0.0,0.0,0.010268544778227806,0.010539188981056213
base_model.model.model.layers.26.self_attn.q_proj.lora_B.weight,"(4096, 16)",0.0061777054656319014,0.498504638671875,0.6868461966514587,0.918340265750885,0.0,0.0,0.0020132269710302353,0.0028493721038103104
base_model.model.model.layers.26.self_attn.v_proj.lora_A.weight,"(16, 2560)",0.9048648664161937,0.10397949069738388,2.3971035480499268,2.495227813720703,0.0,0.0,0.010127060115337372,0.01046432089060545
base_model.model.model.layers.26.self_attn.v_proj.lora_B.weight,"(1024, 16)",-0.0033349922972525318,0.49871826171875,0.2969762980937958,0.3710986375808716,0.0,0.0,0.0018365372670814395,0.0022854602430015802
base_model.model.model.layers.27.mlp.down_proj.lora_A.weight,"(16, 9728)",0.6613772487796792,0.2249498814344406,2.899273157119751,2.920760154724121,0.0,0.0,0.006032891571521759,0.006104041822254658
base_model.model.model.layers.27.mlp.down_proj.lora_B.weight,"(2560, 16)",0.0025016121571726593,0.5007568597793579,0.7097282409667969,0.7176604866981506,0.0,0.0,0.0027180262841284275,0.0028349696658551693
base_model.model.model.layers.27.mlp.gate_proj.lora_A.weight,"(16, 2560)",0.8282302521746127,0.14885254204273224,2.576965093612671,2.773813486099243,0.0,0.0,0.010745985433459282,0.011493360623717308
base_model.model.model.layers.27.mlp.gate_proj.lora_B.weight,"(9728, 16)",0.004407838269434388,0.49708959460258484,1.7797280550003052,1.5964560508728027,0.0,0.0,0.0034506390802562237,0.003205573419108987
base_model.model.model.layers.27.mlp.up_proj.lora_A.weight,"(16, 2560)",0.8931901315117572,0.11135254055261612,2.450605869293213,2.65207839012146,0.0,0.0,0.010345397517085075,0.011098284274339676
base_model.model.model.layers.27.mlp.up_proj.lora_B.weight,"(9728, 16)",-0.003422387204827279,0.5013042092323303,1.3847458362579346,1.359400987625122,0.0,0.0,0.0027098488062620163,0.0027301423251628876
base_model.model.model.layers.27.self_attn.k_proj.lora_A.weight,"(16, 2560)",0.8949516362636182,0.11130370944738388,2.413619041442871,2.5082108974456787,0.0,0.0,0.010177148506045341,0.010516634210944176
base_model.model.model.layers.27.self_attn.k_proj.lora_B.weight,"(1024, 16)",0.03513641244113692,0.48797607421875,0.3336612582206726,0.4420388638973236,0.0,0.0,0.0020264394115656614,0.0027403056155890226
base_model.model.model.layers.27.self_attn.o_proj.lora_A.weight,"(16, 4096)",0.8667438924009571,0.124114990234375,2.4504950046539307,2.658820390701294,0.0,0.0,0.008170681074261665,0.008752590976655483
base_model.model.model.layers.27.self_attn.o_proj.lora_B.weight,"(2560, 16)",0.0011389314764770784,0.4998779296875,0.6089082956314087,0.7232065796852112,0.0,0.0,0.0023191855289041996,0.002845106180757284
base_model.model.model.layers.27.self_attn.q_proj.lora_A.weight,"(16, 2560)",0.8909612199877915,0.11552734673023224,2.4394354820251465,2.510209798812866,0.0,0.0,0.010267563164234161,0.010513725690543652
base_model.model.model.layers.27.self_attn.q_proj.lora_B.weight,"(4096, 16)",-0.013090030658413281,0.5006103515625,0.6918838024139404,0.9005159735679626,0.0,0.0,0.0020598890259861946,0.002769342390820384
base_model.model.model.layers.27.self_attn.v_proj.lora_A.weight,"(16, 2560)",0.8857438847803412,0.11430664360523224,2.465186357498169,2.5105414390563965,0.0,0.0,0.010374562814831734,0.010535052046179771
base_model.model.model.layers.27.self_attn.v_proj.lora_B.weight,"(1024, 16)",0.003868672077974542,0.489013671875,0.34337329864501953,0.38404208421707153,0.0,0.0,0.0020841313526034355,0.002370466012507677
base_model.model.model.layers.28.mlp.down_proj.lora_A.weight,"(16, 9728)",0.6756189297942321,0.218017578125,2.8487062454223633,2.9213879108428955,0.0,0.0,0.005948228761553764,0.006103576626628637
base_model.model.model.layers.28.mlp.down_proj.lora_B.weight,"(2560, 16)",-0.0015051119851334932,0.5013183355331421,0.6027910113334656,0.7233120203018188,0.0,0.0,0.0023580845445394516,0.0028621884994208813
base_model.model.model.layers.28.mlp.gate_proj.lora_A.weight,"(16, 2560)",0.8336102569363243,0.1458740234375,2.5551390647888184,2.7979211807250977,0.0,0.0,0.01067163236439228,0.011615762487053871
base_model.model.model.layers.28.mlp.gate_proj.lora_B.weight,"(9728, 16)",-0.0050088595748498015,0.5023000836372375,1.891187071800232,1.584577202796936,0.0,0.0,0.0036912576761096716,0.003185042878612876
base_model.model.model.layers.28.mlp.up_proj.lora_A.weight,"(16, 2560)",0.8884485248192284,0.11279296875,2.470996856689453,2.6759281158447266,0.0,0.0,0.010435618460178375,0.011198185384273529
base_model.model.model.layers.28.mlp.up_proj.lora_B.weight,"(9728, 16)",0.0022150000642680175,0.4980597198009491,1.4906644821166992,1.4060919284820557,0.0,0.0,0.0029195272363722324,0.0028211481403559446
base_model.model.model.layers.28.self_attn.k_proj.lora_A.weight,"(16, 2560)",0.8834054762475424,0.1181640625,2.4522945880889893,2.5165822505950928,0.0,0.0,0.010321995243430138,0.010543420910835266
base_model.model.model.layers.28.self_attn.k_proj.lora_B.weight,"(1024, 16)",-0.026763529581040873,0.50225830078125,0.33640044927597046,0.4263817071914673,0.0,0.0,0.002032072748988867,0.0026500525418668985
base_model.model.model.layers.28.self_attn.o_proj.lora_A.weight,"(16, 4096)",0.8570923325291232,0.128875732421875,2.486412525177002,2.6542911529541016,0.0,0.0,0.008259790018200874,0.008730348199605942
base_model.model.model.layers.28.self_attn.o_proj.lora_B.weight,"(2560, 16)",0.002383204998060225,0.49821776151657104,0.5885748863220215,0.7241082191467285,0.0,0.0,0.002257206477224827,0.0028580408543348312
base_model.model.model.layers.28.self_attn.q_proj.lora_A.weight,"(16, 2560)",0.8983694122503612,0.1107177734375,2.4403252601623535,2.4992473125457764,0.0,0.0,0.010283492505550385,0.010504627600312233
base_model.model.model.layers.28.self_attn.q_proj.lora_B.weight,"(4096, 16)",0.0113827370170527,0.49615478515625,0.7249074578285217,0.9020619988441467,0.0,0.0,0.002144652185961604,0.002784294541925192
base_model.model.model.layers.28.self_attn.v_proj.lora_A.weight,"(16, 2560)",0.8863788952739169,0.11582031100988388,2.4612648487091064,2.5185482501983643,0.0,0.0,0.010348248295485973,0.010569301433861256
base_model.model.model.layers.28.self_attn.v_proj.lora_B.weight,"(1024, 16)",0.006969553836500271,0.49517822265625,0.3497553765773773,0.4037868082523346,0.0,0.0,0.0021206492092460394,0.002478509908542037
base_model.model.model.layers.29.mlp.down_proj.lora_A.weight,"(16, 9728)",0.6694275208497652,0.22206516563892365,2.899953842163086,2.896116256713867,0.0,0.0,0.006035783793777227,0.006059895269572735
base_model.model.model.layers.29.mlp.down_proj.lora_B.weight,"(2560, 16)",-0.004967305093313594,0.5006347894668579,0.6621261835098267,0.7023050785064697,0.0,0.0,0.002554436679929495,0.002769543556496501
base_model.model.model.layers.29.mlp.gate_proj.lora_A.weight,"(16, 2560)",0.8204534602647019,0.15334472060203552,2.581725835800171,2.799755811691284,0.0,0.0,0.010758551768958569,0.01159753743559122
base_model.model.model.layers.29.mlp.gate_proj.lora_B.weight,"(9728, 16)",0.0013756499823640621,0.4995502531528473,1.9549354314804077,1.6340781450271606,0.0,0.0,0.00383905041962862,0.0032931510359048843
base_model.model.model.layers.29.mlp.up_proj.lora_A.weight,"(16, 2560)",0.869505718570152,0.1273193359375,2.5092756748199463,2.7283737659454346,0.0,0.0,0.010531259700655937,0.011380801908671856
base_model.model.model.layers.29.mlp.up_proj.lora_B.weight,"(9728, 16)",0.005448019630548688,0.4990362823009491,1.6105337142944336,1.4625579118728638,0.0,0.0,0.003114003688097,0.0029427045956254005
base_model.model.model.layers.29.self_attn.k_proj.lora_A.weight,"(16, 2560)",0.8963549068839757,0.11042480170726776,2.4415056705474854,2.4807169437408447,0.0,0.0,0.010295283049345016,0.010407661087810993
base_model.model.model.layers.29.self_attn.k_proj.lora_B.weight,"(1024, 16)",0.019061202337882895,0.494140625,0.3461204469203949,0.4066201150417328,0.0,0.0,0.002062150277197361,0.002511179307475686
base_model.model.model.layers.29.self_attn.o_proj.lora_A.weight,"(16, 4096)",0.8548681912225984,0.133514404296875,2.4355216026306152,2.6925692558288574,0.0,0.0,0.008109807968139648,0.008838200010359287
base_model.model.model.layers.29.self_attn.o_proj.lora_B.weight,"(2560, 16)",0.008829106806019792,0.4954589903354645,0.4654347002506256,0.765268862247467,0.0,0.0,0.0018378004897385836,0.003014366142451763
base_model.model.model.layers.29.self_attn.q_proj.lora_A.weight,"(16, 2560)",0.8848428481655146,0.1175537109375,2.457949161529541,2.508272647857666,0.0,0.0,0.010306072421371937,0.010502715595066547
base_model.model.model.layers.29.self_attn.q_proj.lora_B.weight,"(4096, 16)",0.0033584849604478407,0.4930877685546875,0.7285892367362976,0.9280650019645691,0.0,0.0,0.0021504913456737995,0.002880626590922475
base_model.model.model.layers.29.self_attn.v_proj.lora_A.weight,"(16, 2560)",0.9085131655422614,0.10117187350988388,2.4031524658203125,2.4860219955444336,0.0,0.0,0.010158230550587177,0.010454831644892693
base_model.model.model.layers.29.self_attn.v_proj.lora_B.weight,"(1024, 16)",0.03823982939507097,0.48333740234375,0.32088202238082886,0.3643464148044586,0.0,0.0,0.001982934307307005,0.0022320167627185583
base_model.model.model.layers.3.mlp.down_proj.lora_A.weight,"(16, 9728)",0.7455033707090791,0.18365156650543213,2.528721332550049,2.894756555557251,0.0,0.0,0.005397144705057144,0.006025649141520262
base_model.model.model.layers.3.mlp.down_proj.lora_B.weight,"(2560, 16)",0.0072805997980082,0.49956053495407104,0.4163558781147003,0.6674832105636597,0.0,0.0,0.0016273681540042162,0.0026247850619256496
base_model.model.model.layers.3.mlp.gate_proj.lora_A.weight,"(16, 2560)",0.862910396931236,0.13164062798023224,2.4154977798461914,2.6922032833099365,0.0,0.0,0.010219265706837177,0.011154456064105034
base_model.model.model.layers.3.mlp.gate_proj.lora_B.weight,"(9728, 16)",0.014549728335037105,0.48542866110801697,1.073563814163208,1.6220594644546509,0.0,0.0,0.0019895576406270266,0.003059352980926633
base_model.model.model.layers.3.mlp.up_proj.lora_A.weight,"(16, 2560)",0.9148647487674153,0.09968261420726776,2.3610496520996094,2.5435357093811035,0.0,0.0,0.01003221981227398,0.01065314281731844
base_model.model.model.layers.3.mlp.up_proj.lora_B.weight,"(9728, 16)",-0.018046760608002893,0.5067009925842285,0.926946759223938,1.230956792831421,0.0,0.0,0.0015837479149922729,0.0022356167901307344
base_model.model.model.layers.3.self_attn.k_proj.lora_A.weight,"(16, 2560)",0.9100567491189003,0.10183105617761612,2.4114530086517334,2.487049102783203,0.0,0.0,0.010205688886344433,0.010471038520336151
base_model.model.model.layers.3.self_attn.k_proj.lora_B.weight,"(1024, 16)",-0.006036028814025239,0.50042724609375,0.2612362504005432,0.364169180393219,0.0,0.0,0.0016083213267847896,0.0022203640546649694
base_model.model.model.layers.3.self_attn.o_proj.lora_A.weight,"(16, 4096)",0.8883859132495099,0.1148834228515625,2.408273458480835,2.555967330932617,0.0,0.0,0.008062198758125305,0.008438309654593468
base_model.model.model.layers.3.self_attn.o_proj.lora_B.weight,"(2560, 16)",0.003390443809064131,0.49641114473342896,0.39924535155296326,0.5755136013031006,0.0,0.0,0.0015598263125866652,0.0022551792208105326
base_model.model.model.layers.3.self_attn.q_proj.lora_A.weight,"(16, 2560)",0.9159775896618002,0.09743652492761612,2.3824381828308105,2.496035575866699,0.0,0.0,0.010131796821951866,0.01050462108105421
base_model.model.model.layers.3.self_attn.q_proj.lora_B.weight,"(4096, 16)",-0.00825939507988221,0.4994354248046875,0.5156570076942444,0.7810482382774353,0.0,0.0,0.0015557990409433842,0.0023822057992219925
base_model.model.model.layers.3.self_attn.v_proj.lora_A.weight,"(16, 2560)",0.9300986613427815,0.08652343600988388,2.3643267154693604,2.4586992263793945,0.0,0.0,0.01006265264004469,0.010355164296925068
base_model.model.model.layers.3.self_attn.v_proj.lora_B.weight,"(1024, 16)",0.04898588657146368,0.48046875,0.22142872214317322,0.2932753264904022,0.0,0.0,0.0013910976704210043,0.0018413732759654522
base_model.model.model.layers.30.mlp.down_proj.lora_A.weight,"(16, 9728)",0.6447593810040604,0.23289088904857635,2.9574429988861084,2.9097964763641357,0.0,0.0,0.00613177428022027,0.006083125248551369
base_model.model.model.layers.30.mlp.down_proj.lora_B.weight,"(2560, 16)",-0.003091248122327589,0.500927746295929,0.6593377590179443,0.7061686515808105,0.0,0.0,0.002574276877567172,0.0027800623793154955
base_model.model.model.layers.30.mlp.gate_proj.lora_A.weight,"(16, 2560)",0.8223739494423851,0.15080566704273224,2.6027979850769043,2.8001911640167236,0.0,0.0,0.010853289626538754,0.01159505732357502
base_model.model.model.layers.30.mlp.gate_proj.lora_B.weight,"(9728, 16)",0.0006322856128009991,0.5000385642051697,1.9711979627609253,1.6275205612182617,0.0,0.0,0.0038649197667837143,0.003278712509199977
base_model.model.model.layers.30.mlp.up_proj.lora_A.weight,"(16, 2560)",0.8632235076802207,0.131103515625,2.4993035793304443,2.746995210647583,0.0,0.0,0.010515070520341396,0.011430995538830757
base_model.model.model.layers.30.mlp.up_proj.lora_B.weight,"(9728, 16)",0.0034172857541538365,0.4987536072731018,1.5946954488754272,1.4989469051361084,0.0,0.0,0.0031061568297445774,0.0030212916899472475
base_model.model.model.layers.30.self_attn.k_proj.lora_A.weight,"(16, 2560)",0.873555280648474,0.12668457627296448,2.467860221862793,2.486220121383667,0.0,0.0,0.01033891923725605,0.010408894158899784
base_model.model.model.layers.30.self_attn.k_proj.lora_B.weight,"(1024, 16)",0.02788230862567775,0.4852294921875,0.36958324909210205,0.440510094165802,0.0,0.0,0.0021614895667880774,0.0027054257225245237
base_model.model.model.layers.30.self_attn.o_proj.lora_A.weight,"(16, 4096)",0.8535380932055061,0.1309661865234375,2.4977598190307617,2.66516375541687,0.0,0.0,0.008295784704387188,0.00878029502928257
base_model.model.model.layers.30.self_attn.o_proj.lora_B.weight,"(2560, 16)",0.0026452233108397614,0.49897462129592896,0.527070164680481,0.7073376178741455,0.0,0.0,0.002064088359475136,0.0027774248737841845
base_model.model.model.layers.30.self_attn.q_proj.lora_A.weight,"(16, 2560)",0.8903283952837854,0.11579589545726776,2.451740026473999,2.5086162090301514,0.0,0.0,0.010314106941223145,0.010527387261390686
base_model.model.model.layers.30.self_attn.q_proj.lora_B.weight,"(4096, 16)",8.278076710056825e-05,0.4999542236328125,0.7059428691864014,0.8890662789344788,0.0,0.0,0.002063923981040716,0.002753111533820629
base_model.model.model.layers.30.self_attn.v_proj.lora_A.weight,"(16, 2560)",0.8924248488808386,0.10847167670726776,2.455594539642334,2.510129928588867,0.0,0.0,0.010343752801418304,0.010551509447395802
base_model.model.model.layers.30.self_attn.v_proj.lora_B.weight,"(1024, 16)",-0.006786692491642088,0.49444580078125,0.3232679069042206,0.3837255537509918,0.0,0.0,0.0020022636745125055,0.002364923246204853
base_model.model.model.layers.31.mlp.down_proj.lora_A.weight,"(16, 9728)",0.6381254677730015,0.23379677534103394,3.0331966876983643,2.915438175201416,0.0,0.0,0.006271341349929571,0.0060967192985117435
base_model.model.model.layers.31.mlp.down_proj.lora_B.weight,"(2560, 16)",-0.003923942894774526,0.5007568597793579,0.6539132595062256,0.719595193862915,0.0,0.0,0.002557974774390459,0.002833250444382429
base_model.model.model.layers.31.mlp.gate_proj.lora_A.weight,"(16, 2560)",0.810175535765473,0.15737304091453552,2.588524103164673,2.881600856781006,0.0,0.0,0.01082141138613224,0.011905297636985779
base_model.model.model.layers.31.mlp.gate_proj.lora_B.weight,"(9728, 16)",0.002621152637217587,0.4994281828403473,1.9300287961959839,1.6342185735702515,0.0,0.0,0.003726337803527713,0.0032983962446451187
base_model.model.model.layers.31.mlp.up_proj.lora_A.weight,"(16, 2560)",0.8567829110763572,0.1312255859375,2.5013675689697266,2.7787814140319824,0.0,0.0,0.010512608103454113,0.011530188843607903
base_model.model.model.layers.31.mlp.up_proj.lora_B.weight,"(9728, 16)",0.004427242499434586,0.4988628327846527,1.6229664087295532,1.51926851272583,0.0,0.0,0.0031390790827572346,0.0030636333394795656
base_model.model.model.layers.31.self_attn.k_proj.lora_A.weight,"(16, 2560)",0.8732396628351553,0.12360839545726776,2.474249839782715,2.5197951793670654,0.0,0.0,0.010392359457910061,0.010558320209383965
base_model.model.model.layers.31.self_attn.k_proj.lora_B.weight,"(1024, 16)",0.00034412372886383517,0.48858642578125,0.3504539728164673,0.4569070637226105,0.0,0.0,0.002080830279737711,0.002825181931257248
base_model.model.model.layers.31.self_attn.o_proj.lora_A.weight,"(16, 4096)",0.8332247481469355,0.1424407958984375,2.5267465114593506,2.7181572914123535,0.0,0.0,0.008353255689144135,0.008926933631300926
base_model.model.model.layers.31.self_attn.o_proj.lora_B.weight,"(2560, 16)",-0.0014506150499533873,0.500292956829071,0.6678969264030457,0.7793163657188416,0.0,0.0,0.0025765779428184032,0.0030620205216109753
base_model.model.model.layers.31.self_attn.q_proj.lora_A.weight,"(16, 2560)",0.8746312472041967,0.12299804389476776,2.498171806335449,2.5060007572174072,0.0,0.0,0.010474907234311104,0.010512311942875385
base_model.model.model.layers.31.self_attn.q_proj.lora_B.weight,"(4096, 16)",0.008728938809006034,0.4948577880859375,0.7911230325698853,0.9306779503822327,0.0,0.0,0.002288185991346836,0.0028920231852680445
base_model.model.model.layers.31.self_attn.v_proj.lora_A.weight,"(16, 2560)",0.8746103723269467,0.118896484375,2.495053768157959,2.545396566390991,0.0,0.0,0.010482105426490307,0.010675124824047089
base_model.model.model.layers.31.self_attn.v_proj.lora_B.weight,"(1024, 16)",-0.003062539400768152,0.4898681640625,0.3718814253807068,0.40284985303878784,0.0,0.0,0.002257507760077715,0.0024817304220050573
base_model.model.model.layers.32.mlp.down_proj.lora_A.weight,"(16, 9728)",0.6370928524593857,0.23408588767051697,3.008362293243408,2.926957607269287,0.0,0.0,0.0062202755361795425,0.006112891715019941
base_model.model.model.layers.32.mlp.down_proj.lora_B.weight,"(2560, 16)",0.006310320678060432,0.49848634004592896,0.7181367874145508,0.7522174119949341,0.0,0.0,0.0027893781661987305,0.0029617887921631336
base_model.model.model.layers.32.mlp.gate_proj.lora_A.weight,"(16, 2560)",0.8188912836665444,0.15351562201976776,2.5930230617523193,2.857144832611084,0.0,0.0,0.010805719532072544,0.011811904609203339
base_model.model.model.layers.32.mlp.gate_proj.lora_B.weight,"(9728, 16)",-0.0043814328334754495,0.5000321269035339,1.9859439134597778,1.6429044008255005,0.0,0.0,0.003855618881061673,0.003327031387016177
base_model.model.model.layers.32.mlp.up_proj.lora_A.weight,"(16, 2560)",0.8492140808527572,0.13459472358226776,2.516801118850708,2.8018972873687744,0.0,0.0,0.010569354519248009,0.011636832728981972
base_model.model.model.layers.32.mlp.up_proj.lora_B.weight,"(9728, 16)",-0.006555982487458328,0.5028654336929321,1.6633291244506836,1.5632808208465576,0.0,0.0,0.0032109778840094805,0.0031445615459233522
base_model.model.model.layers.32.self_attn.k_proj.lora_A.weight,"(16, 2560)",0.8730758700862189,0.121826171875,2.5061330795288086,2.4845292568206787,0.0,0.0,0.010483293794095516,0.010426643304526806
base_model.model.model.layers.32.self_attn.k_proj.lora_B.weight,"(1024, 16)",0.0312579165217422,0.495849609375,0.40814003348350525,0.4130500853061676,0.0,0.0,0.0023374969605356455,0.002574803540483117
base_model.model.model.layers.32.self_attn.o_proj.lora_A.weight,"(16, 4096)",0.8268542192549208,0.1456756591796875,2.5694267749786377,2.667515993118286,0.0,0.0,0.008439450524747372,0.008773239329457283
base_model.model.model.layers.32.self_attn.o_proj.lora_B.weight,"(2560, 16)",0.011560242054477202,0.49323731660842896,0.7720021605491638,0.7672033309936523,0.0,0.0,0.0029733695555478334,0.0030151463579386473
base_model.model.model.layers.32.self_attn.q_proj.lora_A.weight,"(16, 2560)",0.8754622983975724,0.12158203125,2.4849185943603516,2.474416971206665,0.0,0.0,0.010394623503088951,0.010378582403063774
base_model.model.model.layers.32.self_attn.q_proj.lora_B.weight,"(4096, 16)",0.0014561162908954906,0.4951171875,0.8392450213432312,0.9112951159477234,0.0,0.0,0.0024335202760994434,0.002807956887409091
base_model.model.model.layers.32.self_attn.v_proj.lora_A.weight,"(16, 2560)",0.8136142652025949,0.14787597954273224,2.6606156826019287,2.5288779735565186,0.0,0.0,0.010974150151014328,0.01056971400976181
base_model.model.model.layers.32.self_attn.v_proj.lora_B.weight,"(1024, 16)",0.009656838960113929,0.49127197265625,0.4912721812725067,0.40280529856681824,0.0,0.0,0.0028759308625012636,0.0024724071845412254
base_model.model.model.layers.33.mlp.down_proj.lora_A.weight,"(16, 9728)",0.6315322248786925,0.2332763671875,3.02093505859375,2.9267048835754395,0.0,0.0,0.0062299151904881,0.006114912685006857
base_model.model.model.layers.33.mlp.down_proj.lora_B.weight,"(2560, 16)",-0.011871107123680941,0.5037841796875,0.7541823387145996,0.7372828722000122,0.0,0.0,0.002935484517365694,0.0029026453848928213
base_model.model.model.layers.33.mlp.gate_proj.lora_A.weight,"(16, 2560)",0.8095194203492255,0.15947265923023224,2.5992116928100586,2.848170042037964,0.0,0.0,0.010823595337569714,0.011773328296840191
base_model.model.model.layers.33.mlp.gate_proj.lora_B.weight,"(9728, 16)",-0.001986723614386771,0.5008994936943054,1.9962053298950195,1.6431028842926025,0.0,0.0,0.0038133717607706785,0.003318105824291706
base_model.model.model.layers.33.mlp.up_proj.lora_A.weight,"(16, 2560)",0.848393153934965,0.13808593153953552,2.5475666522979736,2.7145214080810547,0.0,0.0,0.010651025921106339,0.011304681189358234
base_model.model.model.layers.33.mlp.up_proj.lora_B.weight,"(9728, 16)",-0.002608296766003299,0.5007645487785339,1.8206502199172974,1.5323737859725952,0.0,0.0,0.003458496881648898,0.003084175754338503
base_model.model.model.layers.33.self_attn.k_proj.lora_A.weight,"(16, 2560)",0.8610129458895184,0.13107910752296448,2.532766819000244,2.485015630722046,0.0,0.0,0.010553601197898388,0.010425384156405926
base_model.model.model.layers.33.self_attn.k_proj.lora_B.weight,"(1024, 16)",-0.018861705550702157,0.51190185546875,0.41458722949028015,0.44248268008232117,0.0,0.0,0.0023762609343975782,0.0027504812460392714
base_model.model.model.layers.33.self_attn.o_proj.lora_A.weight,"(16, 4096)",0.8276008109915917,0.1425933837890625,2.558485507965088,2.686582326889038,0.0,0.0,0.00842244178056717,0.008818574249744415
base_model.model.model.layers.33.self_attn.o_proj.lora_B.weight,"(2560, 16)",-0.0019773790852849545,0.49799805879592896,0.9182165861129761,0.7560186386108398,0.0,0.0,0.0034812316298484802,0.002977923955768347
base_model.model.model.layers.33.self_attn.q_proj.lora_A.weight,"(16, 2560)",0.8605291351213917,0.13227538764476776,2.516228437423706,2.525205612182617,0.0,0.0,0.010515524074435234,0.010567870922386646
base_model.model.model.layers.33.self_attn.q_proj.lora_B.weight,"(4096, 16)",-0.0008427255753621271,0.5006256103515625,0.7743209004402161,0.9335992336273193,0.0,0.0,0.002242355141788721,0.0028942686039954424
base_model.model.model.layers.33.self_attn.v_proj.lora_A.weight,"(16, 2560)",0.8181142654087946,0.14934082329273224,2.6968085765838623,2.4839508533477783,0.0,0.0,0.01109320204705,0.010446043685078621
base_model.model.model.layers.33.self_attn.v_proj.lora_B.weight,"(1024, 16)",0.0039377292302605815,0.4864501953125,0.41118356585502625,0.3736625015735626,0.0,0.0,0.002430686727166176,0.002330069663003087
base_model.model.model.layers.34.mlp.down_proj.lora_A.weight,"(16, 9728)",0.6469587569708136,0.21772204339504242,3.0443625450134277,2.792320728302002,0.0,0.0,0.006248292978852987,0.005856905598193407
base_model.model.model.layers.34.mlp.down_proj.lora_B.weight,"(2560, 16)",-0.008122615746339169,0.5008300542831421,0.6276618242263794,0.6235266327857971,0.0,0.0,0.0024471108336001635,0.0024519290309399366
base_model.model.model.layers.34.mlp.gate_proj.lora_A.weight,"(16, 2560)",0.7948656282600693,0.1627197265625,2.6462419033050537,2.7639997005462646,0.0,0.0,0.010938936844468117,0.011428387835621834
base_model.model.model.layers.34.mlp.gate_proj.lora_B.weight,"(9728, 16)",0.003950580079323776,0.4966655671596527,1.890129566192627,1.618623971939087,0.0,0.0,0.003598349168896675,0.003259088145568967
base_model.model.model.layers.34.mlp.up_proj.lora_A.weight,"(16, 2560)",0.8387182014732794,0.13957519829273224,2.6050872802734375,2.6259939670562744,0.0,0.0,0.010831961408257484,0.010941748507320881
base_model.model.model.layers.34.mlp.up_proj.lora_B.weight,"(9728, 16)",-0.00010861865554344377,0.4987664520740509,1.6080191135406494,1.4696810245513916,0.0,0.0,0.003027740865945816,0.0029449702706187963
base_model.model.model.layers.34.self_attn.k_proj.lora_A.weight,"(16, 2560)",0.8691060607093952,0.12419433891773224,2.517296075820923,2.4997024536132812,0.0,0.0,0.010517889633774757,0.010490158572793007
base_model.model.model.layers.34.self_attn.k_proj.lora_B.weight,"(1024, 16)",0.015158481988568824,0.4942626953125,0.4672425389289856,0.43970316648483276,0.0,0.0,0.0027909798081964254,0.0026971008628606796
base_model.model.model.layers.34.self_attn.o_proj.lora_A.weight,"(16, 4096)",0.8278156246698405,0.1414031982421875,2.6037559509277344,2.5896835327148438,0.0,0.0,0.008540019392967224,0.008537440560758114
base_model.model.model.layers.34.self_attn.o_proj.lora_B.weight,"(2560, 16)",0.009684166938867133,0.4959960877895355,0.6743366718292236,0.6800262928009033,0.0,0.0,0.0026167454198002815,0.0026715039275586605
base_model.model.model.layers.34.self_attn.q_proj.lora_A.weight,"(16, 2560)",0.8980211043263924,0.10664062201976776,2.455624580383301,2.4666683673858643,0.0,0.0,0.01034199632704258,0.010402371175587177
base_model.model.model.layers.34.self_attn.q_proj.lora_B.weight,"(4096, 16)",0.0139648636976051,0.4838714599609375,0.9495794177055359,0.8807127475738525,0.0,0.0,0.0027487343177199364,0.0026890067383646965
base_model.model.model.layers.34.self_attn.v_proj.lora_A.weight,"(16, 2560)",0.8594860636281408,0.12641601264476776,2.5281693935394287,2.5085253715515137,0.0,0.0,0.01053143572062254,0.010519126430153847
base_model.model.model.layers.34.self_attn.v_proj.lora_B.weight,"(1024, 16)",0.008042559350237224,0.49041748046875,0.4048522114753723,0.39015114307403564,0.0,0.0,0.0024690974969416857,0.002408660715445876
base_model.model.model.layers.35.mlp.down_proj.lora_A.weight,"(16, 9728)",0.5282706167403787,0.2003173828125,3.2726311683654785,3.048755645751953,0.0,0.0,0.005889830645173788,0.005893953610211611
base_model.model.model.layers.35.mlp.down_proj.lora_B.weight,"(2560, 16)",-0.0030368185567090293,0.4919677674770355,0.40490347146987915,0.5526221990585327,0.0,0.0,0.001665319548919797,0.0021711201407015324
base_model.model.model.layers.35.mlp.gate_proj.lora_A.weight,"(16, 2560)",0.8206601829300378,0.1461181640625,2.632744312286377,2.6571743488311768,0.0,0.0,0.010901719331741333,0.011051973327994347
base_model.model.model.layers.35.mlp.gate_proj.lora_B.weight,"(9728, 16)",0.00792478382083529,0.49566328525543213,1.5918247699737549,1.6931633949279785,0.0,0.0,0.002916207304224372,0.003369635669514537
base_model.model.model.layers.35.mlp.up_proj.lora_A.weight,"(16, 2560)",0.8713599411150031,0.12299804389476776,2.521843671798706,2.5318498611450195,0.0,0.0,0.010545602068305016,0.010651087388396263
base_model.model.model.layers.35.mlp.up_proj.lora_B.weight,"(9728, 16)",0.002507768390592225,0.4925922453403473,1.6859012842178345,1.685605764389038,0.0,0.0,0.002458738163113594,0.0030178059823811054
base_model.model.model.layers.35.self_attn.k_proj.lora_A.weight,"(16, 2560)",0.8463797476798534,0.13823242485523224,2.57511568069458,2.5093495845794678,0.0,0.0,0.010713780298829079,0.010511169210076332
base_model.model.model.layers.35.self_attn.k_proj.lora_B.weight,"(1024, 16)",0.012455301283801167,0.49371337890625,0.5471363663673401,0.4504518210887909,0.0,0.0,0.003318722127005458,0.002788758371025324
base_model.model.model.layers.35.self_attn.o_proj.lora_A.weight,"(16, 4096)",0.8131828857453609,0.15234375,2.675497531890869,2.5626721382141113,0.0,0.0,0.008711585775017738,0.008476700633764267
base_model.model.model.layers.35.self_attn.o_proj.lora_B.weight,"(2560, 16)",0.013375716878848795,0.4955078065395355,0.7111770510673523,0.6899375915527344,0.0,0.0,0.002735522808507085,0.002720277290791273
base_model.model.model.layers.35.self_attn.q_proj.lora_A.weight,"(16, 2560)",0.8708564012101936,0.12348632514476776,2.525522470474243,2.4890499114990234,0.0,0.0,0.010560847818851471,0.010459870100021362
base_model.model.model.layers.35.self_attn.q_proj.lora_B.weight,"(4096, 16)",0.009905946203165513,0.4915313720703125,0.9316396117210388,0.8640006184577942,0.0,0.0,0.002763564232736826,0.002655229065567255
base_model.model.model.layers.35.self_attn.v_proj.lora_A.weight,"(16, 2560)",0.808202918572528,0.1539306640625,2.7256202697753906,2.483558177947998,0.0,0.0,0.011147895827889442,0.0104230847209692
base_model.model.model.layers.35.self_attn.v_proj.lora_B.weight,"(1024, 16)",0.018256919627357277,0.489501953125,0.4561288058757782,0.397071897983551,0.0,0.0,0.002746987622231245,0.002458729315549135
base_model.model.model.layers.4.mlp.down_proj.lora_A.weight,"(16, 9728)",0.7471333005250699,0.18996067345142365,2.5275888442993164,2.9226179122924805,0.0,0.0,0.005402000155299902,0.006097832228988409
base_model.model.model.layers.4.mlp.down_proj.lora_B.weight,"(2560, 16)",-0.002277654875252923,0.5015624761581421,0.42670997977256775,0.660629391670227,0.0,0.0,0.0016802869504317641,0.002597894985228777
base_model.model.model.layers.4.mlp.gate_proj.lora_A.weight,"(16, 2560)",0.8637581756256232,0.1292724609375,2.3937225341796875,2.7716667652130127,0.0,0.0,0.0101858489215374,0.01144929975271225
base_model.model.model.layers.4.mlp.gate_proj.lora_B.weight,"(9728, 16)",0.0031802364148958142,0.5011500120162964,0.8861533999443054,1.764492154121399,0.0,0.0,0.0017414102330803871,0.003254250856116414
base_model.model.model.layers.4.mlp.up_proj.lora_A.weight,"(16, 2560)",0.9178067251494827,0.09709472954273224,2.366668224334717,2.5475058555603027,0.0,0.0,0.01005860511213541,0.010689287446439266
base_model.model.model.layers.4.mlp.up_proj.lora_B.weight,"(9728, 16)",-0.0037834779237645635,0.5031224489212036,0.7362027168273926,1.181567668914795,0.0,0.0,0.0014659083681181073,0.002336560981348157
base_model.model.model.layers.4.self_attn.k_proj.lora_A.weight,"(16, 2560)",0.9056603445626363,0.10200195014476776,2.3933982849121094,2.521639347076416,0.0,0.0,0.010138140991330147,0.010578988119959831
base_model.model.model.layers.4.self_attn.k_proj.lora_B.weight,"(1024, 16)",-0.0016950533015632201,0.50262451171875,0.2690638303756714,0.42494451999664307,0.0,0.0,0.0016423850320279598,0.0026408026460558176
base_model.model.model.layers.4.self_attn.o_proj.lora_A.weight,"(16, 4096)",0.8880175461216491,0.114959716796875,2.4073100090026855,2.570197820663452,0.0,0.0,0.008037998341023922,0.008487953804433346
base_model.model.model.layers.4.self_attn.o_proj.lora_B.weight,"(2560, 16)",0.0041408066937115,0.49980467557907104,0.4079967737197876,0.6025355458259583,0.0,0.0,0.001598281436599791,0.002371251117438078
base_model.model.model.layers.4.self_attn.q_proj.lora_A.weight,"(16, 2560)",0.8999870961990094,0.10854492336511612,2.3843610286712646,2.5571980476379395,0.0,0.0,0.010123629122972488,0.010697846300899982
base_model.model.model.layers.4.self_attn.q_proj.lora_B.weight,"(4096, 16)",0.00839348612055803,0.4990386962890625,0.5659140944480896,0.8906883597373962,0.0,0.0,0.0016770596848800778,0.0027507152408361435
base_model.model.model.layers.4.self_attn.v_proj.lora_A.weight,"(16, 2560)",0.9218793551993053,0.0946044921875,2.37170147895813,2.4827497005462646,0.0,0.0,0.010074068792164326,0.010430511087179184
base_model.model.model.layers.4.self_attn.v_proj.lora_B.weight,"(1024, 16)",0.019373165006475356,0.4920654296875,0.23947227001190186,0.3484167158603668,0.0,0.0,0.00148082769010216,0.0021470882929861546
base_model.model.model.layers.5.mlp.down_proj.lora_A.weight,"(16, 9728)",0.7451002535438142,0.19171464443206787,2.546444892883301,2.9432151317596436,0.0,0.0,0.005440787877887487,0.0061439815908670425
base_model.model.model.layers.5.mlp.down_proj.lora_B.weight,"(2560, 16)",-0.008539741757926224,0.5022948980331421,0.43667545914649963,0.6833455562591553,0.0,0.0,0.0017146884929388762,0.0026906405109912157
base_model.model.model.layers.5.mlp.gate_proj.lora_A.weight,"(16, 2560)",0.8911891716825717,0.1121826171875,2.3971920013427734,2.721416711807251,0.0,0.0,0.010175006464123726,0.01133917085826397
base_model.model.model.layers.5.mlp.gate_proj.lora_B.weight,"(9728, 16)",0.003808358783986963,0.49852871894836426,0.9789106249809265,1.4923242330551147,0.0,0.0,0.0019215806387364864,0.002977605676278472
base_model.model.model.layers.5.mlp.up_proj.lora_A.weight,"(16, 2560)",0.9287041980837231,0.08969726413488388,2.3762362003326416,2.5628106594085693,0.0,0.0,0.010098841972649097,0.010792027227580547
base_model.model.model.layers.5.mlp.up_proj.lora_B.weight,"(9728, 16)",-2.1354226769949606e-05,0.49667197465896606,0.8200137615203857,1.1627631187438965,0.0,0.0,0.0016480429330840707,0.002319887513294816
base_model.model.model.layers.5.self_attn.k_proj.lora_A.weight,"(16, 2560)",0.9179678591513193,0.09645996242761612,2.392338514328003,2.4742491245269775,0.0,0.0,0.010133635252714157,0.010413371957838535
base_model.model.model.layers.5.self_attn.k_proj.lora_B.weight,"(1024, 16)",-0.0008374360678643657,0.48931884765625,0.24189797043800354,0.3767530024051666,0.0,0.0,0.0014712968841195107,0.002302964450791478
base_model.model.model.layers.5.self_attn.o_proj.lora_A.weight,"(16, 4096)",0.8895472385370019,0.1107177734375,2.419750928878784,2.5323550701141357,0.0,0.0,0.008055297657847404,0.008375468663871288
base_model.model.model.layers.5.self_attn.o_proj.lora_B.weight,"(2560, 16)",0.0024486723841503667,0.5013672113418579,0.4130696654319763,0.5822134017944336,0.0,0.0,0.0016139417421072721,0.002278730971738696
base_model.model.model.layers.5.self_attn.q_proj.lora_A.weight,"(16, 2560)",0.9141709341819642,0.09780273586511612,2.379774570465088,2.500379800796509,0.0,0.0,0.010085511021316051,0.010506543330848217
base_model.model.model.layers.5.self_attn.q_proj.lora_B.weight,"(4096, 16)",-0.0043617811909821115,0.501129150390625,0.5061621069908142,0.7878915667533875,0.0,0.0,0.0015241982182487845,0.002400659490376711
base_model.model.model.layers.5.self_attn.v_proj.lora_A.weight,"(16, 2560)",0.9234401490593175,0.0936279296875,2.398257255554199,2.449741840362549,0.0,0.0,0.010163389146327972,0.010321922600269318
base_model.model.model.layers.5.self_attn.v_proj.lora_B.weight,"(1024, 16)",0.03602228342302724,0.48541259765625,0.27254849672317505,0.3372823894023895,0.0,0.0,0.0016841059550642967,0.0020999726839363575
base_model.model.model.layers.6.mlp.down_proj.lora_A.weight,"(16, 9728)",0.04387253965418623,0.22802734375,12.056511878967285,10.234564781188965,0.0,0.0,0.011346283368766308,0.01082128006964922
base_model.model.model.layers.6.mlp.down_proj.lora_B.weight,"(2560, 16)",0.028873069572856545,0.48320311307907104,0.40809735655784607,0.48305219411849976,0.0,0.0,0.0015838037943467498,0.0018919948488473892
base_model.model.model.layers.6.mlp.gate_proj.lora_A.weight,"(16, 2560)",0.8828984748627674,0.11579589545726776,2.377092123031616,2.766869306564331,0.0,0.0,0.010078944265842438,0.011453194543719292
base_model.model.model.layers.6.mlp.gate_proj.lora_B.weight,"(9728, 16)",0.004310323108309605,0.4989977478981018,0.8899478912353516,1.4811995029449463,0.0,0.0,0.0017473050393164158,0.0029729504603892565
base_model.model.model.layers.6.mlp.up_proj.lora_A.weight,"(16, 2560)",0.9244616995318284,0.0904541015625,2.377352714538574,2.6096878051757812,0.0,0.0,0.010109150782227516,0.0109836645424366
base_model.model.model.layers.6.mlp.up_proj.lora_B.weight,"(9728, 16)",0.002257148415534549,0.49825888872146606,0.7640414834022522,1.1723027229309082,0.0,0.0,0.001525532454252243,0.0023447375278919935
base_model.model.model.layers.6.self_attn.k_proj.lora_A.weight,"(16, 2560)",0.9071720433401689,0.10517577826976776,2.4019222259521484,2.481886863708496,0.0,0.0,0.010142686776816845,0.010428912937641144
base_model.model.model.layers.6.self_attn.k_proj.lora_B.weight,"(1024, 16)",0.013260148076296217,0.498291015625,0.28673169016838074,0.39801785349845886,0.0,0.0,0.0017540514236316085,0.002454772824421525
base_model.model.model.layers.6.self_attn.o_proj.lora_A.weight,"(16, 4096)",0.8942729157775764,0.1107635498046875,2.412747621536255,2.5711092948913574,0.0,0.0,0.008063515648245811,0.00850454531610012
base_model.model.model.layers.6.self_attn.o_proj.lora_B.weight,"(2560, 16)",-0.0035043542766294597,0.5022948980331421,0.4005199670791626,0.5860288143157959,0.0,0.0,0.0015696610789746046,0.0022863843478262424
base_model.model.model.layers.6.self_attn.q_proj.lora_A.weight,"(16, 2560)",0.9087353431428208,0.1041259765625,2.3977482318878174,2.4765892028808594,0.0,0.0,0.010137862525880337,0.010402729734778404
base_model.model.model.layers.6.self_attn.q_proj.lora_B.weight,"(4096, 16)",-0.005016033692330176,0.5041046142578125,0.5651029348373413,0.8220323920249939,0.0,0.0,0.0017165597528219223,0.002528600860387087
base_model.model.model.layers.6.self_attn.v_proj.lora_A.weight,"(16, 2560)",0.9215273590321227,0.09423828125,2.401388645172119,2.4697675704956055,0.0,0.0,0.010179981589317322,0.01040596142411232
base_model.model.model.layers.6.self_attn.v_proj.lora_B.weight,"(1024, 16)",-0.0035832399614298084,0.49310302734375,0.253240168094635,0.3355366289615631,0.0,0.0,0.0015613397117704153,0.0020639761351048946
base_model.model.model.layers.7.mlp.down_proj.lora_A.weight,"(16, 9728)",0.7553725509763158,0.18500077724456787,2.548637866973877,2.857266426086426,0.0,0.0,0.005443081725388765,0.005986608099192381
base_model.model.model.layers.7.mlp.down_proj.lora_B.weight,"(2560, 16)",-0.010530247103922233,0.5064452886581421,0.42814692854881287,0.5952187776565552,0.0,0.0,0.0016738686244934797,0.002332620555534959
base_model.model.model.layers.7.mlp.gate_proj.lora_A.weight,"(16, 2560)",0.8915135648729301,0.111083984375,2.3930118083953857,2.742677688598633,0.0,0.0,0.01015870738774538,0.011433722451329231
base_model.model.model.layers.7.mlp.gate_proj.lora_B.weight,"(9728, 16)",-0.011827286080172231,0.5004304647445679,0.95276939868927,1.46779203414917,0.0,0.0,0.0018723801476880908,0.0029388759285211563
base_model.model.model.layers.7.mlp.up_proj.lora_A.weight,"(16, 2560)",0.9327793860359681,0.08610840141773224,2.369760513305664,2.573479413986206,0.0,0.0,0.010059712454676628,0.01082246657460928
base_model.model.model.layers.7.mlp.up_proj.lora_B.weight,"(9728, 16)",-0.0011215427560818884,0.5001220703125,0.7639334797859192,1.1561830043792725,0.0,0.0,0.0015323351835832,0.0023220747243613005
base_model.model.model.layers.7.self_attn.k_proj.lora_A.weight,"(16, 2560)",0.9074338280208308,0.10468749701976776,2.41400146484375,2.4757797718048096,0.0,0.0,0.010205579921603203,0.010407796129584312
base_model.model.model.layers.7.self_attn.k_proj.lora_B.weight,"(1024, 16)",0.028291073698228676,0.4879150390625,0.25928249955177307,0.3705732524394989,0.0,0.0,0.0015846040332689881,0.0022864267230033875
base_model.model.model.layers.7.self_attn.o_proj.lora_A.weight,"(16, 4096)",0.8943181515917629,0.1094207763671875,2.401719093322754,2.5527284145355225,0.0,0.0,0.008029051125049591,0.008437725715339184
base_model.model.model.layers.7.self_attn.o_proj.lora_B.weight,"(2560, 16)",-0.002927833487911709,0.501953125,0.4063282310962677,0.5934251546859741,0.0,0.0,0.001590611063875258,0.0023388040717691183
base_model.model.model.layers.7.self_attn.q_proj.lora_A.weight,"(16, 2560)",0.9008293585310844,0.1094970703125,2.416999578475952,2.473461627960205,0.0,0.0,0.01019655354321003,0.010383713990449905
base_model.model.model.layers.7.self_attn.q_proj.lora_B.weight,"(4096, 16)",0.030187068750300344,0.4884033203125,0.6429153084754944,0.7909910678863525,0.0,0.0,0.0018725665286183357,0.002423312747851014
base_model.model.model.layers.7.self_attn.v_proj.lora_A.weight,"(16, 2560)",0.9130360881143229,0.09865722805261612,2.4088387489318848,2.4817893505096436,0.0,0.0,0.010198010131716728,0.010445957072079182
base_model.model.model.layers.7.self_attn.v_proj.lora_B.weight,"(1024, 16)",-0.009609357833500351,0.50531005859375,0.27227556705474854,0.32877111434936523,0.0,0.0,0.0016869488172233105,0.0020390013232827187
base_model.model.model.layers.8.mlp.down_proj.lora_A.weight,"(16, 9728)",0.7601136716978062,0.18438398838043213,2.518376350402832,2.893056631088257,0.0,0.0,0.005399054381996393,0.006049721967428923
base_model.model.model.layers.8.mlp.down_proj.lora_B.weight,"(2560, 16)",0.008867418860931368,0.4965576231479645,0.37878531217575073,0.6253747940063477,0.0,0.0,0.0014839163050055504,0.0024574052076786757
base_model.model.model.layers.8.mlp.gate_proj.lora_A.weight,"(16, 2560)",0.9076863358040369,0.10427246242761612,2.382798433303833,2.716866970062256,0.0,0.0,0.010125553235411644,0.011361445300281048
base_model.model.model.layers.8.mlp.gate_proj.lora_B.weight,"(9728, 16)",-0.0020808678538466823,0.5013556480407715,0.9327048659324646,1.408237338066101,0.0,0.0,0.0018240401986986399,0.002797747030854225
base_model.model.model.layers.8.mlp.up_proj.lora_A.weight,"(16, 2560)",0.9349012500448737,0.08586426079273224,2.354623556137085,2.5780019760131836,0.0,0.0,0.010020477697253227,0.010838806629180908
base_model.model.model.layers.8.mlp.up_proj.lora_B.weight,"(9728, 16)",-0.0032184866313361765,0.49911338090896606,0.7568554878234863,1.2632181644439697,0.0,0.0,0.0015141620533540845,0.002537101972848177
base_model.model.model.layers.8.self_attn.k_proj.lora_A.weight,"(16, 2560)",0.912201746761453,0.10026855766773224,2.4080681800842285,2.4690709114074707,0.0,0.0,0.010194336995482445,0.010382642038166523
base_model.model.model.layers.8.self_attn.k_proj.lora_B.weight,"(1024, 16)",-0.025605125447227477,0.49871826171875,0.24755291640758514,0.3796878159046173,0.0,0.0,0.0015001302817836404,0.0023296326398849487
base_model.model.model.layers.8.self_attn.o_proj.lora_A.weight,"(16, 4096)",0.9013406634136228,0.10760498046875,2.4060347080230713,2.5238194465637207,0.0,0.0,0.008047007955610752,0.008364511653780937
base_model.model.model.layers.8.self_attn.o_proj.lora_B.weight,"(2560, 16)",0.004593382802149505,0.4998779296875,0.3620220422744751,0.5505880117416382,0.0,0.0,0.001414787257090211,0.0021656036842614412
base_model.model.model.layers.8.self_attn.q_proj.lora_A.weight,"(16, 2560)",0.9127741386945016,0.10014648735523224,2.4056458473205566,2.487037420272827,0.0,0.0,0.0101839080452919,0.010463790968060493
base_model.model.model.layers.8.self_attn.q_proj.lora_B.weight,"(4096, 16)",-0.012845451086861344,0.5005340576171875,0.6027385592460632,0.8046505451202393,0.0,0.0,0.0017764023505151272,0.0024893609806895256
base_model.model.model.layers.8.self_attn.v_proj.lora_A.weight,"(16, 2560)",0.9138688449648072,0.10151366889476776,2.3740739822387695,2.492926836013794,0.0,0.0,0.010065825656056404,0.01046275720000267
base_model.model.model.layers.8.self_attn.v_proj.lora_B.weight,"(1024, 16)",-0.006429839468869661,0.5045166015625,0.2425057739019394,0.3402937352657318,0.0,0.0,0.0014857967616990209,0.0021177229937165976
base_model.model.model.layers.9.mlp.down_proj.lora_A.weight,"(16, 9728)",0.7655247772430772,0.1805291473865509,2.50588059425354,2.8902690410614014,0.0,0.0,0.005377354100346565,0.006044846028089523
base_model.model.model.layers.9.mlp.down_proj.lora_B.weight,"(2560, 16)",0.009264772102628582,0.4956298768520355,0.3583289384841919,0.639641284942627,0.0,0.0,0.0014119474217295647,0.0025153185706585646
base_model.model.model.layers.9.mlp.gate_proj.lora_A.weight,"(16, 2560)",0.8942727301771031,0.11086425930261612,2.380692720413208,2.7208900451660156,0.0,0.0,0.01012402679771185,0.011324778199195862
base_model.model.model.layers.9.mlp.gate_proj.lora_B.weight,"(9728, 16)",0.001940584752895747,0.49827173352241516,0.9504348039627075,1.4907881021499634,0.0,0.0,0.001860673539340496,0.002968309912830591
base_model.model.model.layers.9.mlp.up_proj.lora_A.weight,"(16, 2560)",0.9349222414250132,0.08935546875,2.361975908279419,2.537625551223755,0.0,0.0,0.010039390996098518,0.01068125106394291
base_model.model.model.layers.9.mlp.up_proj.lora_B.weight,"(9728, 16)",-0.0005214478386318128,0.5005075335502625,0.7573936581611633,1.1382339000701904,0.0,0.0,0.0015172103885561228,0.002298096427693963
base_model.model.model.layers.9.self_attn.k_proj.lora_A.weight,"(16, 2560)",0.9006699987669811,0.10654296725988388,2.427488088607788,2.464526653289795,0.0,0.0,0.010219189338386059,0.010359220206737518
base_model.model.model.layers.9.self_attn.k_proj.lora_B.weight,"(1024, 16)",-0.0013357805152573166,0.50244140625,0.3007737100124359,0.376979261636734,0.0,0.0,0.0018076280830428004,0.00231749564409256
base_model.model.model.layers.9.self_attn.o_proj.lora_A.weight,"(16, 4096)",0.9077358984737732,0.10247802734375,2.4013543128967285,2.510263442993164,0.0,0.0,0.008031085133552551,0.008326396346092224
base_model.model.model.layers.9.self_attn.o_proj.lora_B.weight,"(2560, 16)",0.007974196642895594,0.4950927793979645,0.32212817668914795,0.5566595196723938,0.0,0.0,0.0012623295187950134,0.0021881270222365856
base_model.model.model.layers.9.self_attn.q_proj.lora_A.weight,"(16, 2560)",0.9022592089126963,0.10786132514476776,2.413048028945923,2.495978355407715,0.0,0.0,0.010190291330218315,0.010458307340741158
base_model.model.model.layers.9.self_attn.q_proj.lora_B.weight,"(4096, 16)",-0.0025202006644044115,0.5036773681640625,0.6791403293609619,0.831240713596344,0.0,0.0,0.0019855459686368704,0.002560348017141223
base_model.model.model.layers.9.self_attn.v_proj.lora_A.weight,"(16, 2560)",0.9140932993148824,0.1009521484375,2.372316598892212,2.4846749305725098,0.0,0.0,0.010044820606708527,0.010420804843306541
base_model.model.model.layers.9.self_attn.v_proj.lora_B.weight,"(1024, 16)",0.0032451164633282388,0.49658203125,0.2245151251554489,0.34077903628349304,0.0,0.0,0.0013585106935352087,0.0021245197858661413
