key,shape,cosine,conflict_frac,logs_l2,qa_l2,logs_zero_frac,qa_zero_frac,logs_abs_mean,qa_abs_mean
base_model.model.model.layers.0.mlp.down_proj.lora_A.weight,"(16, 9728)",0.9373017801681134,0.08077199757099152,2.469242572784424,2.3116531372070312,0.0,0.0,0.005312275141477585,0.005073393229395151
base_model.model.model.layers.0.mlp.down_proj.lora_B.weight,"(2560, 16)",-0.0046017454705358845,0.500317394733429,0.35884207487106323,0.027447551488876343,0.0,0.0,0.0014078788226470351,0.00012565753422677517
base_model.model.model.layers.0.mlp.gate_proj.lora_A.weight,"(16, 2560)",0.9907163560067532,0.03132324293255806,2.330204725265503,2.300844669342041,0.0,0.0,0.009927039034664631,0.009830229915678501
base_model.model.model.layers.0.mlp.gate_proj.lora_B.weight,"(9728, 16)",0.004469697964718865,0.49855443835258484,0.7186267971992493,0.050026267766952515,0.0,0.0,0.0014325400115922093,0.00011635668488452211
base_model.model.model.layers.0.mlp.up_proj.lora_A.weight,"(16, 2560)",0.9915014402411617,0.02783203125,2.3334968090057373,2.3096280097961426,0.0,0.0,0.009955964051187038,0.009882415644824505
base_model.model.model.layers.0.mlp.up_proj.lora_B.weight,"(9728, 16)",-0.0010357852665832596,0.5005332827568054,0.7185872197151184,0.05048656836152077,0.0,0.0,0.0014373667072504759,0.00011761402856791392
base_model.model.model.layers.0.self_attn.k_proj.lora_A.weight,"(16, 2560)",0.9622844445859133,0.06599120795726776,2.407566547393799,2.3146812915802,0.0,0.0,0.010181807912886143,0.009910172782838345
base_model.model.model.layers.0.self_attn.k_proj.lora_B.weight,"(1024, 16)",-0.004474748092131202,0.49407958984375,0.28959694504737854,0.017267832532525063,0.0,0.0,0.0017562430584803224,0.00012456176045816392
base_model.model.model.layers.0.self_attn.o_proj.lora_A.weight,"(16, 4096)",0.9759550015768059,0.046539306640625,2.3620412349700928,2.303860664367676,0.0,0.0,0.007940404117107391,0.007799393031746149
base_model.model.model.layers.0.self_attn.o_proj.lora_B.weight,"(2560, 16)",0.006595214328992613,0.49724119901657104,0.35183119773864746,0.027248525992035866,0.0,0.0,0.001378469169139862,0.00012503121979534626
base_model.model.model.layers.0.self_attn.q_proj.lora_A.weight,"(16, 2560)",0.9763273389561322,0.04831542819738388,2.378873825073242,2.3149445056915283,0.0,0.0,0.010115854442119598,0.009924786165356636
base_model.model.model.layers.0.self_attn.q_proj.lora_B.weight,"(4096, 16)",-0.002153472089231441,0.501068115234375,0.5748635530471802,0.03333093971014023,0.0,0.0,0.0017441828968003392,0.00011915217328350991
base_model.model.model.layers.0.self_attn.v_proj.lora_A.weight,"(16, 2560)",0.9774067208021097,0.046630859375,2.36828875541687,2.3133647441864014,0.0,0.0,0.010070297867059708,0.009905369952321053
base_model.model.model.layers.0.self_attn.v_proj.lora_B.weight,"(1024, 16)",0.025831522304050523,0.49053955078125,0.242404967546463,0.016780681908130646,0.0,0.0,0.0014945098664611578,0.00012188807886559516
base_model.model.model.layers.1.mlp.down_proj.lora_A.weight,"(16, 9728)",0.7731665159038986,0.06952225416898727,2.9979262351989746,2.316617965698242,0.0,0.0,0.005509489681571722,0.0050893365405499935
base_model.model.model.layers.1.mlp.down_proj.lora_B.weight,"(2560, 16)",0.009399399691642952,0.49836426973342896,0.32605406641960144,0.026810208335518837,0.0,0.0,0.0012874886160716414,0.00012426271860022098
base_model.model.model.layers.1.mlp.gate_proj.lora_A.weight,"(16, 2560)",0.98004601213308,0.04416503757238388,2.3583486080169678,2.3112261295318604,0.0,0.0,0.010026782751083374,0.009891767986118793
base_model.model.model.layers.1.mlp.gate_proj.lora_B.weight,"(9728, 16)",0.23493444097440788,0.37816739082336426,0.9326714873313904,0.04728547856211662,0.0,0.0,0.0014184291940182447,0.00010274523810949177
base_model.model.model.layers.1.mlp.up_proj.lora_A.weight,"(16, 2560)",0.9860745962575956,0.03635253757238388,2.344372034072876,2.309947967529297,0.0,0.0,0.009982721880078316,0.009880918078124523
base_model.model.model.layers.1.mlp.up_proj.lora_B.weight,"(9728, 16)",0.1578969995778764,0.45471835136413574,0.7714265584945679,0.05342478305101395,0.0,0.0,0.001145513728260994,0.00012170611444162205
base_model.model.model.layers.1.self_attn.k_proj.lora_A.weight,"(16, 2560)",0.9717365398521582,0.05559081956744194,2.380474328994751,2.308598279953003,0.0,0.0,0.010094924829900265,0.009875203482806683
base_model.model.model.layers.1.self_attn.k_proj.lora_B.weight,"(1024, 16)",0.009131078515733493,0.4957275390625,0.23786695301532745,0.01659207232296467,0.0,0.0,0.0014381302753463387,0.00012053178943460807
base_model.model.model.layers.1.self_attn.o_proj.lora_A.weight,"(16, 4096)",0.9782958678619543,0.04296875,2.3672034740448,2.3109824657440186,0.0,0.0,0.007947195321321487,0.007810879498720169
base_model.model.model.layers.1.self_attn.o_proj.lora_B.weight,"(2560, 16)",0.01881625730839215,0.4955078065395355,0.3572799861431122,0.026958197355270386,0.0,0.0,0.0013905202504247427,0.00012320026871748269
base_model.model.model.layers.1.self_attn.q_proj.lora_A.weight,"(16, 2560)",0.9794095743215403,0.04506836086511612,2.3709893226623535,2.314042806625366,0.0,0.0,0.010079980827867985,0.009908048436045647
base_model.model.model.layers.1.self_attn.q_proj.lora_B.weight,"(4096, 16)",0.008519295019298233,0.49676513671875,0.49766257405281067,0.031597450375556946,0.0,0.0,0.00149032031185925,0.0001130400924012065
base_model.model.model.layers.1.self_attn.v_proj.lora_A.weight,"(16, 2560)",0.97880866340697,0.04355468600988388,2.3538143634796143,2.306443691253662,0.0,0.0,0.009995696134865284,0.009855824522674084
base_model.model.model.layers.1.self_attn.v_proj.lora_B.weight,"(1024, 16)",0.04840130749937167,0.479736328125,0.24047765135765076,0.016911495476961136,0.0,0.0,0.0014663953334093094,0.00012303804396651685
base_model.model.model.layers.10.mlp.down_proj.lora_A.weight,"(16, 9728)",0.9145623352934535,0.09807386249303818,2.533510208129883,2.3107054233551025,0.0,0.0,0.005418363027274609,0.005072626285254955
base_model.model.model.layers.10.mlp.down_proj.lora_B.weight,"(2560, 16)",0.008351653266070203,0.49919432401657104,0.43160367012023926,0.028326017782092094,0.0,0.0,0.0016833223635330796,0.0001303858880419284
base_model.model.model.layers.10.mlp.gate_proj.lora_A.weight,"(16, 2560)",0.9732103163173059,0.05510253831744194,2.3997864723205566,2.310263156890869,0.0,0.0,0.010185805149376392,0.009881017729640007
base_model.model.model.layers.10.mlp.gate_proj.lora_B.weight,"(9728, 16)",4.84519815341737e-05,0.4997173249721527,1.0955220460891724,0.04638214036822319,0.0,0.0,0.0021401536650955677,0.00010669872426660731
base_model.model.model.layers.10.mlp.up_proj.lora_A.weight,"(16, 2560)",0.9783896221330604,0.04572753980755806,2.3790483474731445,2.310546875,0.0,0.0,0.010115993209183216,0.009897375479340553
base_model.model.model.layers.10.mlp.up_proj.lora_B.weight,"(9728, 16)",0.00430822330454537,0.498046875,0.8516683578491211,0.05101816728711128,0.0,0.0,0.0016989046707749367,0.00012100896128686145
base_model.model.model.layers.10.self_attn.k_proj.lora_A.weight,"(16, 2560)",0.9597025359124973,0.06691894680261612,2.4071061611175537,2.3083622455596924,0.0,0.0,0.010166430845856667,0.009867277927696705
base_model.model.model.layers.10.self_attn.k_proj.lora_B.weight,"(1024, 16)",0.027592155161738692,0.4971923828125,0.28618043661117554,0.016385763883590698,0.0,0.0,0.0017546272138133645,0.00011940110562136397
base_model.model.model.layers.10.self_attn.o_proj.lora_A.weight,"(16, 4096)",0.9708039039391124,0.054412841796875,2.3781230449676514,2.3019139766693115,0.0,0.0,0.007958825677633286,0.007776563987135887
base_model.model.model.layers.10.self_attn.o_proj.lora_B.weight,"(2560, 16)",0.00901144486035943,0.4964355528354645,0.40115979313850403,0.027481308206915855,0.0,0.0,0.0015568180242553353,0.00012721228995360434
base_model.model.model.layers.10.self_attn.q_proj.lora_A.weight,"(16, 2560)",0.9640660096910582,0.06467285007238388,2.398883581161499,2.311276912689209,0.0,0.0,0.010146158747375011,0.009875264950096607
base_model.model.model.layers.10.self_attn.q_proj.lora_B.weight,"(4096, 16)",-0.009588232720610216,0.508270263671875,0.5829437375068665,0.03206678852438927,0.0,0.0,0.0017392474692314863,0.00011558856203919277
base_model.model.model.layers.10.self_attn.v_proj.lora_A.weight,"(16, 2560)",0.9703792152670121,0.05744628980755806,2.391941547393799,2.3119585514068604,0.0,0.0,0.010132292285561562,0.009882141835987568
base_model.model.model.layers.10.self_attn.v_proj.lora_B.weight,"(1024, 16)",0.05471395727000063,0.47998046875,0.2512626647949219,0.017038684338331223,0.0,0.0,0.001552838133648038,0.0001262069563381374
base_model.model.model.layers.11.mlp.down_proj.lora_A.weight,"(16, 9728)",0.9095095849607185,0.10128623247146606,2.5538485050201416,2.3111329078674316,0.0,0.0,0.00545138493180275,0.005074176471680403
base_model.model.model.layers.11.mlp.down_proj.lora_B.weight,"(2560, 16)",-0.0026560340284476143,0.4991210997104645,0.48118314146995544,0.02765682339668274,0.0,0.0,0.0018868485931307077,0.00012748080189339817
base_model.model.model.layers.11.mlp.gate_proj.lora_A.weight,"(16, 2560)",0.977407698111276,0.04909668117761612,2.384885787963867,2.3124806880950928,0.0,0.0,0.010136912576854229,0.009897947311401367
base_model.model.model.layers.11.mlp.gate_proj.lora_B.weight,"(9728, 16)",0.0016864116994356566,0.5000642538070679,1.0555319786071777,0.04706185311079025,0.0,0.0,0.0020647537894546986,0.00010892845602938905
base_model.model.model.layers.11.mlp.up_proj.lora_A.weight,"(16, 2560)",0.9788981446662364,0.04680175706744194,2.375005006790161,2.3070037364959717,0.0,0.0,0.010081082582473755,0.009868374094367027
base_model.model.model.layers.11.mlp.up_proj.lora_B.weight,"(9728, 16)",0.002607788978588384,0.4997044503688812,0.9466293454170227,0.04936240240931511,0.0,0.0,0.0018807280575856566,0.00011635625560302287
base_model.model.model.layers.11.self_attn.k_proj.lora_A.weight,"(16, 2560)",0.9599205904083196,0.06381835788488388,2.414107084274292,2.3173344135284424,0.0,0.0,0.010224191471934319,0.009938168339431286
base_model.model.model.layers.11.self_attn.k_proj.lora_B.weight,"(1024, 16)",0.0060937064977069225,0.4976806640625,0.29158899188041687,0.016307363286614418,0.0,0.0,0.0017537097446620464,0.00011968397302553058
base_model.model.model.layers.11.self_attn.o_proj.lora_A.weight,"(16, 4096)",0.9600883721232685,0.0618133544921875,2.4139597415924072,2.3086485862731934,0.0,0.0,0.00807215366512537,0.007816316559910774
base_model.model.model.layers.11.self_attn.o_proj.lora_B.weight,"(2560, 16)",0.005544273197811264,0.49909669160842896,0.45236319303512573,0.02709883451461792,0.0,0.0,0.0017610039794817567,0.00012565500219352543
base_model.model.model.layers.11.self_attn.q_proj.lora_A.weight,"(16, 2560)",0.9555335246241317,0.06911621242761612,2.4258384704589844,2.310471296310425,0.0,0.0,0.010237296111881733,0.009889851324260235
base_model.model.model.layers.11.self_attn.q_proj.lora_B.weight,"(4096, 16)",0.008439790001892879,0.5001373291015625,0.6039906740188599,0.030824637040495872,0.0,0.0,0.0018303529359400272,0.0001106049312511459
base_model.model.model.layers.11.self_attn.v_proj.lora_A.weight,"(16, 2560)",0.9640811394379534,0.06162109225988388,2.4037256240844727,2.3068580627441406,0.0,0.0,0.010164796374738216,0.009858356788754463
base_model.model.model.layers.11.self_attn.v_proj.lora_B.weight,"(1024, 16)",0.02739938177486242,0.49188232421875,0.30678752064704895,0.01671545021235943,0.0,0.0,0.0018687378615140915,0.00012330511526670307
base_model.model.model.layers.12.mlp.down_proj.lora_A.weight,"(16, 9728)",0.8973085375468547,0.10988897830247879,2.590791940689087,2.3143463134765625,0.0,0.0,0.0055157034657895565,0.005078877322375774
base_model.model.model.layers.12.mlp.down_proj.lora_B.weight,"(2560, 16)",0.004734721972782171,0.49628907442092896,0.4931960701942444,0.027873503044247627,0.0,0.0,0.0019257478415966034,0.00012901020818389952
base_model.model.model.layers.12.mlp.gate_proj.lora_A.weight,"(16, 2560)",0.9750415178311218,0.05178222805261612,2.398169994354248,2.309432029724121,0.0,0.0,0.010183341801166534,0.009887988679111004
base_model.model.model.layers.12.mlp.gate_proj.lora_B.weight,"(9728, 16)",-0.0015367811457574479,0.5004690289497375,1.0504140853881836,0.046248093247413635,0.0,0.0,0.002045002533122897,0.000106349318230059
base_model.model.model.layers.12.mlp.up_proj.lora_A.weight,"(16, 2560)",0.9774294718546213,0.04714355617761612,2.3832507133483887,2.314225196838379,0.0,0.0,0.010124901309609413,0.0099104642868042
base_model.model.model.layers.12.mlp.up_proj.lora_B.weight,"(9728, 16)",0.0022775127194693766,0.49881142377853394,0.9124163389205933,0.04976744204759598,0.0,0.0,0.0018138358136639,0.0001181657935376279
base_model.model.model.layers.12.self_attn.k_proj.lora_A.weight,"(16, 2560)",0.9587129673449258,0.06682129204273224,2.408050537109375,2.3080027103424072,0.0,0.0,0.010159856639802456,0.009865124709904194
base_model.model.model.layers.12.self_attn.k_proj.lora_B.weight,"(1024, 16)",0.05854087044890238,0.46783447265625,0.2796805500984192,0.01607406884431839,0.0,0.0,0.0016664176946505904,0.0001175491779576987
base_model.model.model.layers.12.self_attn.o_proj.lora_A.weight,"(16, 4096)",0.962089676116376,0.061126708984375,2.4184036254882812,2.3162126541137695,0.0,0.0,0.008088793605566025,0.007840296253561974
base_model.model.model.layers.12.self_attn.o_proj.lora_B.weight,"(2560, 16)",-0.0026550809505334516,0.5009765625,0.49444442987442017,0.02685721218585968,0.0,0.0,0.0019360792357474566,0.00012492516543716192
base_model.model.model.layers.12.self_attn.q_proj.lora_A.weight,"(16, 2560)",0.962804915430272,0.06396484375,2.4107518196105957,2.3133230209350586,0.0,0.0,0.010203637182712555,0.009907240979373455
base_model.model.model.layers.12.self_attn.q_proj.lora_B.weight,"(4096, 16)",0.03740318457918887,0.47967529296875,0.622025191783905,0.030737491324543953,0.0,0.0,0.0018501527374610305,0.00011076649388996884
base_model.model.model.layers.12.self_attn.v_proj.lora_A.weight,"(16, 2560)",0.9651107433832697,0.06203613430261612,2.3969719409942627,2.3074569702148438,0.0,0.0,0.010123806074261665,0.00986361876130104
base_model.model.model.layers.12.self_attn.v_proj.lora_B.weight,"(1024, 16)",0.013648948638855395,0.494873046875,0.2842367887496948,0.01673053205013275,0.0,0.0,0.001734145567752421,0.00012372920173220336
base_model.model.model.layers.13.mlp.down_proj.lora_A.weight,"(16, 9728)",0.9019940123007822,0.10645173490047455,2.5807595252990723,2.316790819168091,0.0,0.0,0.005504281725734472,0.005089913960546255
base_model.model.model.layers.13.mlp.down_proj.lora_B.weight,"(2560, 16)",-0.004811630154300684,0.5004638433456421,0.4493683874607086,0.02840474247932434,0.0,0.0,0.0017574228113517165,0.0001320943993050605
base_model.model.model.layers.13.mlp.gate_proj.lora_A.weight,"(16, 2560)",0.9690532665086401,0.0582275390625,2.416520833969116,2.3127965927124023,0.0,0.0,0.01024402491748333,0.009899412281811237
base_model.model.model.layers.13.mlp.gate_proj.lora_B.weight,"(9728, 16)",0.0032448485572023384,0.49859941005706787,1.1107914447784424,0.048291828483343124,0.0,0.0,0.0021301486995071173,0.00011281520710326731
base_model.model.model.layers.13.mlp.up_proj.lora_A.weight,"(16, 2560)",0.9764233575768828,0.04963378980755806,2.4030323028564453,2.321406126022339,0.0,0.0,0.010210863314568996,0.009940633550286293
base_model.model.model.layers.13.mlp.up_proj.lora_B.weight,"(9728, 16)",0.009162110217298075,0.4963507354259491,0.9308328628540039,0.04997333884239197,0.0,0.0,0.0018321576062589884,0.00011835921031888574
base_model.model.model.layers.13.self_attn.k_proj.lora_A.weight,"(16, 2560)",0.9538254047598185,0.07219238579273224,2.410037040710449,2.30086350440979,0.0,0.0,0.01015176810324192,0.009821777231991291
base_model.model.model.layers.13.self_attn.k_proj.lora_B.weight,"(1024, 16)",0.03850817329525514,0.473876953125,0.34366580843925476,0.016022387892007828,0.0,0.0,0.002024702727794647,0.00011755889863707125
base_model.model.model.layers.13.self_attn.o_proj.lora_A.weight,"(16, 4096)",0.9567587112218598,0.0664825439453125,2.4280474185943604,2.3154137134552,0.0,0.0,0.008103854022920132,0.00783156231045723
base_model.model.model.layers.13.self_attn.o_proj.lora_B.weight,"(2560, 16)",0.0071607781605063136,0.4981689453125,0.488960862159729,0.027067881077528,0.0,0.0,0.0019007023656740785,0.0001266946055693552
base_model.model.model.layers.13.self_attn.q_proj.lora_A.weight,"(16, 2560)",0.9562045846178625,0.07216797024011612,2.4245240688323975,2.310281276702881,0.0,0.0,0.010234524495899677,0.009888979606330395
base_model.model.model.layers.13.self_attn.q_proj.lora_B.weight,"(4096, 16)",0.02530079675852149,0.4880828857421875,0.7067344188690186,0.03030364029109478,0.0,0.0,0.002100718207657337,0.00010918188490904868
base_model.model.model.layers.13.self_attn.v_proj.lora_A.weight,"(16, 2560)",0.9656626912433077,0.0604248046875,2.3943119049072266,2.3084726333618164,0.0,0.0,0.010133510455489159,0.009875373914837837
base_model.model.model.layers.13.self_attn.v_proj.lora_B.weight,"(1024, 16)",0.028466497234620556,0.48858642578125,0.32482123374938965,0.016917958855628967,0.0,0.0,0.0019882055930793285,0.00012606705422513187
base_model.model.model.layers.14.mlp.down_proj.lora_A.weight,"(16, 9728)",0.8919094865281635,0.11333265155553818,2.60906982421875,2.313006639480591,0.0,0.0,0.00555037148296833,0.005077514797449112
base_model.model.model.layers.14.mlp.down_proj.lora_B.weight,"(2560, 16)",-0.004931439554530804,0.5015624761581421,0.4671665132045746,0.028570638969540596,0.0,0.0,0.0018036041874438524,0.00013287831097841263
base_model.model.model.layers.14.mlp.gate_proj.lora_A.weight,"(16, 2560)",0.964056839733956,0.06062011793255806,2.4360368251800537,2.3187732696533203,0.0,0.0,0.010314988903701305,0.009935586713254452
base_model.model.model.layers.14.mlp.gate_proj.lora_B.weight,"(9728, 16)",-0.0013913142529918645,0.49924829602241516,1.0977805852890015,0.0482979491353035,0.0,0.0,0.002108105691149831,0.00011321561760269105
base_model.model.model.layers.14.mlp.up_proj.lora_A.weight,"(16, 2560)",0.9702319937030182,0.05769043043255806,2.3999412059783936,2.298048973083496,0.0,0.0,0.010163475759327412,0.009818990714848042
base_model.model.model.layers.14.mlp.up_proj.lora_B.weight,"(9728, 16)",0.002263829145995212,0.49861225485801697,0.9683987498283386,0.05153282731771469,0.0,0.0,0.001916618668474257,0.00012344792776275426
base_model.model.model.layers.14.self_attn.k_proj.lora_A.weight,"(16, 2560)",0.93843663911615,0.08442382514476776,2.4663610458374023,2.308389902114868,0.0,0.0,0.010353198274970055,0.009871936403214931
base_model.model.model.layers.14.self_attn.k_proj.lora_B.weight,"(1024, 16)",0.025978244549403718,0.49078369140625,0.3191981911659241,0.016201799735426903,0.0,0.0,0.0019283299334347248,0.00011908685701200739
base_model.model.model.layers.14.self_attn.o_proj.lora_A.weight,"(16, 4096)",0.9588097696050711,0.06561279296875,2.420318603515625,2.312624931335449,0.0,0.0,0.008081134408712387,0.007819406688213348
base_model.model.model.layers.14.self_attn.o_proj.lora_B.weight,"(2560, 16)",0.005853422154676318,0.49772948026657104,0.454274982213974,0.026952264830470085,0.0,0.0,0.0017669231165200472,0.00012623131624422967
base_model.model.model.layers.14.self_attn.q_proj.lora_A.weight,"(16, 2560)",0.9471696814347785,0.0770263671875,2.4497361183166504,2.30729341506958,0.0,0.0,0.010307101532816887,0.009875050745904446
base_model.model.model.layers.14.self_attn.q_proj.lora_B.weight,"(4096, 16)",0.00045799586704010263,0.5008392333984375,0.6430752873420715,0.03179134428501129,0.0,0.0,0.001929101417772472,0.00011631783127086237
base_model.model.model.layers.14.self_attn.v_proj.lora_A.weight,"(16, 2560)",0.9684820714070517,0.05732421949505806,2.3918230533599854,2.3094043731689453,0.0,0.0,0.010131701827049255,0.009877239353954792
base_model.model.model.layers.14.self_attn.v_proj.lora_B.weight,"(1024, 16)",0.017986406629170983,0.49072265625,0.29448002576828003,0.01695208251476288,0.0,0.0,0.0018054504180327058,0.00012626920943148434
base_model.model.model.layers.15.mlp.down_proj.lora_A.weight,"(16, 9728)",0.8822783796702921,0.11952611058950424,2.631929397583008,2.3082237243652344,0.0,0.0,0.005578925367444754,0.005064572207629681
base_model.model.model.layers.15.mlp.down_proj.lora_B.weight,"(2560, 16)",-0.0038816749082973027,0.49853515625,0.48916465044021606,0.02873367629945278,0.0,0.0,0.0019000936299562454,0.00013380062591750175
base_model.model.model.layers.15.mlp.gate_proj.lora_A.weight,"(16, 2560)",0.9657989650265892,0.05925292894244194,2.4281694889068604,2.3157167434692383,0.0,0.0,0.010264706797897816,0.009919589385390282
base_model.model.model.layers.15.mlp.gate_proj.lora_B.weight,"(9728, 16)",0.0031243514282690496,0.49939608573913574,1.1111582517623901,0.04981445521116257,0.0,0.0,0.002129411557689309,0.00011757807806134224
base_model.model.model.layers.15.mlp.up_proj.lora_A.weight,"(16, 2560)",0.9731780623676457,0.05209960788488388,2.391368865966797,2.3068201541900635,0.0,0.0,0.010143199935555458,0.009867946617305279
base_model.model.model.layers.15.mlp.up_proj.lora_B.weight,"(9728, 16)",-0.00047966061133763234,0.49839380383491516,0.8966608643531799,0.0518764965236187,0.0,0.0,0.0017574145458638668,0.00012432507355697453
base_model.model.model.layers.15.self_attn.k_proj.lora_A.weight,"(16, 2560)",0.9582767880518719,0.06655273586511612,2.4058830738067627,2.310438632965088,0.0,0.0,0.010157613083720207,0.009878176264464855
base_model.model.model.layers.15.self_attn.k_proj.lora_B.weight,"(1024, 16)",-0.001682616613821032,0.50079345703125,0.2557525932788849,0.01602403074502945,0.0,0.0,0.0015223532682284713,0.00011794162855949253
base_model.model.model.layers.15.self_attn.o_proj.lora_A.weight,"(16, 4096)",0.9574544546507241,0.06597900390625,2.425084352493286,2.3095028400421143,0.0,0.0,0.00809896644204855,0.007814599201083183
base_model.model.model.layers.15.self_attn.o_proj.lora_B.weight,"(2560, 16)",-0.004112727080009741,0.5013427734375,0.4668445885181427,0.027844568714499474,0.0,0.0,0.0018019400304183364,0.0001310806255787611
base_model.model.model.layers.15.self_attn.q_proj.lora_A.weight,"(16, 2560)",0.9569928476117233,0.06940917670726776,2.4185876846313477,2.3087849617004395,0.0,0.0,0.010206599719822407,0.009889235720038414
base_model.model.model.layers.15.self_attn.q_proj.lora_B.weight,"(4096, 16)",-0.014316157052357243,0.503173828125,0.6447951793670654,0.032059796154499054,0.0,0.0,0.0019330545328557491,0.00011743533104890957
base_model.model.model.layers.15.self_attn.v_proj.lora_A.weight,"(16, 2560)",0.9702440228535789,0.05402832105755806,2.37969970703125,2.302896499633789,0.0,0.0,0.010073686949908733,0.00984722189605236
base_model.model.model.layers.15.self_attn.v_proj.lora_B.weight,"(1024, 16)",0.005024535425259857,0.4952392578125,0.2630445659160614,0.017336951568722725,0.0,0.0,0.0015577423619106412,0.0001299216237384826
base_model.model.model.layers.16.mlp.down_proj.lora_A.weight,"(16, 9728)",0.8865354200607016,0.11658357083797455,2.620375394821167,2.3106040954589844,0.0,0.0,0.0055623892694711685,0.005069732666015625
base_model.model.model.layers.16.mlp.down_proj.lora_B.weight,"(2560, 16)",-0.0013885612354020476,0.501147449016571,0.458757221698761,0.02804815210402012,0.0,0.0,0.0017796531319618225,0.00013013786519877613
base_model.model.model.layers.16.mlp.gate_proj.lora_A.weight,"(16, 2560)",0.9677816909118684,0.05695800855755806,2.410573959350586,2.3035833835601807,0.0,0.0,0.010214008390903473,0.0098563926294446
base_model.model.model.layers.16.mlp.gate_proj.lora_B.weight,"(9728, 16)",-0.0003595414597980658,0.49870219826698303,1.0374670028686523,0.04977056756615639,0.0,0.0,0.00197620433755219,0.00011739428009605035
base_model.model.model.layers.16.mlp.up_proj.lora_A.weight,"(16, 2560)",0.9716815233229564,0.05312500149011612,2.398808717727661,2.309596538543701,0.0,0.0,0.010168190114200115,0.009886053390800953
base_model.model.model.layers.16.mlp.up_proj.lora_B.weight,"(9728, 16)",0.00079185023082178,0.4981432557106018,0.9108983278274536,0.05210139974951744,0.0,0.0,0.0017902423860505223,0.0001250270870514214
base_model.model.model.layers.16.self_attn.k_proj.lora_A.weight,"(16, 2560)",0.9616689085959776,0.06535644829273224,2.412231922149658,2.311861515045166,0.0,0.0,0.010184556245803833,0.009888522326946259
base_model.model.model.layers.16.self_attn.k_proj.lora_B.weight,"(1024, 16)",0.01271231418445568,0.49578857421875,0.29890763759613037,0.016294611617922783,0.0,0.0,0.0018271986627951264,0.00011982795695075765
base_model.model.model.layers.16.self_attn.o_proj.lora_A.weight,"(16, 4096)",0.9629053104534139,0.060302734375,2.4034295082092285,2.3074445724487305,0.0,0.0,0.008028734475374222,0.007798892445862293
base_model.model.model.layers.16.self_attn.o_proj.lora_B.weight,"(2560, 16)",0.005018793064676813,0.49995118379592896,0.43345555663108826,0.02789483778178692,0.0,0.0,0.0016776282573118806,0.00013104503159411252
base_model.model.model.layers.16.self_attn.q_proj.lora_A.weight,"(16, 2560)",0.9609511417869191,0.06511230766773224,2.418647527694702,2.3169400691986084,0.0,0.0,0.01022964809089899,0.009922567754983902
base_model.model.model.layers.16.self_attn.q_proj.lora_B.weight,"(4096, 16)",-0.027164330938684776,0.514739990234375,0.6041915416717529,0.03178592026233673,0.0,0.0,0.0017982474528253078,0.0001154402707470581
base_model.model.model.layers.16.self_attn.v_proj.lora_A.weight,"(16, 2560)",0.9636435893854917,0.05778808519244194,2.403535842895508,2.3097949028015137,0.0,0.0,0.010160693898797035,0.0098861213773489
base_model.model.model.layers.16.self_attn.v_proj.lora_B.weight,"(1024, 16)",-0.01318721462879072,0.5093994140625,0.2512991428375244,0.017379051074385643,0.0,0.0,0.0015123721677809954,0.0001301075390074402
base_model.model.model.layers.17.mlp.down_proj.lora_A.weight,"(16, 9728)",0.8771975418757714,0.12261641770601273,2.661215305328369,2.3124306201934814,0.0,0.0,0.005632761865854263,0.005072592291980982
base_model.model.model.layers.17.mlp.down_proj.lora_B.weight,"(2560, 16)",-0.013396697215525902,0.5052245855331421,0.5282911658287048,0.029086953029036522,0.0,0.0,0.002061403589323163,0.00013616976502817124
base_model.model.model.layers.17.mlp.gate_proj.lora_A.weight,"(16, 2560)",0.9612378553314879,0.06459961086511612,2.44059157371521,2.312481641769409,0.0,0.0,0.01030974555760622,0.009898691438138485
base_model.model.model.layers.17.mlp.gate_proj.lora_B.weight,"(9728, 16)",-0.005708586697803962,0.5025570392608643,1.1400790214538574,0.04958871379494667,0.0,0.0,0.0021820387337356806,0.00011690392420860007
base_model.model.model.layers.17.mlp.up_proj.lora_A.weight,"(16, 2560)",0.9680095104368746,0.0574951171875,2.4160103797912598,2.311664581298828,0.0,0.0,0.010227874852716923,0.009893827140331268
base_model.model.model.layers.17.mlp.up_proj.lora_B.weight,"(9728, 16)",-0.001097700362035824,0.5004754066467285,1.023335576057434,0.051476188004016876,0.0,0.0,0.0019950096029788256,0.000123369914945215
base_model.model.model.layers.17.self_attn.k_proj.lora_A.weight,"(16, 2560)",0.9523404365175644,0.07041015475988388,2.4283907413482666,2.312232494354248,0.0,0.0,0.01024587731808424,0.0098964162170887
base_model.model.model.layers.17.self_attn.k_proj.lora_B.weight,"(1024, 16)",0.010314815651186,0.48919677734375,0.3178291916847229,0.01612277887761593,0.0,0.0,0.0019211224280297756,0.00011852672469103709
base_model.model.model.layers.17.self_attn.o_proj.lora_A.weight,"(16, 4096)",0.9642233985227592,0.0608978271484375,2.409977912902832,2.313976526260376,0.0,0.0,0.008069608360528946,0.007834087125957012
base_model.model.model.layers.17.self_attn.o_proj.lora_B.weight,"(2560, 16)",0.025167697527522723,0.48784178495407104,0.46545740962028503,0.028210142627358437,0.0,0.0,0.0017798036569729447,0.00013266777386888862
base_model.model.model.layers.17.self_attn.q_proj.lora_A.weight,"(16, 2560)",0.9463032197053151,0.07680664211511612,2.443084478378296,2.3033151626586914,0.0,0.0,0.010263651609420776,0.009847745299339294
base_model.model.model.layers.17.self_attn.q_proj.lora_B.weight,"(4096, 16)",-0.011067172512545673,0.5034637451171875,0.666159451007843,0.031887590885162354,0.0,0.0,0.001974397338926792,0.00011673926201183349
base_model.model.model.layers.17.self_attn.v_proj.lora_A.weight,"(16, 2560)",0.9700827865430242,0.05319824069738388,2.3914995193481445,2.309981346130371,0.0,0.0,0.010143781080842018,0.009889584966003895
base_model.model.model.layers.17.self_attn.v_proj.lora_B.weight,"(1024, 16)",0.014529567125364929,0.4923095703125,0.23443639278411865,0.017538005486130714,0.0,0.0,0.0014257660368457437,0.0001321876043220982
base_model.model.model.layers.18.mlp.down_proj.lora_A.weight,"(16, 9728)",0.8635495497113194,0.13048674166202545,2.6922354698181152,2.3080883026123047,0.0,0.0,0.005684351548552513,0.005065684672445059
base_model.model.model.layers.18.mlp.down_proj.lora_B.weight,"(2560, 16)",-9.15407169636e-05,0.5001220703125,0.5314279794692993,0.02899852581322193,0.0,0.0,0.002065837848931551,0.00013530331489164382
base_model.model.model.layers.18.mlp.gate_proj.lora_A.weight,"(16, 2560)",0.9645230350470498,0.0599365234375,2.420398712158203,2.3068196773529053,0.0,0.0,0.010250394232571125,0.009862137027084827
base_model.model.model.layers.18.mlp.gate_proj.lora_B.weight,"(9728, 16)",-0.0015997498218678174,0.5022936463356018,1.1351646184921265,0.05061241611838341,0.0,0.0,0.0021736444905400276,0.00011975239613093436
base_model.model.model.layers.18.mlp.up_proj.lora_A.weight,"(16, 2560)",0.9631112199897831,0.06386718899011612,2.420663356781006,2.310180902481079,0.0,0.0,0.010227986611425877,0.009881613776087761
base_model.model.model.layers.18.mlp.up_proj.lora_B.weight,"(9728, 16)",0.0015209027898976533,0.4992804229259491,1.0873335599899292,0.05162884667515755,0.0,0.0,0.002129695611074567,0.00012352365592960268
base_model.model.model.layers.18.self_attn.k_proj.lora_A.weight,"(16, 2560)",0.936305461911845,0.08291015774011612,2.4852280616760254,2.312548875808716,0.0,0.0,0.010429601185023785,0.00990142673254013
base_model.model.model.layers.18.self_attn.k_proj.lora_B.weight,"(1024, 16)",-0.022656197282925516,0.51226806640625,0.3608929514884949,0.015259255655109882,0.0,0.0,0.002196116838604212,0.00011049981549149379
base_model.model.model.layers.18.self_attn.o_proj.lora_A.weight,"(16, 4096)",0.9561113456156737,0.066070556640625,2.4199206829071045,2.3051342964172363,0.0,0.0,0.00808054581284523,0.007801754400134087
base_model.model.model.layers.18.self_attn.o_proj.lora_B.weight,"(2560, 16)",-0.0003097434716857415,0.49785155057907104,0.42524775862693787,0.028195025399327278,0.0,0.0,0.0016271714121103287,0.0001328485959675163
base_model.model.model.layers.18.self_attn.q_proj.lora_A.weight,"(16, 2560)",0.9476876075518995,0.0751953125,2.4385993480682373,2.296454668045044,0.0,0.0,0.010259171947836876,0.009810390882194042
base_model.model.model.layers.18.self_attn.q_proj.lora_B.weight,"(4096, 16)",-0.0009307121205408211,0.4993438720703125,0.7176681160926819,0.030300261452794075,0.0,0.0,0.0021437499672174454,0.00010969035065500066
base_model.model.model.layers.18.self_attn.v_proj.lora_A.weight,"(16, 2560)",0.9594279326870497,0.06027831882238388,2.4168155193328857,2.305542230606079,0.0,0.0,0.010171683505177498,0.009860575199127197
base_model.model.model.layers.18.self_attn.v_proj.lora_B.weight,"(1024, 16)",0.016903442764574145,0.48651123046875,0.2695350646972656,0.017512395977973938,0.0,0.0,0.0016338190762326121,0.0001318216964136809
base_model.model.model.layers.19.mlp.down_proj.lora_A.weight,"(16, 9728)",0.8688304748417247,0.1259508579969406,2.6842823028564453,2.314035177230835,0.0,0.0,0.005676685366779566,0.005078229587525129
base_model.model.model.layers.19.mlp.down_proj.lora_B.weight,"(2560, 16)",0.010880788116517553,0.4982666075229645,0.528049886226654,0.029136870056390762,0.0,0.0,0.002060806844383478,0.00013647924060933292
base_model.model.model.layers.19.mlp.gate_proj.lora_A.weight,"(16, 2560)",0.9623591588769717,0.06271972507238388,2.4263734817504883,2.31221604347229,0.0,0.0,0.01025194488465786,0.009890133515000343
base_model.model.model.layers.19.mlp.gate_proj.lora_B.weight,"(9728, 16)",0.0013714108725259642,0.4984837472438812,1.093816876411438,0.05038600042462349,0.0,0.0,0.002102908678352833,0.00011948121391469613
base_model.model.model.layers.19.mlp.up_proj.lora_A.weight,"(16, 2560)",0.9646356704495997,0.0611572265625,2.422257661819458,2.310420513153076,0.0,0.0,0.01024762261658907,0.00989166833460331
base_model.model.model.layers.19.mlp.up_proj.lora_B.weight,"(9728, 16)",-0.003969097833404946,0.5005910992622375,1.0265915393829346,0.05221760272979736,0.0,0.0,0.0020117759704589844,0.000124968501040712
base_model.model.model.layers.19.self_attn.k_proj.lora_A.weight,"(16, 2560)",0.9495785885689401,0.075439453125,2.4362802505493164,2.3096272945404053,0.0,0.0,0.01025538332760334,0.009867487475275993
base_model.model.model.layers.19.self_attn.k_proj.lora_B.weight,"(1024, 16)",-0.01091102000844878,0.5087890625,0.32406023144721985,0.016096265986561775,0.0,0.0,0.0019494493026286364,0.00011912502668565139
base_model.model.model.layers.19.self_attn.o_proj.lora_A.weight,"(16, 4096)",0.9595751312442478,0.062835693359375,2.415834665298462,2.3101601600646973,0.0,0.0,0.008068015798926353,0.007820590399205685
base_model.model.model.layers.19.self_attn.o_proj.lora_B.weight,"(2560, 16)",-0.0010907811823314354,0.5018066167831421,0.46026793122291565,0.02810802310705185,0.0,0.0,0.0017907328438013792,0.0001318059366894886
base_model.model.model.layers.19.self_attn.q_proj.lora_A.weight,"(16, 2560)",0.9626432226234326,0.065185546875,2.395139217376709,2.3057310581207275,0.0,0.0,0.010129707865417004,0.009863993152976036
base_model.model.model.layers.19.self_attn.q_proj.lora_B.weight,"(4096, 16)",-0.005686136177621174,0.50189208984375,0.5522278547286987,0.03039294295012951,0.0,0.0,0.0016414307756349444,0.0001101005618693307
base_model.model.model.layers.19.self_attn.v_proj.lora_A.weight,"(16, 2560)",0.9565693252274751,0.06706543266773224,2.418010950088501,2.311875343322754,0.0,0.0,0.010211670771241188,0.009905706159770489
base_model.model.model.layers.19.self_attn.v_proj.lora_B.weight,"(1024, 16)",0.03460948108474695,0.484130859375,0.26285436749458313,0.017569640651345253,0.0,0.0,0.001603234326466918,0.00013239166582934558
base_model.model.model.layers.2.mlp.down_proj.lora_A.weight,"(16, 9728)",0.9345313514040486,0.0785040631890297,2.473527193069458,2.3056414127349854,0.0,0.0,0.005315526854246855,0.005058708135038614
base_model.model.model.layers.2.mlp.down_proj.lora_B.weight,"(2560, 16)",0.017348889948867623,0.4961914122104645,0.41539299488067627,0.02613048627972603,0.0,0.0,0.0016294659581035376,0.00011987316247541457
base_model.model.model.layers.2.mlp.gate_proj.lora_A.weight,"(16, 2560)",0.9871926826999022,0.03376464918255806,2.3429336547851562,2.3121442794799805,0.0,0.0,0.009981999173760414,0.009898414835333824
base_model.model.model.layers.2.mlp.gate_proj.lora_B.weight,"(9728, 16)",0.4177149629773716,0.38881322741508484,1.7608067989349365,0.06821787357330322,0.0,0.0,0.0025756829418241978,0.00012812134809792042
base_model.model.model.layers.2.mlp.up_proj.lora_A.weight,"(16, 2560)",0.9799642160985228,0.04350585862994194,2.362091302871704,2.3082289695739746,0.0,0.0,0.010041074827313423,0.009880336001515388
base_model.model.model.layers.2.mlp.up_proj.lora_B.weight,"(9728, 16)",0.43541519697422915,0.36625590920448303,2.6132755279541016,0.09733428806066513,0.0,0.0,0.003687349148094654,0.00017999822739511728
base_model.model.model.layers.2.self_attn.k_proj.lora_A.weight,"(16, 2560)",0.9621464450148216,0.0625,2.4100449085235596,2.308852434158325,0.0,0.0,0.010194703936576843,0.009879499673843384
base_model.model.model.layers.2.self_attn.k_proj.lora_B.weight,"(1024, 16)",0.025793834131298706,0.48785400390625,0.27600592374801636,0.015077110379934311,0.0,0.0,0.0016316118417307734,0.00010677359387045726
base_model.model.model.layers.2.self_attn.o_proj.lora_A.weight,"(16, 4096)",0.9713218495673759,0.0514373779296875,2.383204936981201,2.3081486225128174,0.0,0.0,0.007983122020959854,0.00780035275965929
base_model.model.model.layers.2.self_attn.o_proj.lora_B.weight,"(2560, 16)",0.022924166554710308,0.4919677674770355,0.3941130042076111,0.02652471326291561,0.0,0.0,0.0015283380635082722,0.00012054985563736409
base_model.model.model.layers.2.self_attn.q_proj.lora_A.weight,"(16, 2560)",0.9812267561688633,0.04331054538488388,2.3537724018096924,2.3069136142730713,0.0,0.0,0.009997529909014702,0.00985544454306364
base_model.model.model.layers.2.self_attn.q_proj.lora_B.weight,"(4096, 16)",-0.005027054709997341,0.505706787109375,0.5442348122596741,0.03024756722152233,0.0,0.0,0.0015885975444689393,0.00010665191803127527
base_model.model.model.layers.2.self_attn.v_proj.lora_A.weight,"(16, 2560)",0.9735739904211279,0.05026855319738388,2.362201690673828,2.2991297245025635,0.0,0.0,0.010014369152486324,0.009819995611906052
base_model.model.model.layers.2.self_attn.v_proj.lora_B.weight,"(1024, 16)",0.05178207538573022,0.4820556640625,0.26154598593711853,0.016314223408699036,0.0,0.0,0.0015827736351639032,0.00011784979869844392
base_model.model.model.layers.20.mlp.down_proj.lora_A.weight,"(16, 9728)",0.8516640121662217,0.1375860869884491,2.7375071048736572,2.310457944869995,0.0,0.0,0.005762143526226282,0.005070223938673735
base_model.model.model.layers.20.mlp.down_proj.lora_B.weight,"(2560, 16)",0.003482676842991428,0.498291015625,0.6018847227096558,0.029430270195007324,0.0,0.0,0.0023457456845790148,0.0001380889880238101
base_model.model.model.layers.20.mlp.gate_proj.lora_A.weight,"(16, 2560)",0.960281789410194,0.06352539360523224,2.436081886291504,2.310617208480835,0.0,0.0,0.010290793143212795,0.009894309565424919
base_model.model.model.layers.20.mlp.gate_proj.lora_B.weight,"(9728, 16)",-0.0008793567167596897,0.49923545122146606,1.1175457239151,0.05095525458455086,0.0,0.0,0.002128093270584941,0.000120973949378822
base_model.model.model.layers.20.mlp.up_proj.lora_A.weight,"(16, 2560)",0.9578828208875937,0.06708984076976776,2.4390242099761963,2.3097386360168457,0.0,0.0,0.010295497253537178,0.009880353696644306
base_model.model.model.layers.20.mlp.up_proj.lora_B.weight,"(9728, 16)",-0.0020949150712039717,0.49931254982948303,1.0615123510360718,0.053406957536935806,0.0,0.0,0.002077171579003334,0.00012955465354025364
base_model.model.model.layers.20.self_attn.k_proj.lora_A.weight,"(16, 2560)",0.9402549697493517,0.08378906548023224,2.4578800201416016,2.3128561973571777,0.0,0.0,0.010331792756915092,0.00989909190684557
base_model.model.model.layers.20.self_attn.k_proj.lora_B.weight,"(1024, 16)",-0.002835700077890514,0.49951171875,0.30779194831848145,0.01640123501420021,0.0,0.0,0.0018654006998986006,0.0001211046110256575
base_model.model.model.layers.20.self_attn.o_proj.lora_A.weight,"(16, 4096)",0.9477831651987968,0.0726776123046875,2.4467029571533203,2.3054697513580322,0.0,0.0,0.008126459084451199,0.007787302136421204
base_model.model.model.layers.20.self_attn.o_proj.lora_B.weight,"(2560, 16)",0.002834289930100687,0.4975830018520355,0.46600285172462463,0.02817731909453869,0.0,0.0,0.0017889520386233926,0.00013305924949236214
base_model.model.model.layers.20.self_attn.q_proj.lora_A.weight,"(16, 2560)",0.9544290086756209,0.07136230170726776,2.4284541606903076,2.310974359512329,0.0,0.0,0.010238314978778362,0.009892096742987633
base_model.model.model.layers.20.self_attn.q_proj.lora_B.weight,"(4096, 16)",-0.01588684407591678,0.5113067626953125,0.5666190981864929,0.03116101585328579,0.0,0.0,0.0016815727576613426,0.00011294172145426273
base_model.model.model.layers.20.self_attn.v_proj.lora_A.weight,"(16, 2560)",0.9481054388028111,0.07429198920726776,2.4424588680267334,2.308164119720459,0.0,0.0,0.010275522246956825,0.009885439649224281
base_model.model.model.layers.20.self_attn.v_proj.lora_B.weight,"(1024, 16)",-0.03672261268581868,0.513427734375,0.2964667081832886,0.017441149801015854,0.0,0.0,0.0017947283340618014,0.00013116981426719576
base_model.model.model.layers.21.mlp.down_proj.lora_A.weight,"(16, 9728)",0.8613468759815964,0.13093647360801697,2.711512804031372,2.311640977859497,0.0,0.0,0.005722216796129942,0.005075001623481512
base_model.model.model.layers.21.mlp.down_proj.lora_B.weight,"(2560, 16)",8.502595436054088e-05,0.499755859375,0.5641825199127197,0.030350593850016594,0.0,0.0,0.002196175279095769,0.00014297454617917538
base_model.model.model.layers.21.mlp.gate_proj.lora_A.weight,"(16, 2560)",0.9446779024210162,0.0770263671875,2.4896676540374756,2.3159589767456055,0.0,0.0,0.010468418709933758,0.009915932081639767
base_model.model.model.layers.21.mlp.gate_proj.lora_B.weight,"(9728, 16)",0.0031330682303151005,0.4986315369606018,1.2770317792892456,0.05126522481441498,0.0,0.0,0.0024284184910357,0.00012170171976322308
base_model.model.model.layers.21.mlp.up_proj.lora_A.weight,"(16, 2560)",0.9615525878194134,0.06315918266773224,2.437647581100464,2.3173255920410156,0.0,0.0,0.010301787406206131,0.009915749542415142
base_model.model.model.layers.21.mlp.up_proj.lora_B.weight,"(9728, 16)",-0.0028239997710192083,0.5009315609931946,1.0534113645553589,0.053544752299785614,0.0,0.0,0.0020498197991400957,0.0001294179674005136
base_model.model.model.layers.21.self_attn.k_proj.lora_A.weight,"(16, 2560)",0.9303194137914715,0.08962402492761612,2.480940818786621,2.3067352771759033,0.0,0.0,0.010387999005615711,0.009861482307314873
base_model.model.model.layers.21.self_attn.k_proj.lora_B.weight,"(1024, 16)",0.010998827022428314,0.49285888671875,0.2975476086139679,0.016918107867240906,0.0,0.0,0.00179473462048918,0.00012608322140295058
base_model.model.model.layers.21.self_attn.o_proj.lora_A.weight,"(16, 4096)",0.9574610009906876,0.0670623779296875,2.423834800720215,2.3092591762542725,0.0,0.0,0.008076170459389687,0.007813346572220325
base_model.model.model.layers.21.self_attn.o_proj.lora_B.weight,"(2560, 16)",0.021582202637362866,0.4945312440395355,0.4911559820175171,0.029148196801543236,0.0,0.0,0.0019000567262992263,0.00013833423145115376
base_model.model.model.layers.21.self_attn.q_proj.lora_A.weight,"(16, 2560)",0.9337816019265576,0.0877685546875,2.486237049102783,2.308866024017334,0.0,0.0,0.010420734994113445,0.009879594668745995
base_model.model.model.layers.21.self_attn.q_proj.lora_B.weight,"(4096, 16)",0.0005479662697203994,0.49945068359375,0.701734185218811,0.03267895057797432,0.0,0.0,0.0020695626735687256,0.00012028575292788446
base_model.model.model.layers.21.self_attn.v_proj.lora_A.weight,"(16, 2560)",0.9510181309601213,0.071533203125,2.436553955078125,2.311594247817993,0.0,0.0,0.010278121568262577,0.009897464886307716
base_model.model.model.layers.21.self_attn.v_proj.lora_B.weight,"(1024, 16)",0.033017006027189565,0.473388671875,0.2884696125984192,0.01778455078601837,0.0,0.0,0.0017580483108758926,0.0001344957563560456
base_model.model.model.layers.22.mlp.down_proj.lora_A.weight,"(16, 9728)",0.8607021594865698,0.12998561561107635,2.7154431343078613,2.3150737285614014,0.0,0.0,0.005721087567508221,0.005081830080598593
base_model.model.model.layers.22.mlp.down_proj.lora_B.weight,"(2560, 16)",0.003884977802064573,0.49724119901657104,0.604357123374939,0.030213098973035812,0.0,0.0,0.002335233148187399,0.00014261840260587633
base_model.model.model.layers.22.mlp.gate_proj.lora_A.weight,"(16, 2560)",0.9465530475783561,0.07626952975988388,2.471501111984253,2.303863525390625,0.0,0.0,0.010392277501523495,0.009851986542344093
base_model.model.model.layers.22.mlp.gate_proj.lora_B.weight,"(9728, 16)",-0.0016975448201257924,0.49794408679008484,1.3275814056396484,0.05119851604104042,0.0,0.0,0.002509987447410822,0.0001211182534461841
base_model.model.model.layers.22.mlp.up_proj.lora_A.weight,"(16, 2560)",0.9591101196053229,0.06545410305261612,2.440375566482544,2.3085968494415283,0.0,0.0,0.010298522189259529,0.00986473448574543
base_model.model.model.layers.22.mlp.up_proj.lora_B.weight,"(9728, 16)",-0.0025755465267657987,0.5016704201698303,1.1339329481124878,0.05339416116476059,0.0,0.0,0.002221041126176715,0.00012885918840765953
base_model.model.model.layers.22.self_attn.k_proj.lora_A.weight,"(16, 2560)",0.9436637269729081,0.078857421875,2.456866979598999,2.3081607818603516,0.0,0.0,0.010332533158361912,0.00986944604665041
base_model.model.model.layers.22.self_attn.k_proj.lora_B.weight,"(1024, 16)",0.02534792763934034,0.47906494140625,0.3350409269332886,0.016481876373291016,0.0,0.0,0.001986813498660922,0.00012216319737490267
base_model.model.model.layers.22.self_attn.o_proj.lora_A.weight,"(16, 4096)",0.9422615543009112,0.0775604248046875,2.464198589324951,2.309157609939575,0.0,0.0,0.00818168930709362,0.007806941866874695
base_model.model.model.layers.22.self_attn.o_proj.lora_B.weight,"(2560, 16)",0.01513577157131588,0.4957031309604645,0.4923892915248871,0.02895234525203705,0.0,0.0,0.0019183147232979536,0.00013694756489712745
base_model.model.model.layers.22.self_attn.q_proj.lora_A.weight,"(16, 2560)",0.9437990882131871,0.07954101264476776,2.456547498703003,2.312093734741211,0.0,0.0,0.010331311263144016,0.009899131953716278
base_model.model.model.layers.22.self_attn.q_proj.lora_B.weight,"(4096, 16)",-0.00420707239314767,0.49530029296875,0.6472731828689575,0.03294238820672035,0.0,0.0,0.0019023269414901733,0.00012136184523114935
base_model.model.model.layers.22.self_attn.v_proj.lora_A.weight,"(16, 2560)",0.95362295502057,0.06828613579273224,2.438276529312134,2.314661979675293,0.0,0.0,0.010293244384229183,0.00990266352891922
base_model.model.model.layers.22.self_attn.v_proj.lora_B.weight,"(1024, 16)",0.02774943920660618,0.4862060546875,0.30647915601730347,0.01774900034070015,0.0,0.0,0.0018775356002151966,0.00013416720321401954
base_model.model.model.layers.23.mlp.down_proj.lora_A.weight,"(16, 9728)",0.8613307354504889,0.1285143345594406,2.7044949531555176,2.3127567768096924,0.0,0.0,0.005704605486243963,0.005077461712062359
base_model.model.model.layers.23.mlp.down_proj.lora_B.weight,"(2560, 16)",0.008003058724539972,0.4995361268520355,0.6548842787742615,0.029866812750697136,0.0,0.0,0.002546382136642933,0.0001405023067491129
base_model.model.model.layers.23.mlp.gate_proj.lora_A.weight,"(16, 2560)",0.945912702604758,0.07773437350988388,2.485978603363037,2.311389446258545,0.0,0.0,0.010457485914230347,0.009889017790555954
base_model.model.model.layers.23.mlp.gate_proj.lora_B.weight,"(9728, 16)",-0.00013204669017312026,0.5016832947731018,1.607308030128479,0.0505826398730278,0.0,0.0,0.0030771761666983366,0.00011871554306708276
base_model.model.model.layers.23.mlp.up_proj.lora_A.weight,"(16, 2560)",0.9576688607519843,0.06691894680261612,2.4468932151794434,2.312587022781372,0.0,0.0,0.010332750156521797,0.009896120987832546
base_model.model.model.layers.23.mlp.up_proj.lora_B.weight,"(9728, 16)",-0.004626379605919166,0.5023000836372375,1.2299916744232178,0.05281466618180275,0.0,0.0,0.002405329840257764,0.00012701100786216557
base_model.model.model.layers.23.self_attn.k_proj.lora_A.weight,"(16, 2560)",0.9354737909604708,0.08610840141773224,2.480085611343384,2.3091888427734375,0.0,0.0,0.01038946770131588,0.009882992133498192
base_model.model.model.layers.23.self_attn.k_proj.lora_B.weight,"(1024, 16)",0.021869413308907543,0.485107421875,0.3660513162612915,0.016839532181620598,0.0,0.0,0.0022041648626327515,0.0001241833670064807
base_model.model.model.layers.23.self_attn.o_proj.lora_A.weight,"(16, 4096)",0.945913923265479,0.0733184814453125,2.462689161300659,2.314985752105713,0.0,0.0,0.008189680054783821,0.007837170735001564
base_model.model.model.layers.23.self_attn.o_proj.lora_B.weight,"(2560, 16)",0.006672553002194011,0.4972900450229645,0.5206943154335022,0.028308751061558723,0.0,0.0,0.0020264729391783476,0.00013367024075705558
base_model.model.model.layers.23.self_attn.q_proj.lora_A.weight,"(16, 2560)",0.94043532435519,0.08305664360523224,2.4750142097473145,2.312202215194702,0.0,0.0,0.01038404367864132,0.009893887676298618
base_model.model.model.layers.23.self_attn.q_proj.lora_B.weight,"(4096, 16)",0.0021191854830710367,0.4931182861328125,0.7475314140319824,0.03299563750624657,0.0,0.0,0.002188418060541153,0.00012079003499820828
base_model.model.model.layers.23.self_attn.v_proj.lora_A.weight,"(16, 2560)",0.958518319865503,0.06513671576976776,2.4178600311279297,2.310554265975952,0.0,0.0,0.010210158303380013,0.0098847895860672
base_model.model.model.layers.23.self_attn.v_proj.lora_B.weight,"(1024, 16)",0.027415676021105853,0.48419189453125,0.28709569573402405,0.017584066838026047,0.0,0.0,0.0017575781093910336,0.00013185803254600614
base_model.model.model.layers.24.mlp.down_proj.lora_A.weight,"(16, 9728)",0.8395929235286437,0.13981547951698303,2.7806272506713867,2.3126895427703857,0.0,0.0,0.005826357286423445,0.005076372530311346
base_model.model.model.layers.24.mlp.down_proj.lora_B.weight,"(2560, 16)",-0.0034922366001704543,0.49931639432907104,0.6668611764907837,0.029531817883253098,0.0,0.0,0.002585131675004959,0.00013802965986542404
base_model.model.model.layers.24.mlp.gate_proj.lora_A.weight,"(16, 2560)",0.9256814974419225,0.09130859375,2.556166410446167,2.3085744380950928,0.0,0.0,0.010693591088056564,0.009883252903819084
base_model.model.model.layers.24.mlp.gate_proj.lora_B.weight,"(9728, 16)",-0.0032903866292377524,0.49931254982948303,1.7917519807815552,0.05093976855278015,0.0,0.0,0.0034694538917392492,0.00011981136776739731
base_model.model.model.layers.24.mlp.up_proj.lora_A.weight,"(16, 2560)",0.9495476241493092,0.0728759765625,2.473646640777588,2.306678533554077,0.0,0.0,0.010410998947918415,0.009865849278867245
base_model.model.model.layers.24.mlp.up_proj.lora_B.weight,"(9728, 16)",-0.0001424929645313085,0.49920976161956787,1.3154312372207642,0.05372047796845436,0.0,0.0,0.002573448931798339,0.00012896812404505908
base_model.model.model.layers.24.self_attn.k_proj.lora_A.weight,"(16, 2560)",0.9405029907583503,0.0806884765625,2.465855836868286,2.309027910232544,0.0,0.0,0.010355750098824501,0.009877918288111687
base_model.model.model.layers.24.self_attn.k_proj.lora_B.weight,"(1024, 16)",0.061014191365714926,0.47894287109375,0.3617997169494629,0.01685522124171257,0.0,0.0,0.002129385946318507,0.0001235752715729177
base_model.model.model.layers.24.self_attn.o_proj.lora_A.weight,"(16, 4096)",0.9351667456251216,0.0788726806640625,2.5013132095336914,2.3061232566833496,0.0,0.0,0.008289876393973827,0.0077932425774633884
base_model.model.model.layers.24.self_attn.o_proj.lora_B.weight,"(2560, 16)",0.014995456039696233,0.49335938692092896,0.7343886494636536,0.027748575434088707,0.0,0.0,0.002831480000168085,0.0001303210883634165
base_model.model.model.layers.24.self_attn.q_proj.lora_A.weight,"(16, 2560)",0.931392196470559,0.09135742485523224,2.487828016281128,2.3059961795806885,0.0,0.0,0.01043819822371006,0.009854880161583424
base_model.model.model.layers.24.self_attn.q_proj.lora_B.weight,"(4096, 16)",0.014239744781470689,0.4969482421875,0.8244116902351379,0.03221646696329117,0.0,0.0,0.0023823794908821583,0.00011667964281514287
base_model.model.model.layers.24.self_attn.v_proj.lora_A.weight,"(16, 2560)",0.9488671062100084,0.07463379204273224,2.4433934688568115,2.3078694343566895,0.0,0.0,0.010280412621796131,0.009868999011814594
base_model.model.model.layers.24.self_attn.v_proj.lora_B.weight,"(1024, 16)",-0.005654822981478938,0.49871826171875,0.3544253408908844,0.017194755375385284,0.0,0.0,0.00212664227001369,0.00012801178672816604
base_model.model.model.layers.25.mlp.down_proj.lora_A.weight,"(16, 9728)",0.808064184544485,0.15833161771297455,2.892876386642456,2.3091211318969727,0.0,0.0,0.006029830779880285,0.005065707955509424
base_model.model.model.layers.25.mlp.down_proj.lora_B.weight,"(2560, 16)",-0.0005582320164468749,0.4970459043979645,0.6994521021842957,0.029993249103426933,0.0,0.0,0.002718011848628521,0.00014075088256504387
base_model.model.model.layers.25.mlp.gate_proj.lora_A.weight,"(16, 2560)",0.9114945225547944,0.10261230170726776,2.5997955799102783,2.3061254024505615,0.0,0.0,0.01082591898739338,0.009858181700110435
base_model.model.model.layers.25.mlp.gate_proj.lora_B.weight,"(9728, 16)",-0.0014135022201457834,0.5025249123573303,1.8689699172973633,0.051307085901498795,0.0,0.0,0.0036139730364084244,0.00012073581456206739
base_model.model.model.layers.25.mlp.up_proj.lora_A.weight,"(16, 2560)",0.946604829604089,0.07338867336511612,2.4952166080474854,2.3138351440429688,0.0,0.0,0.010502452030777931,0.009906859137117863
base_model.model.model.layers.25.mlp.up_proj.lora_B.weight,"(9728, 16)",-0.0001896434185831971,0.5003276467323303,1.5080639123916626,0.05315103381872177,0.0,0.0,0.0029366305097937584,0.0001272684457944706
base_model.model.model.layers.25.self_attn.k_proj.lora_A.weight,"(16, 2560)",0.9531777606772814,0.07099609076976776,2.4312798976898193,2.3113903999328613,0.0,0.0,0.010250108316540718,0.009887747466564178
base_model.model.model.layers.25.self_attn.k_proj.lora_B.weight,"(1024, 16)",-0.01855711153219395,0.506103515625,0.353442907333374,0.016916941851377487,0.0,0.0,0.002151732798665762,0.00012462533777579665
base_model.model.model.layers.25.self_attn.o_proj.lora_A.weight,"(16, 4096)",0.9365259564254826,0.0815582275390625,2.494688034057617,2.309508800506592,0.0,0.0,0.008268015459179878,0.007813476957380772
base_model.model.model.layers.25.self_attn.o_proj.lora_B.weight,"(2560, 16)",0.002980948690932567,0.5001220703125,0.6670153141021729,0.028301957994699478,0.0,0.0,0.0025884374044835567,0.00013323866005521268
base_model.model.model.layers.25.self_attn.q_proj.lora_A.weight,"(16, 2560)",0.9437016101899227,0.07993163913488388,2.458752155303955,2.310271739959717,0.0,0.0,0.010330649092793465,0.009883588179945946
base_model.model.model.layers.25.self_attn.q_proj.lora_B.weight,"(4096, 16)",-0.0028619083183344402,0.50177001953125,0.6974138021469116,0.03301338851451874,0.0,0.0,0.0020780107006430626,0.00012026624608552083
base_model.model.model.layers.25.self_attn.v_proj.lora_A.weight,"(16, 2560)",0.9511675977360784,0.07004394382238388,2.442100763320923,2.309424638748169,0.0,0.0,0.010297288186848164,0.009879745543003082
base_model.model.model.layers.25.self_attn.v_proj.lora_B.weight,"(1024, 16)",-0.024992535966141927,0.50799560546875,0.37222179770469666,0.017691023647785187,0.0,0.0,0.0022145535331219435,0.0001331751118414104
base_model.model.model.layers.26.mlp.down_proj.lora_A.weight,"(16, 9728)",0.8068985680522276,0.15861430764198303,2.9070937633514404,2.3097379207611084,0.0,0.0,0.006051100790500641,0.0050662243738770485
base_model.model.model.layers.26.mlp.down_proj.lora_B.weight,"(2560, 16)",-0.006310067697547795,0.5038086175918579,0.6960156559944153,0.029869254678487778,0.0,0.0,0.002685295417904854,0.00014059215027373284
base_model.model.model.layers.26.mlp.gate_proj.lora_A.weight,"(16, 2560)",0.9144626218283048,0.09858398139476776,2.6084184646606445,2.309709310531616,0.0,0.0,0.010857200250029564,0.009876547381281853
base_model.model.model.layers.26.mlp.gate_proj.lora_B.weight,"(9728, 16)",0.00036052495696803973,0.5006167888641357,1.9433435201644897,0.05078202113509178,0.0,0.0,0.0037823065649718046,0.0001188662790809758
base_model.model.model.layers.26.mlp.up_proj.lora_A.weight,"(16, 2560)",0.9404197348645866,0.07937011867761612,2.524254322052002,2.3134613037109375,0.0,0.0,0.010603481903672218,0.009905785322189331
base_model.model.model.layers.26.mlp.up_proj.lora_B.weight,"(9728, 16)",0.0015545112745232435,0.49816250801086426,1.4608961343765259,0.05310782045125961,0.0,0.0,0.002863425062969327,0.00012726301793009043
base_model.model.model.layers.26.self_attn.k_proj.lora_A.weight,"(16, 2560)",0.9380454220649639,0.08381347358226776,2.4758565425872803,2.313873767852783,0.0,0.0,0.010390928946435452,0.00990241952240467
base_model.model.model.layers.26.self_attn.k_proj.lora_B.weight,"(1024, 16)",0.014355986334775563,0.4921875,0.40368154644966125,0.015861136838793755,0.0,0.0,0.0023953786585479975,0.00011524899309733883
base_model.model.model.layers.26.self_attn.o_proj.lora_A.weight,"(16, 4096)",0.949821512803384,0.06903076171875,2.449136972427368,2.3027589321136475,0.0,0.0,0.00814901478588581,0.007783858105540276
base_model.model.model.layers.26.self_attn.o_proj.lora_B.weight,"(2560, 16)",0.0136776962266478,0.4946533143520355,0.5186624526977539,0.027050618082284927,0.0,0.0,0.0020348387770354748,0.00012621536734513938
base_model.model.model.layers.26.self_attn.q_proj.lora_A.weight,"(16, 2560)",0.9389589388007855,0.08063964545726776,2.468339681625366,2.312265157699585,0.0,0.0,0.010367246344685555,0.009900329634547234
base_model.model.model.layers.26.self_attn.q_proj.lora_B.weight,"(4096, 16)",0.0032017304437580154,0.4971923828125,0.740226149559021,0.029108989983797073,0.0,0.0,0.0021963403560221195,0.0001020956551656127
base_model.model.model.layers.26.self_attn.v_proj.lora_A.weight,"(16, 2560)",0.9622981326800895,0.06186523288488388,2.4053795337677,2.309908151626587,0.0,0.0,0.010180014185607433,0.00988380890339613
base_model.model.model.layers.26.self_attn.v_proj.lora_B.weight,"(1024, 16)",-0.0012538171383942422,0.5032958984375,0.31915247440338135,0.0174108874052763,0.0,0.0,0.0019549888093024492,0.00013061433855909854
base_model.model.model.layers.27.mlp.down_proj.lora_A.weight,"(16, 9728)",0.7939212960495465,0.1637219935655594,2.95481276512146,2.3102245330810547,0.0,0.0,0.006125445477664471,0.005068945232778788
base_model.model.model.layers.27.mlp.down_proj.lora_B.weight,"(2560, 16)",0.005135190322691398,0.495849609375,0.7012530565261841,0.029166098684072495,0.0,0.0,0.0027157613076269627,0.00013591469905804843
base_model.model.model.layers.27.mlp.gate_proj.lora_A.weight,"(16, 2560)",0.8950464529138492,0.11228027194738388,2.6720385551452637,2.3163623809814453,0.0,0.0,0.011110739782452583,0.009924894198775291
base_model.model.model.layers.27.mlp.gate_proj.lora_B.weight,"(9728, 16)",-0.0021367048632379795,0.4990940988063812,1.9080730676651,0.05115722864866257,0.0,0.0,0.0037024468183517456,0.00012015918036922812
base_model.model.model.layers.27.mlp.up_proj.lora_A.weight,"(16, 2560)",0.9421436532235118,0.08144531399011612,2.5149946212768555,2.3081486225128174,0.0,0.0,0.010554781183600426,0.009866726584732533
base_model.model.model.layers.27.mlp.up_proj.lora_B.weight,"(9728, 16)",-0.0019730793113677796,0.5021715760231018,1.6252264976501465,0.05222850292921066,0.0,0.0,0.0032084984704852104,0.0001247011823579669
base_model.model.model.layers.27.self_attn.k_proj.lora_A.weight,"(16, 2560)",0.9418337666030148,0.081298828125,2.456613540649414,2.3020317554473877,0.0,0.0,0.010305888950824738,0.009840885177254677
base_model.model.model.layers.27.self_attn.k_proj.lora_B.weight,"(1024, 16)",-0.006333233014283909,0.49627685546875,0.3892194926738739,0.016465481370687485,0.0,0.0,0.002347495872527361,0.00012128262460464612
base_model.model.model.layers.27.self_attn.o_proj.lora_A.weight,"(16, 4096)",0.9453837273907574,0.0730438232421875,2.448995590209961,2.2995986938476562,0.0,0.0,0.008131943643093109,0.007772616110742092
base_model.model.model.layers.27.self_attn.o_proj.lora_B.weight,"(2560, 16)",-0.0018910321971593858,0.500781238079071,0.6129313707351685,0.027459414675831795,0.0,0.0,0.002380643505603075,0.000128746876725927
base_model.model.model.layers.27.self_attn.q_proj.lora_A.weight,"(16, 2560)",0.9268113734538109,0.09423828125,2.5100972652435303,2.3085429668426514,0.0,0.0,0.010497300885617733,0.009867181070148945
base_model.model.model.layers.27.self_attn.q_proj.lora_B.weight,"(4096, 16)",0.010483459950727851,0.49041748046875,0.7866499423980713,0.03214942663908005,0.0,0.0,0.002328216563910246,0.0001172957563539967
base_model.model.model.layers.27.self_attn.v_proj.lora_A.weight,"(16, 2560)",0.9376126310513345,0.08085937798023224,2.4727087020874023,2.3083913326263428,0.0,0.0,0.010382246226072311,0.009873239323496819
base_model.model.model.layers.27.self_attn.v_proj.lora_B.weight,"(1024, 16)",0.016295139187821175,0.48809814453125,0.39201822876930237,0.017605535686016083,0.0,0.0,0.0023067768197506666,0.0001325853809248656
base_model.model.model.layers.28.mlp.down_proj.lora_A.weight,"(16, 9728)",0.7836915512270879,0.17145097255706787,2.988520860671997,2.31451153755188,0.0,0.0,0.006192898843437433,0.005079822614789009
base_model.model.model.layers.28.mlp.down_proj.lora_B.weight,"(2560, 16)",0.0017260312090145128,0.4986572265625,0.7035419940948486,0.029454054310917854,0.0,0.0,0.002732088789343834,0.0001380173780489713
base_model.model.model.layers.28.mlp.gate_proj.lora_A.weight,"(16, 2560)",0.9111152597742319,0.101318359375,2.6195082664489746,2.3138082027435303,0.0,0.0,0.01093211304396391,0.009908536449074745
base_model.model.model.layers.28.mlp.gate_proj.lora_B.weight,"(9728, 16)",-8.661849186277558e-05,0.4990234375,2.037095308303833,0.04935627803206444,0.0,0.0,0.0039966232143342495,0.00011454836203483865
base_model.model.model.layers.28.mlp.up_proj.lora_A.weight,"(16, 2560)",0.9440235529259234,0.07670898735523224,2.5242762565612793,2.3113741874694824,0.0,0.0,0.010618803091347218,0.009895497933030128
base_model.model.model.layers.28.mlp.up_proj.lora_B.weight,"(9728, 16)",0.0031691832483520216,0.4990234375,1.5318570137023926,0.050107236951589584,0.0,0.0,0.003017871407791972,0.00011842429375974461
base_model.model.model.layers.28.self_attn.k_proj.lora_A.weight,"(16, 2560)",0.9200330823585068,0.09438476711511612,2.512627124786377,2.3026235103607178,0.0,0.0,0.01049602497369051,0.0098551781848073
base_model.model.model.layers.28.self_attn.k_proj.lora_B.weight,"(1024, 16)",-0.022158847575660764,0.50604248046875,0.40532252192497253,0.016495270654559135,0.0,0.0,0.00244221743196249,0.00012106479698559269
base_model.model.model.layers.28.self_attn.o_proj.lora_A.weight,"(16, 4096)",0.9303351161113985,0.0852203369140625,2.529268980026245,2.3141486644744873,0.0,0.0,0.00837682280689478,0.007831818424165249
base_model.model.model.layers.28.self_attn.o_proj.lora_B.weight,"(2560, 16)",0.0007416650542444883,0.5010986328125,0.7037573456764221,0.027609750628471375,0.0,0.0,0.0027057079132646322,0.00012869269994553179
base_model.model.model.layers.28.self_attn.q_proj.lora_A.weight,"(16, 2560)",0.9272857278937318,0.0919189453125,2.5183017253875732,2.315769672393799,0.0,0.0,0.010532764717936516,0.009911179542541504
base_model.model.model.layers.28.self_attn.q_proj.lora_B.weight,"(4096, 16)",-0.010799221399678066,0.5077362060546875,0.8542866110801697,0.0322907380759716,0.0,0.0,0.0025204187259078026,0.00011745411029551178
base_model.model.model.layers.28.self_attn.v_proj.lora_A.weight,"(16, 2560)",0.9397006225680088,0.07917480170726776,2.471757650375366,2.3073737621307373,0.0,0.0,0.010372323915362358,0.009858399629592896
base_model.model.model.layers.28.self_attn.v_proj.lora_B.weight,"(1024, 16)",0.004494465851562109,0.49932861328125,0.33099332451820374,0.01762307807803154,0.0,0.0,0.0020311037078499794,0.00013251510972622782
base_model.model.model.layers.29.mlp.down_proj.lora_A.weight,"(16, 9728)",0.7746042769522009,0.17396946251392365,3.0242412090301514,2.3139469623565674,0.0,0.0,0.006256689317524433,0.005077809561043978
base_model.model.model.layers.29.mlp.down_proj.lora_B.weight,"(2560, 16)",0.007783801337466126,0.4971679747104645,0.7052850723266602,0.02903159335255623,0.0,0.0,0.0027401847764849663,0.00013550091534852982
base_model.model.model.layers.29.mlp.gate_proj.lora_A.weight,"(16, 2560)",0.900329764486707,0.10466308891773224,2.644852638244629,2.310765504837036,0.0,0.0,0.010985709726810455,0.009893490001559258
base_model.model.model.layers.29.mlp.gate_proj.lora_B.weight,"(9728, 16)",0.006924168403203791,0.4969482421875,2.071514368057251,0.04690362513065338,0.0,0.0,0.004077333956956863,0.00010710714559536427
base_model.model.model.layers.29.mlp.up_proj.lora_A.weight,"(16, 2560)",0.9340798967391073,0.08291015774011612,2.5290355682373047,2.300938367843628,0.0,0.0,0.01059896219521761,0.00982983224093914
base_model.model.model.layers.29.mlp.up_proj.lora_B.weight,"(9728, 16)",-0.0006580897269938593,0.5003405213356018,1.5979809761047363,0.0507504940032959,0.0,0.0,0.0031285963486880064,0.00012025978503515944
base_model.model.model.layers.29.self_attn.k_proj.lora_A.weight,"(16, 2560)",0.951988287260353,0.07187499850988388,2.427738904953003,2.3076958656311035,0.0,0.0,0.010224212892353535,0.009876726195216179
base_model.model.model.layers.29.self_attn.k_proj.lora_B.weight,"(1024, 16)",0.022889850800490222,0.493408203125,0.37893229722976685,0.01618276908993721,0.0,0.0,0.0022392296232283115,0.00011782335786847398
base_model.model.model.layers.29.self_attn.o_proj.lora_A.weight,"(16, 4096)",0.9459949251184094,0.0746002197265625,2.4573285579681396,2.306746482849121,0.0,0.0,0.008171799592673779,0.007803541608154774
base_model.model.model.layers.29.self_attn.o_proj.lora_B.weight,"(2560, 16)",0.0016532200998812462,0.49821776151657104,0.48333799839019775,0.027708526700735092,0.0,0.0,0.0018926586490124464,0.00012960052117705345
base_model.model.model.layers.29.self_attn.q_proj.lora_A.weight,"(16, 2560)",0.9331468540739034,0.08723144233226776,2.4893906116485596,2.3118395805358887,0.0,0.0,0.010449795052409172,0.009887166321277618
base_model.model.model.layers.29.self_attn.q_proj.lora_B.weight,"(4096, 16)",0.00833529747311674,0.4935302734375,0.7946605086326599,0.030472025275230408,0.0,0.0,0.002322262851521373,0.00010861810733331367
base_model.model.model.layers.29.self_attn.v_proj.lora_A.weight,"(16, 2560)",0.9603974621766046,0.06110839918255806,2.407459020614624,2.309033155441284,0.0,0.0,0.01015945989638567,0.009878342971205711
base_model.model.model.layers.29.self_attn.v_proj.lora_B.weight,"(1024, 16)",0.051459500974771706,0.47381591796875,0.3235531449317932,0.017403768375515938,0.0,0.0,0.001979513093829155,0.00013058254262432456
base_model.model.model.layers.3.mlp.down_proj.lora_A.weight,"(16, 9728)",0.9232164421521631,0.08684339374303818,2.512098789215088,2.3117053508758545,0.0,0.0,0.005384389311075211,0.005075734108686447
base_model.model.model.layers.3.mlp.down_proj.lora_B.weight,"(2560, 16)",-0.0002629493505456729,0.4991699159145355,0.44553202390670776,0.025867054238915443,0.0,0.0,0.0017415002221241593,0.00011784966045524925
base_model.model.model.layers.3.mlp.gate_proj.lora_A.weight,"(16, 2560)",0.9689426915504744,0.05642089992761612,2.389364242553711,2.310340404510498,0.0,0.0,0.010111531242728233,0.009884548373520374
base_model.model.model.layers.3.mlp.gate_proj.lora_B.weight,"(9728, 16)",-0.018118461215998614,0.5347707867622375,1.0568718910217285,0.04555264115333557,0.0,0.0,0.0019093044102191925,9.303443221142516e-05
base_model.model.model.layers.3.mlp.up_proj.lora_A.weight,"(16, 2560)",0.9737051252372112,0.049072265625,2.3788161277770996,2.311061143875122,0.0,0.0,0.010105637833476067,0.009905101731419563
base_model.model.model.layers.3.mlp.up_proj.lora_B.weight,"(9728, 16)",-0.04136266444004532,0.5264314413070679,0.9393021464347839,0.050029855221509933,0.0,0.0,0.0016974195605143905,0.00011083546269219369
base_model.model.model.layers.3.self_attn.k_proj.lora_A.weight,"(16, 2560)",0.9557287902822094,0.07023926079273224,2.418708562850952,2.3065731525421143,0.0,0.0,0.01020217128098011,0.009861337020993233
base_model.model.model.layers.3.self_attn.k_proj.lora_B.weight,"(1024, 16)",-0.011931758858354829,0.50244140625,0.30810603499412537,0.014207610860466957,0.0,0.0,0.0018608581740409136,9.930710803018883e-05
base_model.model.model.layers.3.self_attn.o_proj.lora_A.weight,"(16, 4096)",0.9570652641149539,0.0647430419921875,2.4250853061676025,2.3122758865356445,0.0,0.0,0.008090977557003498,0.007825459353625774
base_model.model.model.layers.3.self_attn.o_proj.lora_B.weight,"(2560, 16)",-0.0021234154420229695,0.501513659954071,0.4742734730243683,0.02618270367383957,0.0,0.0,0.0018420778214931488,0.00011944377183681354
base_model.model.model.layers.3.self_attn.q_proj.lora_A.weight,"(16, 2560)",0.9533553836241331,0.07233886420726776,2.4368841648101807,2.3168909549713135,0.0,0.0,0.010281841270625591,0.009918208234012127
base_model.model.model.layers.3.self_attn.q_proj.lora_B.weight,"(4096, 16)",0.010699475490067568,0.495635986328125,0.6790260076522827,0.028356101363897324,0.0,0.0,0.0020361305214464664,9.822691208682954e-05
base_model.model.model.layers.3.self_attn.v_proj.lora_A.weight,"(16, 2560)",0.9662442208116995,0.05751953274011612,2.4000377655029297,2.3193790912628174,0.0,0.0,0.010172240436077118,0.009939027018845081
base_model.model.model.layers.3.self_attn.v_proj.lora_B.weight,"(1024, 16)",0.04979520363018995,0.489013671875,0.27169540524482727,0.016392424702644348,0.0,0.0,0.001666253199800849,0.00011956214439123869
base_model.model.model.layers.30.mlp.down_proj.lora_A.weight,"(16, 9728)",0.7654142630805791,0.17881374061107635,3.0511748790740967,2.3083531856536865,0.0,0.0,0.006300475914031267,0.0050674802623689175
base_model.model.model.layers.30.mlp.down_proj.lora_B.weight,"(2560, 16)",0.0016482996886290674,0.4969726502895355,0.6670867204666138,0.02824886329472065,0.0,0.0,0.0025986135005950928,0.000131742941448465
base_model.model.model.layers.30.mlp.gate_proj.lora_A.weight,"(16, 2560)",0.9144320526203298,0.10048828274011612,2.622235059738159,2.315863847732544,0.0,0.0,0.010936402715742588,0.009912820532917976
base_model.model.model.layers.30.mlp.gate_proj.lora_B.weight,"(9728, 16)",-0.007672549487995533,0.5025956034660339,2.0276079177856445,0.04585560783743858,0.0,0.0,0.003996029496192932,0.0001043899028445594
base_model.model.model.layers.30.mlp.up_proj.lora_A.weight,"(16, 2560)",0.9288930586470117,0.08925781399011612,2.5541369915008545,2.3078927993774414,0.0,0.0,0.010690772905945778,0.009880254045128822
base_model.model.model.layers.30.mlp.up_proj.lora_B.weight,"(9728, 16)",0.004299043179100609,0.49816250801086426,1.7849984169006348,0.04991768300533295,0.0,0.0,0.003465631976723671,0.00011807882401626557
base_model.model.model.layers.30.self_attn.k_proj.lora_A.weight,"(16, 2560)",0.9254564152107708,0.09377441555261612,2.51126766204834,2.3176205158233643,0.0,0.0,0.010511169210076332,0.009925009682774544
base_model.model.model.layers.30.self_attn.k_proj.lora_B.weight,"(1024, 16)",0.006187456652402743,0.49603271484375,0.38883817195892334,0.016407078132033348,0.0,0.0,0.0022937257308512926,0.00012027327466057613
base_model.model.model.layers.30.self_attn.o_proj.lora_A.weight,"(16, 4096)",0.9147368777314852,0.0939178466796875,2.552299737930298,2.3018715381622314,0.0,0.0,0.008407915011048317,0.007774920668452978
base_model.model.model.layers.30.self_attn.o_proj.lora_B.weight,"(2560, 16)",-0.008497205501320595,0.5021728277206421,0.7340996265411377,0.0276125967502594,0.0,0.0,0.0028239134699106216,0.00012949593656230718
base_model.model.model.layers.30.self_attn.q_proj.lora_A.weight,"(16, 2560)",0.9248190924082783,0.09438476711511612,2.5121164321899414,2.306983232498169,0.0,0.0,0.010508964769542217,0.00986527930945158
base_model.model.model.layers.30.self_attn.q_proj.lora_B.weight,"(4096, 16)",-0.016033964469426933,0.5107574462890625,0.908701479434967,0.031964462250471115,0.0,0.0,0.002667434513568878,0.00011538242688402534
base_model.model.model.layers.30.self_attn.v_proj.lora_A.weight,"(16, 2560)",0.9420006367490652,0.07810058444738388,2.4642465114593506,2.310178279876709,0.0,0.0,0.010355365462601185,0.009895707480609417
base_model.model.model.layers.30.self_attn.v_proj.lora_B.weight,"(1024, 16)",-0.008803235238469221,0.49749755859375,0.3036072552204132,0.017623238265514374,0.0,0.0,0.0018690353026613593,0.00013297103578224778
base_model.model.model.layers.31.mlp.down_proj.lora_A.weight,"(16, 9728)",0.7452327085421634,0.1871080845594406,3.146152973175049,2.3118703365325928,0.0,0.0,0.006474833935499191,0.005073672626167536
base_model.model.model.layers.31.mlp.down_proj.lora_B.weight,"(2560, 16)",0.004620970189351783,0.49641114473342896,0.6883106231689453,0.02914169244468212,0.0,0.0,0.002674441086128354,0.00013696514361072332
base_model.model.model.layers.31.mlp.gate_proj.lora_A.weight,"(16, 2560)",0.9055313345035343,0.10588379204273224,2.6168689727783203,2.3045670986175537,0.0,0.0,0.010881519876420498,0.009848917834460735
base_model.model.model.layers.31.mlp.gate_proj.lora_B.weight,"(9728, 16)",3.153698849023341e-05,0.49908769130706787,2.034729242324829,0.043260347098112106,0.0,0.0,0.003975436091423035,9.71202680375427e-05
base_model.model.model.layers.31.mlp.up_proj.lora_A.weight,"(16, 2560)",0.9390918288119313,0.08181152492761612,2.5423755645751953,2.3151252269744873,0.0,0.0,0.010674675926566124,0.00991145707666874
base_model.model.model.layers.31.mlp.up_proj.lora_B.weight,"(9728, 16)",0.0006501065021775698,0.4999036192893982,1.6627843379974365,0.04861316457390785,0.0,0.0,0.003216246608644724,0.00011419662041589618
base_model.model.model.layers.31.self_attn.k_proj.lora_A.weight,"(16, 2560)",0.9275117897945836,0.09101562201976776,2.4946255683898926,2.3081376552581787,0.0,0.0,0.010441815480589867,0.00987361278384924
base_model.model.model.layers.31.self_attn.k_proj.lora_B.weight,"(1024, 16)",0.009646817391010365,0.49005126953125,0.4101112484931946,0.01618812419474125,0.0,0.0,0.0023965630680322647,0.00011781175271607935
base_model.model.model.layers.31.self_attn.o_proj.lora_A.weight,"(16, 4096)",0.9245972886391141,0.0887908935546875,2.5269594192504883,2.310560464859009,0.0,0.0,0.008350354619324207,0.007815631106495857
base_model.model.model.layers.31.self_attn.o_proj.lora_B.weight,"(2560, 16)",0.007330684904822869,0.4952148497104645,0.69516921043396,0.02726619690656662,0.0,0.0,0.002687484724447131,0.00012807098391931504
base_model.model.model.layers.31.self_attn.q_proj.lora_A.weight,"(16, 2560)",0.9268651538726999,0.09072265774011612,2.51409649848938,2.309410572052002,0.0,0.0,0.01052250899374485,0.009880234487354755
base_model.model.model.layers.31.self_attn.q_proj.lora_B.weight,"(4096, 16)",-0.01737329513092124,0.5037078857421875,0.8119200468063354,0.03055455908179283,0.0,0.0,0.002352097537368536,0.0001088886201614514
base_model.model.model.layers.31.self_attn.v_proj.lora_A.weight,"(16, 2560)",0.9361388503453824,0.08464355766773224,2.479621171951294,2.306271553039551,0.0,0.0,0.010384411551058292,0.009860622696578503
base_model.model.model.layers.31.self_attn.v_proj.lora_B.weight,"(1024, 16)",-0.004908812392399277,0.48974609375,0.37165722250938416,0.01759740710258484,0.0,0.0,0.00224699848331511,0.0001329915103269741
base_model.model.model.layers.32.mlp.down_proj.lora_A.weight,"(16, 9728)",0.7503442748702478,0.1820325404405594,3.1157732009887695,2.3121001720428467,0.0,0.0,0.006413924973458052,0.0050749341025948524
base_model.model.model.layers.32.mlp.down_proj.lora_B.weight,"(2560, 16)",0.0027667939713001523,0.502856433391571,0.6557206511497498,0.029220903292298317,0.0,0.0,0.0025584413670003414,0.00013699335977435112
base_model.model.model.layers.32.mlp.gate_proj.lora_A.weight,"(16, 2560)",0.9246145547374423,0.09538574516773224,2.5708229541778564,2.3058650493621826,0.0,0.0,0.010740759782493114,0.009876738302409649
base_model.model.model.layers.32.mlp.gate_proj.lora_B.weight,"(9728, 16)",0.0009349237303170448,0.5003212094306946,1.8816336393356323,0.0437367744743824,0.0,0.0,0.0036600891035050154,9.832768409978598e-05
base_model.model.model.layers.32.mlp.up_proj.lora_A.weight,"(16, 2560)",0.9248965759401677,0.09218750149011612,2.5640838146209717,2.312864065170288,0.0,0.0,0.01073723565787077,0.00990317016839981
base_model.model.model.layers.32.mlp.up_proj.lora_B.weight,"(9728, 16)",0.003679448380758257,0.5000899434089661,1.8206191062927246,0.04802858456969261,0.0,0.0,0.003519009565934539,0.0001119688677135855
base_model.model.model.layers.32.self_attn.k_proj.lora_A.weight,"(16, 2560)",0.9175434713753318,0.09809570014476776,2.533327102661133,2.315866470336914,0.0,0.0,0.010574118234217167,0.009898615069687366
base_model.model.model.layers.32.self_attn.k_proj.lora_B.weight,"(1024, 16)",0.047904354500357155,0.47918701171875,0.4225405156612396,0.016304459422826767,0.0,0.0,0.0024515080731362104,0.0001199779799208045
base_model.model.model.layers.32.self_attn.o_proj.lora_A.weight,"(16, 4096)",0.9142295492424236,0.0943450927734375,2.5610296726226807,2.3100178241729736,0.0,0.0,0.008433744311332703,0.007812948897480965
base_model.model.model.layers.32.self_attn.o_proj.lora_B.weight,"(2560, 16)",0.003763448632806224,0.499267578125,0.7898347973823547,0.028622981160879135,0.0,0.0,0.0030315350741147995,0.0001354427367914468
base_model.model.model.layers.32.self_attn.q_proj.lora_A.weight,"(16, 2560)",0.9133969056055822,0.10063476860523224,2.5573365688323975,2.313152551651001,0.0,0.0,0.010675625875592232,0.009912433102726936
base_model.model.model.layers.32.self_attn.q_proj.lora_B.weight,"(4096, 16)",-0.0013286213000021335,0.496612548828125,0.9112079739570618,0.03133102506399155,0.0,0.0,0.0026333448477089405,0.00011200356675544754
base_model.model.model.layers.32.self_attn.v_proj.lora_A.weight,"(16, 2560)",0.8971151678262073,0.10969237983226776,2.606204032897949,2.318467378616333,0.0,0.0,0.010809597559273243,0.009932180866599083
base_model.model.model.layers.32.self_attn.v_proj.lora_B.weight,"(1024, 16)",0.02636502507050675,0.4801025390625,0.4447779059410095,0.017775697633624077,0.0,0.0,0.002637062221765518,0.0001348754740320146
base_model.model.model.layers.33.mlp.down_proj.lora_A.weight,"(16, 9728)",0.7789370088940122,0.16650390625,2.9882519245147705,2.3096799850463867,0.0,0.0,0.006168843246996403,0.0050684199668467045
base_model.model.model.layers.33.mlp.down_proj.lora_B.weight,"(2560, 16)",0.011799983599143896,0.49287110567092896,0.6729122996330261,0.029729513451457024,0.0,0.0,0.0026295699644833803,0.00014093259233050048
base_model.model.model.layers.33.mlp.gate_proj.lora_A.weight,"(16, 2560)",0.9059279522496388,0.1021728515625,2.62138032913208,2.310147762298584,0.0,0.0,0.01092030480504036,0.00989164225757122
base_model.model.model.layers.33.mlp.gate_proj.lora_B.weight,"(9728, 16)",0.007385120210221894,0.4983745515346527,2.0430452823638916,0.0432293526828289,0.0,0.0,0.0039394572377204895,9.752580808708444e-05
base_model.model.model.layers.33.mlp.up_proj.lora_A.weight,"(16, 2560)",0.9348487599990638,0.08237304538488388,2.542422294616699,2.323756217956543,0.0,0.0,0.010685527697205544,0.009973552078008652
base_model.model.model.layers.33.mlp.up_proj.lora_B.weight,"(9728, 16)",-0.003260169601500904,0.5000642538070679,1.7568230628967285,0.046655017882585526,0.0,0.0,0.003351736580953002,0.00010776511044241488
base_model.model.model.layers.33.self_attn.k_proj.lora_A.weight,"(16, 2560)",0.9224260603346589,0.09375,2.520504951477051,2.3112807273864746,0.0,0.0,0.01054300181567669,0.009894863702356815
base_model.model.model.layers.33.self_attn.k_proj.lora_B.weight,"(1024, 16)",0.04634822303778395,0.469482421875,0.3487577736377716,0.015257179737091064,0.0,0.0,0.002006284426897764,0.00011052536137867719
base_model.model.model.layers.33.self_attn.o_proj.lora_A.weight,"(16, 4096)",0.9131392382313273,0.0881195068359375,2.5615572929382324,2.309734344482422,0.0,0.0,0.008429357782006264,0.007812624797224998
base_model.model.model.layers.33.self_attn.o_proj.lora_B.weight,"(2560, 16)",0.010534042634581589,0.4946044981479645,0.9026315212249756,0.027120785787701607,0.0,0.0,0.003471849951893091,0.0001266031467821449
base_model.model.model.layers.33.self_attn.q_proj.lora_A.weight,"(16, 2560)",0.9177909916089824,0.09689941257238388,2.5262932777404785,2.3047168254852295,0.0,0.0,0.010525574907660484,0.00985852163285017
base_model.model.model.layers.33.self_attn.q_proj.lora_B.weight,"(4096, 16)",0.0015172914170332634,0.4994964599609375,0.8275042772293091,0.02713335119187832,0.0,0.0,0.0023605062160640955,9.407395555172116e-05
base_model.model.model.layers.33.self_attn.v_proj.lora_A.weight,"(16, 2560)",0.8682339695433813,0.12502440810203552,2.682922124862671,2.3126206398010254,0.0,0.0,0.011048572137951851,0.009893002919852734
base_model.model.model.layers.33.self_attn.v_proj.lora_B.weight,"(1024, 16)",0.012866824281430657,0.49224853515625,0.41555914282798767,0.01737087219953537,0.0,0.0,0.0024249758571386337,0.00013078906340524554
base_model.model.model.layers.34.mlp.down_proj.lora_A.weight,"(16, 9728)",0.7400025036521466,0.17594186961650848,3.1383256912231445,2.308546304702759,0.0,0.0,0.006404438521713018,0.005065564997494221
base_model.model.model.layers.34.mlp.down_proj.lora_B.weight,"(2560, 16)",-0.011827618756833164,0.5040527582168579,0.7315508127212524,0.030435897409915924,0.0,0.0,0.0027883448638021946,0.00014459570229519159
base_model.model.model.layers.34.mlp.gate_proj.lora_A.weight,"(16, 2560)",0.8905896669316131,0.11223144829273224,2.658735990524292,2.311678409576416,0.0,0.0,0.01102303247898817,0.009892354719340801
base_model.model.model.layers.34.mlp.gate_proj.lora_B.weight,"(9728, 16)",-0.0059338848093222225,0.49886924028396606,1.9283459186553955,0.044757358729839325,0.0,0.0,0.003637115703895688,0.0001022013821057044
base_model.model.model.layers.34.mlp.up_proj.lora_A.weight,"(16, 2560)",0.8950521856146191,0.10986328125,2.6196086406707764,2.30521821975708,0.0,0.0,0.010841971263289452,0.009849815629422665
base_model.model.model.layers.34.mlp.up_proj.lora_B.weight,"(9728, 16)",-0.0005543871993949573,0.5000963807106018,1.6184347867965698,0.04522290080785751,0.0,0.0,0.002984494436532259,0.00010365480557084084
base_model.model.model.layers.34.self_attn.k_proj.lora_A.weight,"(16, 2560)",0.9215026268020498,0.09453125298023224,2.518646717071533,2.310603618621826,0.0,0.0,0.01051077526062727,0.009875504299998283
base_model.model.model.layers.34.self_attn.k_proj.lora_B.weight,"(1024, 16)",-0.0033096785635242315,0.49835205078125,0.41470175981521606,0.016996340826153755,0.0,0.0,0.002429128857329488,0.00012631485878955573
base_model.model.model.layers.34.self_attn.o_proj.lora_A.weight,"(16, 4096)",0.8993543292058719,0.101959228515625,2.602674722671509,2.3115580081939697,0.0,0.0,0.008527310565114021,0.007819457910954952
base_model.model.model.layers.34.self_attn.o_proj.lora_B.weight,"(2560, 16)",0.027326400811566176,0.4881835877895355,0.6537946462631226,0.028923435136675835,0.0,0.0,0.002555505372583866,0.00013719456910621375
base_model.model.model.layers.34.self_attn.q_proj.lora_A.weight,"(16, 2560)",0.9469446583091402,0.076171875,2.4490952491760254,2.3058040142059326,0.0,0.0,0.010304464027285576,0.009853372350335121
base_model.model.model.layers.34.self_attn.q_proj.lora_B.weight,"(4096, 16)",0.009693414032197157,0.488189697265625,0.9761556386947632,0.03273312374949455,0.0,0.0,0.002853963291272521,0.00011895701754838228
base_model.model.model.layers.34.self_attn.v_proj.lora_A.weight,"(16, 2560)",0.9266480811603611,0.08586426079273224,2.509530544281006,2.3135290145874023,0.0,0.0,0.010492952540516853,0.009902839548885822
base_model.model.model.layers.34.self_attn.v_proj.lora_B.weight,"(1024, 16)",0.05014717110772532,0.47393798828125,0.399349182844162,0.017863405868411064,0.0,0.0,0.0024164970964193344,0.00013588751608040184
base_model.model.model.layers.35.mlp.down_proj.lora_A.weight,"(16, 9728)",0.5966708550778942,0.1409655064344406,3.890392303466797,2.3100666999816895,0.0,0.0,0.005994169507175684,0.0050667510367929935
base_model.model.model.layers.35.mlp.down_proj.lora_B.weight,"(2560, 16)",0.04603352638531167,0.4720458984375,0.4010204076766968,0.02871239185333252,0.0,0.0,0.001633228501304984,0.00013606557331513613
base_model.model.model.layers.35.mlp.gate_proj.lora_A.weight,"(16, 2560)",0.8971690316524126,0.10915527492761612,2.6092214584350586,2.3056998252868652,0.0,0.0,0.01081872172653675,0.009870229288935661
base_model.model.model.layers.35.mlp.gate_proj.lora_B.weight,"(9728, 16)",0.0004860388918682472,0.49978798627853394,1.6962941884994507,0.044319137930870056,0.0,0.0,0.0030533322133123875,9.828450856730342e-05
base_model.model.model.layers.35.mlp.up_proj.lora_A.weight,"(16, 2560)",0.9253695797019283,0.09221191704273224,2.5135679244995117,2.3067963123321533,0.0,0.0,0.010500491596758366,0.009863593615591526
base_model.model.model.layers.35.mlp.up_proj.lora_B.weight,"(9728, 16)",0.008358701947198998,0.4938707947731018,1.5795156955718994,0.05207383260130882,0.0,0.0,0.0023715875577181578,0.00010797892173286527
base_model.model.model.layers.35.self_attn.k_proj.lora_A.weight,"(16, 2560)",0.9030300307166218,0.10603027045726776,2.5869359970092773,2.3178186416625977,0.0,0.0,0.01075761765241623,0.0099381934851408
base_model.model.model.layers.35.self_attn.k_proj.lora_B.weight,"(1024, 16)",0.011238122435580698,0.49713134765625,0.5445335507392883,0.016946932300925255,0.0,0.0,0.0033070023637264967,0.0001259943237528205
base_model.model.model.layers.35.self_attn.o_proj.lora_A.weight,"(16, 4096)",0.8574776737094315,0.1288604736328125,2.724179983139038,2.310358762741089,0.0,0.0,0.008835714310407639,0.0078113265335559845
base_model.model.model.layers.35.self_attn.o_proj.lora_B.weight,"(2560, 16)",-0.00042228167608984144,0.4961181581020355,0.7309169769287109,0.028034543618559837,0.0,0.0,0.002821809146553278,0.00013115792535245419
base_model.model.model.layers.35.self_attn.q_proj.lora_A.weight,"(16, 2560)",0.9305121373855022,0.09116210788488388,2.5050575733184814,2.30853533744812,0.0,0.0,0.010473708622157574,0.009863841347396374
base_model.model.model.layers.35.self_attn.q_proj.lora_B.weight,"(4096, 16)",-0.018639741701669026,0.4992523193359375,0.9850462675094604,0.03288540989160538,0.0,0.0,0.0029263184405863285,0.00011937214731005952
base_model.model.model.layers.35.self_attn.v_proj.lora_A.weight,"(16, 2560)",0.8458397949795299,0.13359375298023224,2.7402379512786865,2.2987120151519775,0.0,0.0,0.011193029582500458,0.009828357957303524
base_model.model.model.layers.35.self_attn.v_proj.lora_B.weight,"(1024, 16)",-0.012962164280614707,0.49603271484375,0.4817950129508972,0.017788561061024666,0.0,0.0,0.0028573032468557358,0.0001343472395092249
base_model.model.model.layers.4.mlp.down_proj.lora_A.weight,"(16, 9728)",0.9191670743196281,0.09514417499303818,2.52632737159729,2.3104171752929688,0.0,0.0,0.005408588796854019,0.005068138707429171
base_model.model.model.layers.4.mlp.down_proj.lora_B.weight,"(2560, 16)",0.008783842670507535,0.49995118379592896,0.45533832907676697,0.027122344821691513,0.0,0.0,0.0017891119932755828,0.00012408655311446637
base_model.model.model.layers.4.mlp.gate_proj.lora_A.weight,"(16, 2560)",0.9651173488141028,0.06005859375,2.4069488048553467,2.3149054050445557,0.0,0.0,0.010183108039200306,0.009909604676067829
base_model.model.model.layers.4.mlp.gate_proj.lora_B.weight,"(9728, 16)",0.0006483816705570342,0.4986058175563812,1.0005855560302734,0.042353156954050064,0.0,0.0,0.0019523811060935259,9.363034041598439e-05
base_model.model.model.layers.4.mlp.up_proj.lora_A.weight,"(16, 2560)",0.9767266738661096,0.04665527492761612,2.368452787399292,2.3046445846557617,0.0,0.0,0.010055872611701488,0.009861190803349018
base_model.model.model.layers.4.mlp.up_proj.lora_B.weight,"(9728, 16)",-0.0023376733556698683,0.5008223652839661,0.7814939022064209,0.04837052896618843,0.0,0.0,0.0015455437824130058,0.00011284601350780576
base_model.model.model.layers.4.self_attn.k_proj.lora_A.weight,"(16, 2560)",0.9515151283098495,0.07370605319738388,2.43243145942688,2.303938150405884,0.0,0.0,0.0102622639387846,0.00985920149832964
base_model.model.model.layers.4.self_attn.k_proj.lora_B.weight,"(1024, 16)",-0.0034876132320282864,0.49847412109375,0.369078665971756,0.01439246442168951,0.0,0.0,0.0022059313487261534,0.0001015545567497611
base_model.model.model.layers.4.self_attn.o_proj.lora_A.weight,"(16, 4096)",0.9564256637858208,0.0660247802734375,2.4207074642181396,2.308896780014038,0.0,0.0,0.008074338547885418,0.007802456617355347
base_model.model.model.layers.4.self_attn.o_proj.lora_B.weight,"(2560, 16)",0.00908664216026464,0.4984374940395355,0.46945080161094666,0.026513846591114998,0.0,0.0,0.001816977164708078,0.00012120010796934366
base_model.model.model.layers.4.self_attn.q_proj.lora_A.weight,"(16, 2560)",0.9544994750809361,0.0721435546875,2.435401678085327,2.3112854957580566,0.0,0.0,0.010261657647788525,0.00989247765392065
base_model.model.model.layers.4.self_attn.q_proj.lora_B.weight,"(4096, 16)",0.009425300639433734,0.498992919921875,0.7377407550811768,0.02824234962463379,0.0,0.0,0.0022034370340406895,9.859752026386559e-05
base_model.model.model.layers.4.self_attn.v_proj.lora_A.weight,"(16, 2560)",0.9727885987257792,0.052001953125,2.3856804370880127,2.314725160598755,0.0,0.0,0.010127512738108635,0.009916037321090698
base_model.model.model.layers.4.self_attn.v_proj.lora_B.weight,"(1024, 16)",0.02859289808162103,0.48638916015625,0.27972176671028137,0.01642967201769352,0.0,0.0,0.0017017167992889881,0.00011942670971620828
base_model.model.model.layers.5.mlp.down_proj.lora_A.weight,"(16, 9728)",0.912558716837821,0.10009765625,2.541043281555176,2.3083302974700928,0.0,0.0,0.0054293409921228886,0.005063151940703392
base_model.model.model.layers.5.mlp.down_proj.lora_B.weight,"(2560, 16)",-0.006204548634315784,0.4997802674770355,0.4598853290081024,0.027472510933876038,0.0,0.0,0.0017879726365208626,0.000125527149066329
base_model.model.model.layers.5.mlp.gate_proj.lora_A.weight,"(16, 2560)",0.9820862868256126,0.041748046875,2.3686883449554443,2.3137590885162354,0.0,0.0,0.010079583153128624,0.009913017973303795
base_model.model.model.layers.5.mlp.gate_proj.lora_B.weight,"(9728, 16)",0.006439154444522981,0.49802759289741516,0.9331119656562805,0.04529889300465584,0.0,0.0,0.001838349155150354,0.00010300845315214247
base_model.model.model.layers.5.mlp.up_proj.lora_A.weight,"(16, 2560)",0.9753779756606296,0.05129394680261612,2.3775389194488525,2.306061267852783,0.0,0.0,0.010069454088807106,0.009844760410487652
base_model.model.model.layers.5.mlp.up_proj.lora_B.weight,"(9728, 16)",0.006189775999192207,0.4976421296596527,0.8317657113075256,0.04985576868057251,0.0,0.0,0.0016428242670372128,0.00011661072494462132
base_model.model.model.layers.5.self_attn.k_proj.lora_A.weight,"(16, 2560)",0.9631332409254767,0.06318359076976776,2.387951612472534,2.3003554344177246,0.0,0.0,0.010096906684339046,0.009836538694798946
base_model.model.model.layers.5.self_attn.k_proj.lora_B.weight,"(1024, 16)",-0.009968796857373412,0.50262451171875,0.27492380142211914,0.016338730230927467,0.0,0.0,0.0016609092708677053,0.00011711901606759056
base_model.model.model.layers.5.self_attn.o_proj.lora_A.weight,"(16, 4096)",0.9578110442118662,0.0628814697265625,2.42141056060791,2.311225414276123,0.0,0.0,0.008074482902884483,0.007817447185516357
base_model.model.model.layers.5.self_attn.o_proj.lora_B.weight,"(2560, 16)",0.005215579101637808,0.49934083223342896,0.4682660400867462,0.02682260423898697,0.0,0.0,0.001817373908124864,0.00012283696560189128
base_model.model.model.layers.5.self_attn.q_proj.lora_A.weight,"(16, 2560)",0.9618058114157878,0.06562499701976776,2.412504196166992,2.3121392726898193,0.0,0.0,0.01018664799630642,0.009892934933304787
base_model.model.model.layers.5.self_attn.q_proj.lora_B.weight,"(4096, 16)",0.0006020203769375445,0.4998779296875,0.5769653916358948,0.02996983751654625,0.0,0.0,0.001747335190884769,0.00010432633280288428
base_model.model.model.layers.5.self_attn.v_proj.lora_A.weight,"(16, 2560)",0.9626663773098587,0.06340332329273224,2.408892869949341,2.311342239379883,0.0,0.0,0.010175799019634724,0.009889583103358746
base_model.model.model.layers.5.self_attn.v_proj.lora_B.weight,"(1024, 16)",0.05540069402887329,0.47418212890625,0.2820143699645996,0.01684246025979519,0.0,0.0,0.0017142328433692455,0.00012370482727419585
base_model.model.model.layers.6.mlp.down_proj.lora_A.weight,"(16, 9728)",0.19101240385281684,0.1502813994884491,12.254615783691406,2.3134708404541016,0.0,0.0,0.011215012520551682,0.005078800022602081
base_model.model.model.layers.6.mlp.down_proj.lora_B.weight,"(2560, 16)",0.017059602451233297,0.4852539002895355,0.5327426195144653,0.028215324506163597,0.0,0.0,0.002062148181721568,0.00013350546942092478
base_model.model.model.layers.6.mlp.gate_proj.lora_A.weight,"(16, 2560)",0.9770040906335338,0.04865722730755806,2.3760459423065186,2.3093371391296387,0.0,0.0,0.010098153725266457,0.009880551137030125
base_model.model.model.layers.6.mlp.gate_proj.lora_B.weight,"(9728, 16)",-0.0007480394579343642,0.49795693159103394,0.9770094156265259,0.04711446911096573,0.0,0.0,0.0019185477867722511,0.0001084422692656517
base_model.model.model.layers.6.mlp.up_proj.lora_A.weight,"(16, 2560)",0.9772807924201773,0.04648437350988388,2.3736071586608887,2.306307792663574,0.0,0.0,0.010078351944684982,0.009871131740510464
base_model.model.model.layers.6.mlp.up_proj.lora_B.weight,"(9728, 16)",0.00786511724729186,0.49653705954551697,0.8329004645347595,0.051080044358968735,0.0,0.0,0.0016608763253316283,0.00012013500236207619
base_model.model.model.layers.6.self_attn.k_proj.lora_A.weight,"(16, 2560)",0.9441950878903023,0.07731933891773224,2.4557929039001465,2.3091678619384766,0.0,0.0,0.010322563350200653,0.009880256839096546
base_model.model.model.layers.6.self_attn.k_proj.lora_B.weight,"(1024, 16)",-0.007739787221234417,0.5078125,0.3338085114955902,0.016151828691363335,0.0,0.0,0.0020220153965055943,0.0001162008338724263
base_model.model.model.layers.6.self_attn.o_proj.lora_A.weight,"(16, 4096)",0.9583939252546221,0.066986083984375,2.4245452880859375,2.3131911754608154,0.0,0.0,0.00808253325521946,0.007822091691195965
base_model.model.model.layers.6.self_attn.o_proj.lora_B.weight,"(2560, 16)",0.0069202852819680504,0.4988037049770355,0.4533669054508209,0.027383262291550636,0.0,0.0,0.0017600655555725098,0.00012572079140227288
base_model.model.model.layers.6.self_attn.q_proj.lora_A.weight,"(16, 2560)",0.9662728192050085,0.06013183668255806,2.403263807296753,2.3122644424438477,0.0,0.0,0.010178866796195507,0.009902691468596458
base_model.model.model.layers.6.self_attn.q_proj.lora_B.weight,"(4096, 16)",-0.012433314003356613,0.5030670166015625,0.6188121438026428,0.0318327359855175,0.0,0.0,0.001864454708993435,0.00011388584243832156
base_model.model.model.layers.6.self_attn.v_proj.lora_A.weight,"(16, 2560)",0.9613964949136944,0.064697265625,2.411482572555542,2.310177803039551,0.0,0.0,0.010185398161411285,0.00988198071718216
base_model.model.model.layers.6.self_attn.v_proj.lora_B.weight,"(1024, 16)",0.011502541754550169,0.498046875,0.2881118655204773,0.016960954293608665,0.0,0.0,0.0017590407514944673,0.00012398486433085054
base_model.model.model.layers.7.mlp.down_proj.lora_A.weight,"(16, 9728)",0.8894842759063407,0.11543996632099152,2.605562686920166,2.309755802154541,0.0,0.0,0.005534689407795668,0.005068594589829445
base_model.model.model.layers.7.mlp.down_proj.lora_B.weight,"(2560, 16)",-0.003285757189441121,0.4991210997104645,0.4965342581272125,0.02882079966366291,0.0,0.0,0.0019312880467623472,0.00013221036351751536
base_model.model.model.layers.7.mlp.gate_proj.lora_A.weight,"(16, 2560)",0.971581401654679,0.05410156399011612,2.3908910751342773,2.308084487915039,0.0,0.0,0.01013670302927494,0.009878741577267647
base_model.model.model.layers.7.mlp.gate_proj.lora_B.weight,"(9728, 16)",-0.0009241919373810443,0.5002184510231018,1.030301570892334,0.04777996987104416,0.0,0.0,0.0020098555833101273,0.00011044186976505443
base_model.model.model.layers.7.mlp.up_proj.lora_A.weight,"(16, 2560)",0.968659833014545,0.05375976487994194,2.388998031616211,2.3033602237701416,0.0,0.0,0.010113706812262535,0.00985126942396164
base_model.model.model.layers.7.mlp.up_proj.lora_B.weight,"(9728, 16)",0.011801258757316161,0.4949115812778473,0.933115541934967,0.05095122382044792,0.0,0.0,0.0018456552643328905,0.00012002015137113631
base_model.model.model.layers.7.self_attn.k_proj.lora_A.weight,"(16, 2560)",0.9456519729491177,0.08066406100988388,2.446997880935669,2.308206558227539,0.0,0.0,0.010290898382663727,0.00987025536596775
base_model.model.model.layers.7.self_attn.k_proj.lora_B.weight,"(1024, 16)",0.046530347170973714,0.480224609375,0.29597488045692444,0.01568029634654522,0.0,0.0,0.001782209612429142,0.00011234353587497026
base_model.model.model.layers.7.self_attn.o_proj.lora_A.weight,"(16, 4096)",0.9503657061599313,0.0721893310546875,2.4395196437835693,2.310353994369507,0.0,0.0,0.008114464581012726,0.007810317911207676
base_model.model.model.layers.7.self_attn.o_proj.lora_B.weight,"(2560, 16)",0.009811200349130125,0.4979492127895355,0.49139848351478577,0.02758975513279438,0.0,0.0,0.0019093680894002318,0.00012671166041400284
base_model.model.model.layers.7.self_attn.q_proj.lora_A.weight,"(16, 2560)",0.9489021693317872,0.07429198920726776,2.4442524909973145,2.308756113052368,0.0,0.0,0.010286020115017891,0.009872134774923325
base_model.model.model.layers.7.self_attn.q_proj.lora_B.weight,"(4096, 16)",0.036008634960032246,0.48419189453125,0.6617760062217712,0.03053399547934532,0.0,0.0,0.0019404439954087138,0.0001086534684873186
base_model.model.model.layers.7.self_attn.v_proj.lora_A.weight,"(16, 2560)",0.9567673662409625,0.07058105617761612,2.4202516078948975,2.3097245693206787,0.0,0.0,0.010226471349596977,0.009882748126983643
base_model.model.model.layers.7.self_attn.v_proj.lora_B.weight,"(1024, 16)",0.03977272831635757,0.47967529296875,0.3014971911907196,0.016817348077893257,0.0,0.0,0.0018397006206214428,0.00012293596228118986
base_model.model.model.layers.8.mlp.down_proj.lora_A.weight,"(16, 9728)",0.9129871019108539,0.09920461475849152,2.5409154891967773,2.3132009506225586,0.0,0.0,0.0054330965504050255,0.005078580230474472
base_model.model.model.layers.8.mlp.down_proj.lora_B.weight,"(2560, 16)",0.0010028679604189793,0.5013672113418579,0.4117080867290497,0.028511999174952507,0.0,0.0,0.0015999488532543182,0.0001307243073824793
base_model.model.model.layers.8.mlp.gate_proj.lora_A.weight,"(16, 2560)",0.9765510033502909,0.04995117336511612,2.3821451663970947,2.3048174381256104,0.0,0.0,0.010102777741849422,0.009850037284195423
base_model.model.model.layers.8.mlp.gate_proj.lora_B.weight,"(9728, 16)",0.0014742805982826698,0.49964022636413574,1.0145559310913086,0.049320243299007416,0.0,0.0,0.001966197742149234,0.00011509921750985086
base_model.model.model.layers.8.mlp.up_proj.lora_A.weight,"(16, 2560)",0.9815463115034484,0.0433349609375,2.3647985458374023,2.307771682739258,0.0,0.0,0.010042634792625904,0.00986480712890625
base_model.model.model.layers.8.mlp.up_proj.lora_B.weight,"(9728, 16)",0.004173541646128736,0.4990362823009491,0.8154531717300415,0.05120654031634331,0.0,0.0,0.0016199987148866057,0.00012067912757629529
base_model.model.model.layers.8.self_attn.k_proj.lora_A.weight,"(16, 2560)",0.9527991309690356,0.07221679389476776,2.4478671550750732,2.3199069499969482,0.0,0.0,0.010335197672247887,0.009935518726706505
base_model.model.model.layers.8.self_attn.k_proj.lora_B.weight,"(1024, 16)",-0.0019664151308521425,0.5025634765625,0.2985135316848755,0.01549423299729824,0.0,0.0,0.0017944920109584928,0.00011142686707898974
base_model.model.model.layers.8.self_attn.o_proj.lora_A.weight,"(16, 4096)",0.9661511736381077,0.0570068359375,2.396761894226074,2.310945510864258,0.0,0.0,0.008012361824512482,0.007817747071385384
base_model.model.model.layers.8.self_attn.o_proj.lora_B.weight,"(2560, 16)",0.020772503766471915,0.4929443299770355,0.389067679643631,0.02699916437268257,0.0,0.0,0.001512753195129335,0.00012394919758662581
base_model.model.model.layers.8.self_attn.q_proj.lora_A.weight,"(16, 2560)",0.9590523112333367,0.06794433295726776,2.4063832759857178,2.3058862686157227,0.0,0.0,0.010159679688513279,0.009859031066298485
base_model.model.model.layers.8.self_attn.q_proj.lora_B.weight,"(4096, 16)",0.005983703971579076,0.5015716552734375,0.5805023908615112,0.030889462679624557,0.0,0.0,0.0017234431579709053,0.00011016680218745023
base_model.model.model.layers.8.self_attn.v_proj.lora_A.weight,"(16, 2560)",0.9627791782866998,0.06228027492761612,2.402841806411743,2.3097312450408936,0.0,0.0,0.010158124379813671,0.009881521575152874
base_model.model.model.layers.8.self_attn.v_proj.lora_B.weight,"(1024, 16)",0.054186097093586044,0.4830322265625,0.258827805519104,0.017074869945645332,0.0,0.0,0.0015981746837496758,0.00012589106336236
base_model.model.model.layers.9.mlp.down_proj.lora_A.weight,"(16, 9728)",0.913949474786617,0.09858141094446182,2.5379323959350586,2.309248685836792,0.0,0.0,0.00542442686855793,0.0050667361356318
base_model.model.model.layers.9.mlp.down_proj.lora_B.weight,"(2560, 16)",-0.00863029929614055,0.501513659954071,0.44333192706108093,0.028504060581326485,0.0,0.0,0.0017353743314743042,0.0001319374714512378
base_model.model.model.layers.9.mlp.gate_proj.lora_A.weight,"(16, 2560)",0.9764163955322199,0.04938964918255806,2.3902342319488525,2.311314105987549,0.0,0.0,0.010152353905141354,0.009887929074466228
base_model.model.model.layers.9.mlp.gate_proj.lora_B.weight,"(9728, 16)",0.005427682881929285,0.49619653820991516,1.011084794998169,0.04780939221382141,0.0,0.0,0.0019585811533033848,0.0001104507246054709
base_model.model.model.layers.9.mlp.up_proj.lora_A.weight,"(16, 2560)",0.977756427134133,0.04958496242761612,2.377375602722168,2.3120250701904297,0.0,0.0,0.01010768674314022,0.009896295145154
base_model.model.model.layers.9.mlp.up_proj.lora_B.weight,"(9728, 16)",0.006604668876739375,0.49786698818206787,0.8353359699249268,0.051309630274772644,0.0,0.0,0.001665799063630402,0.00012136677105445415
base_model.model.model.layers.9.self_attn.k_proj.lora_A.weight,"(16, 2560)",0.9591188948230098,0.06723632663488388,2.4123876094818115,2.307563066482544,0.0,0.0,0.010177930817008018,0.009874043054878712
base_model.model.model.layers.9.self_attn.k_proj.lora_B.weight,"(1024, 16)",-0.029102699895116227,0.51678466796875,0.2843415141105652,0.015673600137233734,0.0,0.0,0.001650333753786981,0.00011271989205852151
base_model.model.model.layers.9.self_attn.o_proj.lora_A.weight,"(16, 4096)",0.9655348389223711,0.058624267578125,2.3929691314697266,2.311947822570801,0.0,0.0,0.008001811802387238,0.007817204110324383
base_model.model.model.layers.9.self_attn.o_proj.lora_B.weight,"(2560, 16)",0.0032531123507714295,0.4963134825229645,0.3640632927417755,0.026707835495471954,0.0,0.0,0.001417549909092486,0.00012396497186273336
base_model.model.model.layers.9.self_attn.q_proj.lora_A.weight,"(16, 2560)",0.9689927361817553,0.056396484375,2.3985536098480225,2.3173980712890625,0.0,0.0,0.010179589502513409,0.009935438632965088
base_model.model.model.layers.9.self_attn.q_proj.lora_B.weight,"(4096, 16)",-0.0002036545152220017,0.5034942626953125,0.6031798720359802,0.03144855052232742,0.0,0.0,0.0017502638511359692,0.00011175042891409248
base_model.model.model.layers.9.self_attn.v_proj.lora_A.weight,"(16, 2560)",0.9691753401333405,0.05571288987994194,2.38249135017395,2.3076767921447754,0.0,0.0,0.010092521086335182,0.009876389987766743
base_model.model.model.layers.9.self_attn.v_proj.lora_B.weight,"(1024, 16)",0.04511914744897641,0.4801025390625,0.22947296500205994,0.01675422117114067,0.0,0.0,0.001408920856192708,0.00012336124200373888
